,col0,col1,col2,col3,col4,col5,col6,col7
0,access_crm_segmentation_user,crm.segmentation user,model_crm_segmentation,base.group_sale_salesman,1,0,0,0
1,access_crm_segmentation_line_user,crm.segmentation.line user,model_crm_segmentation_line,base.group_sale_salesman,1,0,0,0
2,access_crm_segmentation,crm.segmentation,model_crm_segmentation,base.group_sale_manager,1,1,1,1
3,access_crm_segmentation_line,crm.segmentation.line,model_crm_segmentation_line,base.group_sale_manager,1,1,1,1
4,access_crm_tracking_medium_user,crm.tracking.medium user,model_crm_tracking_medium,base.group_sale_salesman,1,0,0,0
5,access_crm_tracking_medium_manager,crm.tracking.medium manager,model_crm_tracking_medium,base.group_sale_manager,1,1,1,1
6,access_crm_tracking_source_user,crm.tracking.source user,model_crm_tracking_source,base.group_sale_salesman,1,0,0,0
7,access_crm_tracking_source_manager,crm.tracking.source manager,model_crm_tracking_source,base.group_sale_manager,1,1,1,1
8,access_crm_case_categ,crm.case.categ,model_crm_case_categ,base.group_sale_salesman,1,1,1,0
9,access_crm_lead_manager,crm.lead.manager,model_crm_lead,base.group_sale_manager,1,1,1,1
10,access_crm_phonecall_manager,crm.phonecall.manager,model_crm_phonecall,base.group_sale_manager,1,1,1,1
11,access_crm_case_categ,crm.case.categ,model_crm_case_categ,base.group_user,1,0,0,0
12,access_crm_lead,crm.lead,model_crm_lead,base.group_sale_salesman,1,1,1,0
13,access_crm_phonecall,crm.phonecall,model_crm_phonecall,base.group_sale_salesman,1,1,1,0
14,access_crm_case_stage,crm.case.stage,model_crm_case_stage,,1,0,0,0
15,access_crm_case_stage_manager,crm.case.stage,model_crm_case_stage,base.group_sale_manager,1,1,1,1
16,access_crm_tracking_campaign_user,crm_tracking_campaign user,model_crm_tracking_campaign,base.group_sale_salesman,1,1,1,0
17,access_crm_tracking_campaign_manager,crm_tracking_campaign manager,model_crm_tracking_campaign,base.group_sale_manager,1,1,1,1
18,access_crm_phonecall_report_user,crm.phonecall.report.user,model_crm_phonecall_report,base.group_sale_salesman,1,0,0,0
19,access_crm_phonecall_report_manager,crm.phonecall.report,model_crm_phonecall_report,base.group_sale_manager,1,1,1,1
20,access_res_partner_manager,res.partner.crm.manager,base.model_res_partner,base.group_sale_manager,1,0,0,0
21,access_res_partner_category_manager,res.partner.category.crm.manager,base.model_res_partner_category,base.group_sale_manager,1,0,0,0
22,access_res_partner,res.partner.crm.user,base.model_res_partner,base.group_sale_salesman,1,1,1,0
23,access_res_partner_category,res.partner.category.crm.user,base.model_res_partner_category,base.group_sale_salesman,1,1,1,0
24,mail_mailgate_thread,mail.thread,mail.model_mail_thread,base.group_sale_salesman,1,1,1,1
25,access_crm_case_categ_manager,crm.case.categ manager,model_crm_case_categ,base.group_sale_manager,1,1,1,1
26,access_base_action_rule_manager,base.action.rule manager,base_action_rule.model_base_action_rule,base.group_sale_manager,1,1,1,1
27,access_crm_lead_report_user,crm.lead.report user,model_crm_lead_report,base.group_sale_salesman,1,1,1,1
28,access_res_partner_bank_type_crm_user,res.partner.bank.type.crm.user,base.model_res_partner_bank_type,base.group_sale_salesman,1,0,0,0
29,access_crm_lead_partner_manager,crm.lead.partner.manager,model_crm_lead,base.group_partner_manager,1,0,0,0
30,access_crm_phonecall_partner_manager,crm.phonecall.partner.manager,model_crm_phonecall,base.group_partner_manager,1,1,1,1
31,access_crm_payment_mode_user,crm.payment.mode,model_crm_payment_mode,base.group_sale_salesman,1,0,0,0
32,access_crm_payment_mode,crm.payment.mode,model_crm_payment_mode,base.group_sale_manager,1,1,1,1
