,col0,col1,col2,col3,col4,col5,col6,col7,col8,col9,col10,col11,col12
0,"commons-io-2.6-src (17 Apr, 2019 3:40:16 PM)/commons-io-2.6-src/src/main/java",org.apache.commons.io.monitor,FileEntry,50,123,9,15,16,29,18,14,10,10
1,"commons-io-2.6-src (17 Apr, 2019 3:40:16 PM)/commons-io-2.6-src/src/main/java",org.apache.commons.io.monitor,FileAlterationMonitor,5,179,1,25,2,51,1,24,0,12
2,"commons-io-2.6-src (17 Apr, 2019 3:40:16 PM)/commons-io-2.6-src/src/main/java",org.apache.commons.io.monitor,FileAlterationObserver,48,514,10,60,10,113,11,47,3,20
3,"commons-io-2.6-src (17 Apr, 2019 3:40:16 PM)/commons-io-2.6-src/src/main/java",org.apache.commons.io.monitor,FileAlterationListenerAdaptor,0,11,0,0,0,9,0,9,0,9
4,"commons-io-2.6-src (17 Apr, 2019 3:40:16 PM)/commons-io-2.6-src/src/main/java",org.apache.commons.io.serialization,ValidatingObjectInputStream,6,223,0,18,2,36,0,21,0,12
5,"commons-io-2.6-src (17 Apr, 2019 3:40:16 PM)/commons-io-2.6-src/src/main/java",org.apache.commons.io.serialization,FullClassNameMatcher,0,16,0,0,0,4,0,2,0,2
6,"commons-io-2.6-src (17 Apr, 2019 3:40:16 PM)/commons-io-2.6-src/src/main/java",org.apache.commons.io.serialization,WildcardClassNameMatcher,0,11,0,0,0,4,0,2,0,2
7,"commons-io-2.6-src (17 Apr, 2019 3:40:16 PM)/commons-io-2.6-src/src/main/java",org.apache.commons.io.serialization,RegexpClassNameMatcher,0,24,0,2,0,8,0,4,0,3
8,"commons-io-2.6-src (17 Apr, 2019 3:40:16 PM)/commons-io-2.6-src/src/main/java",org.apache.commons.io.input,WindowsLineEndingInputStream,5,129,0,26,1,42,1,18,1,5
9,"commons-io-2.6-src (17 Apr, 2019 3:40:16 PM)/commons-io-2.6-src/src/main/java",org.apache.commons.io.input,MessageDigestCalculatingInputStream,6,22,0,0,2,7,1,3,1,3
10,"commons-io-2.6-src (17 Apr, 2019 3:40:16 PM)/commons-io-2.6-src/src/main/java",org.apache.commons.io.input,BoundedReader,0,100,0,12,0,27,0,12,0,6
11,"commons-io-2.6-src (17 Apr, 2019 3:40:16 PM)/commons-io-2.6-src/src/main/java",org.apache.commons.io.input,SwappedDataInputStream,4,97,1,5,1,26,1,18,0,16
12,"commons-io-2.6-src (17 Apr, 2019 3:40:16 PM)/commons-io-2.6-src/src/main/java",org.apache.commons.io.input,CloseShieldInputStream,0,10,0,0,0,4,0,2,0,2
13,"commons-io-2.6-src (17 Apr, 2019 3:40:16 PM)/commons-io-2.6-src/src/main/java",org.apache.commons.io.input,CharSequenceReader,41,129,6,16,6,33,7,13,1,8
14,"commons-io-2.6-src (17 Apr, 2019 3:40:16 PM)/commons-io-2.6-src/src/main/java",org.apache.commons.io.input,DemuxInputStream,12,29,3,1,5,8,3,3,1,3
15,"commons-io-2.6-src (17 Apr, 2019 3:40:16 PM)/commons-io-2.6-src/src/main/java",org.apache.commons.io.input,InfiniteCircularInputStream,0,27,0,0,0,6,0,2,0,2
16,"commons-io-2.6-src (17 Apr, 2019 3:40:16 PM)/commons-io-2.6-src/src/main/java",org.apache.commons.io.input,UnixLineEndingInputStream,5,111,0,24,1,34,1,17,1,5
17,"commons-io-2.6-src (17 Apr, 2019 3:40:16 PM)/commons-io-2.6-src/src/main/java",org.apache.commons.io.input,MessageDigestCalculatingInputStream.MessageDigestMaintainingObserver,6,13,0,0,2,5,1,2,1,2
18,"commons-io-2.6-src (17 Apr, 2019 3:40:16 PM)/commons-io-2.6-src/src/main/java",org.apache.commons.io.input,BOMInputStream,0,359,0,56,0,76,0,46,0,18
19,"commons-io-2.6-src (17 Apr, 2019 3:40:16 PM)/commons-io-2.6-src/src/main/java",org.apache.commons.io.input,NullReader,5,252,0,26,2,63,2,26,2,13
20,"commons-io-2.6-src (17 Apr, 2019 3:40:16 PM)/commons-io-2.6-src/src/main/java",org.apache.commons.io.input,TeeInputStream,10,60,2,6,5,18,2,8,1,5
21,"commons-io-2.6-src (17 Apr, 2019 3:40:16 PM)/commons-io-2.6-src/src/main/java",org.apache.commons.io.input,ClosedInputStream,0,10,0,0,0,3,0,3,0,3
22,"commons-io-2.6-src (17 Apr, 2019 3:40:16 PM)/commons-io-2.6-src/src/main/java",org.apache.commons.io.input,BOMInputStream.new Comparator() {...},0,21,0,4,0,9,0,4,0,2
23,"commons-io-2.6-src (17 Apr, 2019 3:40:16 PM)/commons-io-2.6-src/src/main/java",org.apache.commons.io.input,ClassLoaderObjectInputStream,10,41,0,2,4,8,0,4,0,3
24,"commons-io-2.6-src (17 Apr, 2019 3:40:16 PM)/commons-io-2.6-src/src/main/java",org.apache.commons.io.input,TailerListenerAdapter,6,3,0,0,6,1,6,1,6,1
25,"commons-io-2.6-src (17 Apr, 2019 3:40:16 PM)/commons-io-2.6-src/src/main/java",org.apache.commons.io.input,ReversedLinesFileReader,12,223,0,32,4,49,2,20,2,4
26,"commons-io-2.6-src (17 Apr, 2019 3:40:16 PM)/commons-io-2.6-src/src/main/java",org.apache.commons.io.input,BoundedInputStream,84,107,9,11,21,23,14,10,9,5
27,"commons-io-2.6-src (17 Apr, 2019 3:40:16 PM)/commons-io-2.6-src/src/main/java",org.apache.commons.io.input,AutoCloseInputStream,0,24,0,2,0,11,0,5,0,4
28,"commons-io-2.6-src (17 Apr, 2019 3:40:16 PM)/commons-io-2.6-src/src/main/java",org.apache.commons.io.input,ProxyReader,97,56,4,2,35,19,10,7,7,7
29,"commons-io-2.6-src (17 Apr, 2019 3:40:16 PM)/commons-io-2.6-src/src/main/java",org.apache.commons.io.input,XmlStreamReader,106,1268,12,148,26,199,13,91,4,20
30,"commons-io-2.6-src (17 Apr, 2019 3:40:16 PM)/commons-io-2.6-src/src/main/java",org.apache.commons.io.input,XmlStreamReaderException,0,43,0,0,0,14,0,7,0,7
31,"commons-io-2.6-src (17 Apr, 2019 3:40:16 PM)/commons-io-2.6-src/src/main/java",org.apache.commons.io.input,ObservableInputStream,53,179,8,22,15,59,10,20,3,12
32,"commons-io-2.6-src (17 Apr, 2019 3:40:16 PM)/commons-io-2.6-src/src/main/java",org.apache.commons.io.input,TaggedInputStream,0,24,0,0,0,7,0,4,0,4
33,"commons-io-2.6-src (17 Apr, 2019 3:40:16 PM)/commons-io-2.6-src/src/main/java",org.apache.commons.io.input,ProxyInputStream,38,85,1,3,16,29,2,13,1,12
34,"commons-io-2.6-src (17 Apr, 2019 3:40:16 PM)/commons-io-2.6-src/src/main/java",org.apache.commons.io.input,ReaderInputStream,38,221,7,29,6,59,9,21,2,10
35,"commons-io-2.6-src (17 Apr, 2019 3:40:16 PM)/commons-io-2.6-src/src/main/java",org.apache.commons.io.input,Tailer,66,390,4,37,18,104,11,31,7,14
36,"commons-io-2.6-src (17 Apr, 2019 3:40:16 PM)/commons-io-2.6-src/src/main/java",org.apache.commons.io.input,ReversedLinesFileReader.FilePart,49,285,5,39,7,58,5,22,0,5
37,"commons-io-2.6-src (17 Apr, 2019 3:40:16 PM)/commons-io-2.6-src/src/main/java",org.apache.commons.io.input,CharSequenceInputStream,74,290,12,34,10,75,12,25,1,13
38,"commons-io-2.6-src (17 Apr, 2019 3:40:16 PM)/commons-io-2.6-src/src/main/java",org.apache.commons.io.input,ObservableInputStream.Observer,2,7,0,0,1,5,1,5,1,5
39,"commons-io-2.6-src (17 Apr, 2019 3:40:16 PM)/commons-io-2.6-src/src/main/java",org.apache.commons.io.input,CountingInputStream,0,84,0,6,0,20,0,10,0,7
40,"commons-io-2.6-src (17 Apr, 2019 3:40:16 PM)/commons-io-2.6-src/src/main/java",org.apache.commons.io.input,NullInputStream,7,271,1,29,3,68,3,28,2,14
41,"commons-io-2.6-src (17 Apr, 2019 3:40:16 PM)/commons-io-2.6-src/src/main/java",org.apache.commons.io.input,BrokenInputStream,7,21,0,0,2,8,1,6,1,6
42,"commons-io-2.6-src (17 Apr, 2019 3:40:16 PM)/commons-io-2.6-src/src/main/java",org.apache.commons.io.output,ByteArrayOutputStream,19,496,10,36,4,119,10,31,0,18
43,"commons-io-2.6-src (17 Apr, 2019 3:40:16 PM)/commons-io-2.6-src/src/main/java",org.apache.commons.io.output,ChunkedWriter,0,45,0,4,0,15,0,5,0,3
44,"commons-io-2.6-src (17 Apr, 2019 3:40:16 PM)/commons-io-2.6-src/src/main/java",org.apache.commons.io.output,TaggedOutputStream,0,24,0,0,0,7,0,4,0,4
45,"commons-io-2.6-src (17 Apr, 2019 3:40:16 PM)/commons-io-2.6-src/src/main/java",org.apache.commons.io.output,NullOutputStream,0,11,0,0,0,5,0,5,0,5
46,"commons-io-2.6-src (17 Apr, 2019 3:40:16 PM)/commons-io-2.6-src/src/main/java",org.apache.commons.io.output,ThresholdingOutputStream,14,99,0,6,6,28,3,12,3,9
47,"commons-io-2.6-src (17 Apr, 2019 3:40:16 PM)/commons-io-2.6-src/src/main/java",org.apache.commons.io.output,CountingOutputStream,0,72,0,4,0,17,0,8,0,6
48,"commons-io-2.6-src (17 Apr, 2019 3:40:16 PM)/commons-io-2.6-src/src/main/java",org.apache.commons.io.output,DeferredFileOutputStream,21,169,4,14,6,47,4,17,0,12
49,"commons-io-2.6-src (17 Apr, 2019 3:40:16 PM)/commons-io-2.6-src/src/main/java",org.apache.commons.io.output,ProxyWriter,30,161,0,6,10,60,0,17,0,14
50,"commons-io-2.6-src (17 Apr, 2019 3:40:16 PM)/commons-io-2.6-src/src/main/java",org.apache.commons.io.output,LockableFileWriter,110,141,5,9,33,37,16,11,12,8
51,"commons-io-2.6-src (17 Apr, 2019 3:40:16 PM)/commons-io-2.6-src/src/main/java",org.apache.commons.io.output,WriterOutputStream,37,233,2,16,9,69,5,19,3,12
52,"commons-io-2.6-src (17 Apr, 2019 3:40:16 PM)/commons-io-2.6-src/src/main/java",org.apache.commons.io.output,CloseShieldOutputStream,0,10,0,0,0,4,0,2,0,2
53,"commons-io-2.6-src (17 Apr, 2019 3:40:16 PM)/commons-io-2.6-src/src/main/java",org.apache.commons.io.output,AppendableOutputStream,0,16,0,0,0,6,0,3,0,3
54,"commons-io-2.6-src (17 Apr, 2019 3:40:16 PM)/commons-io-2.6-src/src/main/java",org.apache.commons.io.output,FileWriterWithEncoding,31,174,0,12,7,54,3,23,3,17
55,"commons-io-2.6-src (17 Apr, 2019 3:40:16 PM)/commons-io-2.6-src/src/main/java",org.apache.commons.io.output,ClosedOutputStream,0,26,0,0,0,4,0,4,0,4
56,"commons-io-2.6-src (17 Apr, 2019 3:40:16 PM)/commons-io-2.6-src/src/main/java",org.apache.commons.io.output,StringBuilderWriter,0,79,2,4,0,25,2,13,0,12
57,"commons-io-2.6-src (17 Apr, 2019 3:40:16 PM)/commons-io-2.6-src/src/main/java",org.apache.commons.io.output,DemuxOutputStream,20,30,5,1,8,9,5,3,2,3
58,"commons-io-2.6-src (17 Apr, 2019 3:40:16 PM)/commons-io-2.6-src/src/main/java",org.apache.commons.io.output,BrokenOutputStream,7,15,0,0,2,6,1,4,1,4
59,"commons-io-2.6-src (17 Apr, 2019 3:40:16 PM)/commons-io-2.6-src/src/main/java",org.apache.commons.io.output,ProxyOutputStream,17,66,0,2,5,27,0,10,0,9
60,"commons-io-2.6-src (17 Apr, 2019 3:40:16 PM)/commons-io-2.6-src/src/main/java",org.apache.commons.io.output,XmlStreamWriter,49,166,8,16,12,44,10,13,3,8
61,"commons-io-2.6-src (17 Apr, 2019 3:40:16 PM)/commons-io-2.6-src/src/main/java",org.apache.commons.io.output,NullWriter,4,17,0,0,2,11,2,10,2,10
62,"commons-io-2.6-src (17 Apr, 2019 3:40:16 PM)/commons-io-2.6-src/src/main/java",org.apache.commons.io.output,TeeOutputStream,0,48,0,0,0,19,0,6,0,6
63,"commons-io-2.6-src (17 Apr, 2019 3:40:16 PM)/commons-io-2.6-src/src/main/java",org.apache.commons.io.output,ChunkedOutputStream,0,45,0,4,0,15,0,5,0,3
64,"commons-io-2.6-src (17 Apr, 2019 3:40:16 PM)/commons-io-2.6-src/src/main/java",org.apache.commons.io,IOCase,5,210,1,29,1,34,2,26,1,12
65,"commons-io-2.6-src (17 Apr, 2019 3:40:16 PM)/commons-io-2.6-src/src/main/java",org.apache.commons.io,ThreadMonitor,0,70,1,5,0,26,1,8,0,6
66,"commons-io-2.6-src (17 Apr, 2019 3:40:16 PM)/commons-io-2.6-src/src/main/java",org.apache.commons.io,FileDeleteStrategy.ForceFileDeleteStrategy,0,8,0,0,0,4,0,2,0,2
67,"commons-io-2.6-src (17 Apr, 2019 3:40:16 PM)/commons-io-2.6-src/src/main/java",org.apache.commons.io,FileUtils,399,2681,65,349,65,610,65,261,4,115
68,"commons-io-2.6-src (17 Apr, 2019 3:40:16 PM)/commons-io-2.6-src/src/main/java",org.apache.commons.io,FilenameUtils,21,1335,10,294,8,322,11,182,1,40
69,"commons-io-2.6-src (17 Apr, 2019 3:40:16 PM)/commons-io-2.6-src/src/main/java",org.apache.commons.io,FileExistsException,15,4,0,0,4,2,2,1,2,1
70,"commons-io-2.6-src (17 Apr, 2019 3:40:16 PM)/commons-io-2.6-src/src/main/java",org.apache.commons.io,ByteOrderParser,0,33,0,4,0,6,0,3,0,1
71,"commons-io-2.6-src (17 Apr, 2019 3:40:16 PM)/commons-io-2.6-src/src/main/java",org.apache.commons.io,EndianUtils,0,749,0,4,0,113,0,33,0,31
72,"commons-io-2.6-src (17 Apr, 2019 3:40:16 PM)/commons-io-2.6-src/src/main/java",org.apache.commons.io,FileDeleteStrategy,3,60,0,8,2,13,0,10,0,6
73,"commons-io-2.6-src (17 Apr, 2019 3:40:16 PM)/commons-io-2.6-src/src/main/java",org.apache.commons.io,IOUtils,176,1634,25,201,46,392,32,212,14,117
74,"commons-io-2.6-src (17 Apr, 2019 3:40:16 PM)/commons-io-2.6-src/src/main/java",org.apache.commons.io,DirectoryWalker.CancelException,0,22,0,0,0,8,0,4,0,4
75,"commons-io-2.6-src (17 Apr, 2019 3:40:16 PM)/commons-io-2.6-src/src/main/java",org.apache.commons.io,ByteOrderMark,0,295,0,24,0,47,0,21,0,9
76,"commons-io-2.6-src (17 Apr, 2019 3:40:16 PM)/commons-io-2.6-src/src/main/java",org.apache.commons.io,IOExceptionWithCause,4,5,0,0,2,2,1,1,1,1
77,"commons-io-2.6-src (17 Apr, 2019 3:40:16 PM)/commons-io-2.6-src/src/main/java",org.apache.commons.io,FileCleaningTracker,3,117,1,9,1,30,2,12,1,8
78,"commons-io-2.6-src (17 Apr, 2019 3:40:16 PM)/commons-io-2.6-src/src/main/java",org.apache.commons.io,CopyUtils,31,135,0,4,9,40,2,13,2,11
79,"commons-io-2.6-src (17 Apr, 2019 3:40:16 PM)/commons-io-2.6-src/src/main/java",org.apache.commons.io,FileSystemUtils,136,609,35,66,32,143,24,42,2,12
80,"commons-io-2.6-src (17 Apr, 2019 3:40:16 PM)/commons-io-2.6-src/src/main/java",org.apache.commons.io,FileCleaningTracker.Tracker,0,27,0,2,0,6,0,4,0,3
81,"commons-io-2.6-src (17 Apr, 2019 3:40:16 PM)/commons-io-2.6-src/src/main/java",org.apache.commons.io,LineIterator,5,111,1,17,1,41,1,16,0,8
82,"commons-io-2.6-src (17 Apr, 2019 3:40:16 PM)/commons-io-2.6-src/src/main/java",org.apache.commons.io,DirectoryWalker,1,220,0,26,1,58,1,28,1,15
83,"commons-io-2.6-src (17 Apr, 2019 3:40:16 PM)/commons-io-2.6-src/src/main/java",org.apache.commons.io,TaggedIOException,3,37,1,7,1,10,2,7,1,4
84,"commons-io-2.6-src (17 Apr, 2019 3:40:16 PM)/commons-io-2.6-src/src/main/java",org.apache.commons.io,HexDump,3,293,0,24,2,47,1,16,1,4
85,"commons-io-2.6-src (17 Apr, 2019 3:40:16 PM)/commons-io-2.6-src/src/main/java",org.apache.commons.io,FileCleaner,31,7,0,0,12,2,7,2,7,2
86,"commons-io-2.6-src (17 Apr, 2019 3:40:16 PM)/commons-io-2.6-src/src/main/java",org.apache.commons.io,FileCleaningTracker.Reaper,0,50,0,6,0,13,0,5,0,2
87,"commons-io-2.6-src (17 Apr, 2019 3:40:16 PM)/commons-io-2.6-src/src/main/java",org.apache.commons.io,Charsets,3,70,0,4,1,16,1,6,1,4
88,"commons-io-2.6-src (17 Apr, 2019 3:40:16 PM)/commons-io-2.6-src/src/main/java",org.apache.commons.io.filefilter,AndFileFilter,11,167,2,24,3,43,3,20,1,9
89,"commons-io-2.6-src (17 Apr, 2019 3:40:16 PM)/commons-io-2.6-src/src/main/java",org.apache.commons.io.filefilter,EmptyFileFilter,0,37,1,7,0,8,1,6,0,3
90,"commons-io-2.6-src (17 Apr, 2019 3:40:16 PM)/commons-io-2.6-src/src/main/java",org.apache.commons.io.filefilter,WildcardFilter,4,122,2,18,2,26,2,13,0,5
91,"commons-io-2.6-src (17 Apr, 2019 3:40:16 PM)/commons-io-2.6-src/src/main/java",org.apache.commons.io.filefilter,NameFileFilter,1,196,2,24,0,44,2,20,0,9
92,"commons-io-2.6-src (17 Apr, 2019 3:40:16 PM)/commons-io-2.6-src/src/main/java",org.apache.commons.io.filefilter,AbstractFileFilter,0,22,0,0,0,4,0,4,0,4
93,"commons-io-2.6-src (17 Apr, 2019 3:40:16 PM)/commons-io-2.6-src/src/main/java",org.apache.commons.io.filefilter,DirectoryFileFilter,0,13,0,0,0,5,0,3,0,3
94,"commons-io-2.6-src (17 Apr, 2019 3:40:16 PM)/commons-io-2.6-src/src/main/java",org.apache.commons.io.filefilter,MagicNumberFileFilter,1,168,2,18,1,41,2,14,0,6
95,"commons-io-2.6-src (17 Apr, 2019 3:40:16 PM)/commons-io-2.6-src/src/main/java",org.apache.commons.io.filefilter,FileFileFilter,0,11,0,0,0,4,0,3,0,3
96,"commons-io-2.6-src (17 Apr, 2019 3:40:16 PM)/commons-io-2.6-src/src/main/java",org.apache.commons.io.filefilter,FileFilterUtils,17,414,1,33,3,83,3,58,2,42
97,"commons-io-2.6-src (17 Apr, 2019 3:40:16 PM)/commons-io-2.6-src/src/main/java",org.apache.commons.io.filefilter,SizeFileFilter,0,68,0,10,0,12,0,9,0,4
98,"commons-io-2.6-src (17 Apr, 2019 3:40:16 PM)/commons-io-2.6-src/src/main/java",org.apache.commons.io.filefilter,TrueFileFilter,0,14,0,0,0,6,0,4,0,4
99,"commons-io-2.6-src (17 Apr, 2019 3:40:16 PM)/commons-io-2.6-src/src/main/java",org.apache.commons.io.filefilter,CanWriteFileFilter,0,16,0,0,0,5,0,3,0,3
100,"commons-io-2.6-src (17 Apr, 2019 3:40:16 PM)/commons-io-2.6-src/src/main/java",org.apache.commons.io.filefilter,CanReadFileFilter,0,22,0,0,0,7,0,3,0,3
101,"commons-io-2.6-src (17 Apr, 2019 3:40:16 PM)/commons-io-2.6-src/src/main/java",org.apache.commons.io.filefilter,AgeFileFilter,0,76,0,6,0,18,0,11,0,8
102,"commons-io-2.6-src (17 Apr, 2019 3:40:16 PM)/commons-io-2.6-src/src/main/java",org.apache.commons.io.filefilter,NotFileFilter,0,48,0,6,0,8,0,7,0,4
103,"commons-io-2.6-src (17 Apr, 2019 3:40:16 PM)/commons-io-2.6-src/src/main/java",org.apache.commons.io.filefilter,PrefixFileFilter,6,191,4,22,0,44,4,18,0,9
104,"commons-io-2.6-src (17 Apr, 2019 3:40:16 PM)/commons-io-2.6-src/src/main/java",org.apache.commons.io.filefilter,OrFileFilter,2,164,3,19,0,42,3,18,0,10
105,"commons-io-2.6-src (17 Apr, 2019 3:40:16 PM)/commons-io-2.6-src/src/main/java",org.apache.commons.io.filefilter,SuffixFileFilter,6,191,4,22,0,44,4,18,0,9
106,"commons-io-2.6-src (17 Apr, 2019 3:40:16 PM)/commons-io-2.6-src/src/main/java",org.apache.commons.io.filefilter,HiddenFileFilter,0,16,0,0,0,5,0,3,0,3
107,"commons-io-2.6-src (17 Apr, 2019 3:40:16 PM)/commons-io-2.6-src/src/main/java",org.apache.commons.io.filefilter,FalseFileFilter,0,14,0,0,0,6,0,4,0,4
108,"commons-io-2.6-src (17 Apr, 2019 3:40:16 PM)/commons-io-2.6-src/src/main/java",org.apache.commons.io.filefilter,WildcardFileFilter,2,195,2,24,0,44,2,20,0,9
109,"commons-io-2.6-src (17 Apr, 2019 3:40:16 PM)/commons-io-2.6-src/src/main/java",org.apache.commons.io.filefilter,RegexFileFilter,0,72,2,10,0,24,2,9,0,5
110,"commons-io-2.6-src (17 Apr, 2019 3:40:16 PM)/commons-io-2.6-src/src/main/java",org.apache.commons.io.filefilter,DelegateFileFilter,5,78,1,9,1,19,1,9,0,5
111,"commons-io-2.6-src (17 Apr, 2019 3:40:16 PM)/commons-io-2.6-src/src/main/java",org.apache.commons.io.comparator,DirectoryFileComparator,0,28,0,2,0,7,0,5,0,4
112,"commons-io-2.6-src (17 Apr, 2019 3:40:16 PM)/commons-io-2.6-src/src/main/java",org.apache.commons.io.comparator,NameFileComparator,0,69,0,2,0,14,0,6,0,5
113,"commons-io-2.6-src (17 Apr, 2019 3:40:16 PM)/commons-io-2.6-src/src/main/java",org.apache.commons.io.comparator,SizeFileComparator,0,105,2,14,0,27,2,11,0,5
114,"commons-io-2.6-src (17 Apr, 2019 3:40:16 PM)/commons-io-2.6-src/src/main/java",org.apache.commons.io.comparator,PathFileComparator,0,69,0,2,0,14,0,6,0,5
115,"commons-io-2.6-src (17 Apr, 2019 3:40:16 PM)/commons-io-2.6-src/src/main/java",org.apache.commons.io.comparator,CompositeFileComparator,0,133,0,14,0,32,0,12,0,5
116,"commons-io-2.6-src (17 Apr, 2019 3:40:16 PM)/commons-io-2.6-src/src/main/java",org.apache.commons.io.comparator,AbstractFileComparator,0,21,0,4,0,8,0,6,0,4
117,"commons-io-2.6-src (17 Apr, 2019 3:40:16 PM)/commons-io-2.6-src/src/main/java",org.apache.commons.io.comparator,ExtensionFileComparator,0,75,0,2,0,18,0,6,0,5
118,"commons-io-2.6-src (17 Apr, 2019 3:40:16 PM)/commons-io-2.6-src/src/main/java",org.apache.commons.io.comparator,ReverseComparator,5,30,1,1,1,6,1,3,0,3
119,"commons-io-2.6-src (17 Apr, 2019 3:40:16 PM)/commons-io-2.6-src/src/main/java",org.apache.commons.io.comparator,DefaultFileComparator,0,17,0,0,0,4,0,3,0,3
120,"commons-io-2.6-src (17 Apr, 2019 3:40:16 PM)/commons-io-2.6-src/src/main/java",org.apache.commons.io.comparator,LastModifiedFileComparator,0,33,0,4,0,9,0,5,0,3
121,"commons-io-2.6-src (17 Apr, 2019 3:40:16 PM)/commons-io-2.6-src/src/test/java",org.apache.commons.io.monitor,AbstractMonitorTestCase,22,297,0,4,2,44,0,8,0,6
122,"commons-io-2.6-src (17 Apr, 2019 3:40:16 PM)/commons-io-2.6-src/src/test/java",org.apache.commons.io.monitor,FileAlterationObserverTestCase,0,1223,0,0,0,243,0,9,0,9
123,"commons-io-2.6-src (17 Apr, 2019 3:40:16 PM)/commons-io-2.6-src/src/test/java",org.apache.commons.io.monitor,CollectionFileListener,0,116,0,2,0,38,0,17,0,16
124,"commons-io-2.6-src (17 Apr, 2019 3:40:16 PM)/commons-io-2.6-src/src/test/java",org.apache.commons.io.monitor,FileAlterationMonitorTestCase,24,269,1,3,6,67,1,7,0,6
125,"commons-io-2.6-src (17 Apr, 2019 3:40:16 PM)/commons-io-2.6-src/src/test/java",org.apache.commons.io.serialization,FullClassNameMatcherTest,0,45,0,0,0,9,0,4,0,4
126,"commons-io-2.6-src (17 Apr, 2019 3:40:16 PM)/commons-io-2.6-src/src/test/java",org.apache.commons.io.serialization,ValidatingObjectInputStreamTest,22,403,0,0,10,81,0,22,0,22
127,"commons-io-2.6-src (17 Apr, 2019 3:40:16 PM)/commons-io-2.6-src/src/test/java",org.apache.commons.io.serialization,ValidatingObjectInputStreamTest.new ClassNameMatcher() {...},0,5,0,0,0,3,0,2,0,2
128,"commons-io-2.6-src (17 Apr, 2019 3:40:16 PM)/commons-io-2.6-src/src/test/java",org.apache.commons.io.serialization,ClosingBase,5,31,0,2,2,8,1,4,1,3
129,"commons-io-2.6-src (17 Apr, 2019 3:40:16 PM)/commons-io-2.6-src/src/test/java",org.apache.commons.io.serialization,MockSerializedClass,6,16,1,1,2,5,2,2,1,2
130,"commons-io-2.6-src (17 Apr, 2019 3:40:16 PM)/commons-io-2.6-src/src/test/java",org.apache.commons.io.serialization,MoreComplexObjectTest,0,155,0,0,0,30,0,6,0,6
131,"commons-io-2.6-src (17 Apr, 2019 3:40:16 PM)/commons-io-2.6-src/src/test/java",org.apache.commons.io.serialization,WildcardClassNameMatcherTest,0,49,0,0,0,14,0,4,0,4
132,"commons-io-2.6-src (17 Apr, 2019 3:40:16 PM)/commons-io-2.6-src/src/test/java",org.apache.commons.io.serialization,RegexpClassNameMatcherTest,8,50,0,0,4,14,2,4,2,4
133,"commons-io-2.6-src (17 Apr, 2019 3:40:16 PM)/commons-io-2.6-src/src/test/java",org.apache.commons.io.serialization,MoreComplexObject,0,91,0,2,0,12,0,3,0,2
134,"commons-io-2.6-src (17 Apr, 2019 3:40:16 PM)/commons-io-2.6-src/src/test/java",org.apache.commons.io.input,ClassLoaderObjectInputStreamTest,0,321,0,0,0,86,0,8,0,8
135,"commons-io-2.6-src (17 Apr, 2019 3:40:16 PM)/commons-io-2.6-src/src/test/java",org.apache.commons.io.input,CharSequenceReaderTest,0,394,0,4,0,71,0,13,0,11
136,"commons-io-2.6-src (17 Apr, 2019 3:40:16 PM)/commons-io-2.6-src/src/test/java",org.apache.commons.io.input,AutoCloseInputStreamTest.new ByteArrayInputStream() {...},0,12,0,0,0,4,0,2,0,2
137,"commons-io-2.6-src (17 Apr, 2019 3:40:16 PM)/commons-io-2.6-src/src/test/java",org.apache.commons.io.input,CloseShieldInputStreamTest.new ByteArrayInputStream() {...},5,7,0,0,2,2,1,1,1,1
138,"commons-io-2.6-src (17 Apr, 2019 3:40:16 PM)/commons-io-2.6-src/src/test/java",org.apache.commons.io.input,ClassLoaderObjectInputStreamTest.E,0,34,0,0,0,1,0,1,0,1
139,"commons-io-2.6-src (17 Apr, 2019 3:40:16 PM)/commons-io-2.6-src/src/test/java",org.apache.commons.io.input,NullReaderTest.TestNullReader,0,39,0,2,0,9,0,5,0,4
140,"commons-io-2.6-src (17 Apr, 2019 3:40:16 PM)/commons-io-2.6-src/src/test/java",org.apache.commons.io.input,ClosedInputStreamTest,0,16,0,0,0,5,0,2,0,2
141,"commons-io-2.6-src (17 Apr, 2019 3:40:16 PM)/commons-io-2.6-src/src/test/java",org.apache.commons.io.input,BoundedInputStreamTest,0,275,0,8,0,33,0,8,0,4
142,"commons-io-2.6-src (17 Apr, 2019 3:40:16 PM)/commons-io-2.6-src/src/test/java",org.apache.commons.io.input,ReversedLinesFileReaderTestSimple,16,59,0,0,4,13,0,5,0,5
143,"commons-io-2.6-src (17 Apr, 2019 3:40:16 PM)/commons-io-2.6-src/src/test/java",org.apache.commons.io.input,XmlStreamReaderUtilitiesTest.MockXmlStreamReader,0,11,0,0,0,2,0,1,0,1
144,"commons-io-2.6-src (17 Apr, 2019 3:40:16 PM)/commons-io-2.6-src/src/test/java",org.apache.commons.io.input,NullInputStreamTest,71,404,0,14,16,87,0,14,0,7
145,"commons-io-2.6-src (17 Apr, 2019 3:40:16 PM)/commons-io-2.6-src/src/test/java",org.apache.commons.io.input,ClassLoaderObjectInputStreamTest.Test,9,51,4,6,2,13,5,4,1,3
146,"commons-io-2.6-src (17 Apr, 2019 3:40:16 PM)/commons-io-2.6-src/src/test/java",org.apache.commons.io.input,NullInputStreamTest.TestNullInputStream,0,39,0,2,0,9,0,5,0,4
147,"commons-io-2.6-src (17 Apr, 2019 3:40:16 PM)/commons-io-2.6-src/src/test/java",org.apache.commons.io.input,ObservableInputStreamTest.LastByteKeepingObserver,0,25,0,0,0,11,0,4,0,4
148,"commons-io-2.6-src (17 Apr, 2019 3:40:16 PM)/commons-io-2.6-src/src/test/java",org.apache.commons.io.input,SwappedDataInputStreamTest,14,201,0,2,6,51,2,16,2,15
149,"commons-io-2.6-src (17 Apr, 2019 3:40:16 PM)/commons-io-2.6-src/src/test/java",org.apache.commons.io.input,TailerTest.TestTailerListener,0,69,0,0,0,22,0,9,0,9
150,"commons-io-2.6-src (17 Apr, 2019 3:40:16 PM)/commons-io-2.6-src/src/test/java",org.apache.commons.io.input,TaggedInputStreamTest,35,187,0,0,12,47,0,5,0,5
151,"commons-io-2.6-src (17 Apr, 2019 3:40:16 PM)/commons-io-2.6-src/src/test/java",org.apache.commons.io.input,ReversedLinesFileReaderTestParamFile,2,343,0,6,0,39,0,7,0,4
152,"commons-io-2.6-src (17 Apr, 2019 3:40:16 PM)/commons-io-2.6-src/src/test/java",org.apache.commons.io.input,MessageDigestCalculatingInputStreamTest,0,57,0,2,0,15,0,4,0,3
153,"commons-io-2.6-src (17 Apr, 2019 3:40:16 PM)/commons-io-2.6-src/src/test/java",org.apache.commons.io.input,BOMInputStreamTest.ExpectCloseInputStream,2,8,0,0,1,4,1,2,1,2
154,"commons-io-2.6-src (17 Apr, 2019 3:40:16 PM)/commons-io-2.6-src/src/test/java",org.apache.commons.io.input,NullReaderTest,71,374,0,14,16,84,0,14,0,7
155,"commons-io-2.6-src (17 Apr, 2019 3:40:16 PM)/commons-io-2.6-src/src/test/java",org.apache.commons.io.input,CloseShieldInputStreamTest,0,64,0,0,0,11,0,3,0,3
156,"commons-io-2.6-src (17 Apr, 2019 3:40:16 PM)/commons-io-2.6-src/src/test/java",org.apache.commons.io.input,CharSequenceInputStreamTest,48,907,14,54,7,183,14,66,2,44
157,"commons-io-2.6-src (17 Apr, 2019 3:40:16 PM)/commons-io-2.6-src/src/test/java",org.apache.commons.io.input,XmlStreamReaderTest,100,1227,4,22,20,253,5,35,1,26
158,"commons-io-2.6-src (17 Apr, 2019 3:40:16 PM)/commons-io-2.6-src/src/test/java",org.apache.commons.io.input,ObservableInputStreamTest.LastBytesKeepingObserver,0,27,0,0,0,9,0,2,0,2
159,"commons-io-2.6-src (17 Apr, 2019 3:40:16 PM)/commons-io-2.6-src/src/test/java",org.apache.commons.io.input,UnixLineEndingInputStreamTest,0,94,0,0,0,25,0,11,0,11
160,"commons-io-2.6-src (17 Apr, 2019 3:40:16 PM)/commons-io-2.6-src/src/test/java",org.apache.commons.io.input,TailerTest,45,1198,8,26,5,240,8,25,0,16
161,"commons-io-2.6-src (17 Apr, 2019 3:40:16 PM)/commons-io-2.6-src/src/test/java",org.apache.commons.io.input,TeeInputStreamTest,0,262,0,0,0,48,0,9,0,9
162,"commons-io-2.6-src (17 Apr, 2019 3:40:16 PM)/commons-io-2.6-src/src/test/java",org.apache.commons.io.input,ProxyReaderTest.CustomNullReader,6,15,2,2,0,4,2,3,0,3
163,"commons-io-2.6-src (17 Apr, 2019 3:40:16 PM)/commons-io-2.6-src/src/test/java",org.apache.commons.io.input,BoundedReaderTest,0,426,0,4,0,109,0,15,0,13
164,"commons-io-2.6-src (17 Apr, 2019 3:40:16 PM)/commons-io-2.6-src/src/test/java",org.apache.commons.io.input,AutoCloseInputStreamTest,0,236,0,10,0,37,0,11,0,6
165,"commons-io-2.6-src (17 Apr, 2019 3:40:16 PM)/commons-io-2.6-src/src/test/java",org.apache.commons.io.input,ObservableInputStreamTest,3,192,1,7,2,50,1,6,0,3
166,"commons-io-2.6-src (17 Apr, 2019 3:40:16 PM)/commons-io-2.6-src/src/test/java",org.apache.commons.io.input,ReaderInputStreamTest,4,312,4,14,0,68,4,17,0,12
167,"commons-io-2.6-src (17 Apr, 2019 3:40:16 PM)/commons-io-2.6-src/src/test/java",org.apache.commons.io.input,WindowsLineEndingInputStreamTest,0,91,0,0,0,24,0,10,0,10
168,"commons-io-2.6-src (17 Apr, 2019 3:40:16 PM)/commons-io-2.6-src/src/test/java",org.apache.commons.io.input,BrokenInputStreamTest,54,57,0,0,14,23,0,7,0,7
169,"commons-io-2.6-src (17 Apr, 2019 3:40:16 PM)/commons-io-2.6-src/src/test/java",org.apache.commons.io.input,ProxyReaderTest.ProxyReaderImpl,0,4,0,0,0,2,0,1,0,1
170,"commons-io-2.6-src (17 Apr, 2019 3:40:16 PM)/commons-io-2.6-src/src/test/java",org.apache.commons.io.input,BOMInputStreamTest,106,2255,6,14,22,436,6,61,1,56
171,"commons-io-2.6-src (17 Apr, 2019 3:40:16 PM)/commons-io-2.6-src/src/test/java",org.apache.commons.io.input,ProxyReaderTest,0,39,0,0,0,10,0,3,0,3
172,"commons-io-2.6-src (17 Apr, 2019 3:40:16 PM)/commons-io-2.6-src/src/test/java",org.apache.commons.io.input,InfiniteCircularInputStreamTest,0,102,0,2,0,19,0,5,0,4
173,"commons-io-2.6-src (17 Apr, 2019 3:40:16 PM)/commons-io-2.6-src/src/test/java",org.apache.commons.io.input,CountingInputStreamTest,12,428,0,0,4,110,0,11,0,11
174,"commons-io-2.6-src (17 Apr, 2019 3:40:16 PM)/commons-io-2.6-src/src/test/java",org.apache.commons.io.input,ReversedLinesFileReaderTestParamBlockSize,18,554,1,7,4,93,1,26,0,23
175,"commons-io-2.6-src (17 Apr, 2019 3:40:16 PM)/commons-io-2.6-src/src/test/java",org.apache.commons.io.input,BoundedReaderTest.new BufferedReader() {...},0,17,0,0,0,5,0,2,0,2
176,"commons-io-2.6-src (17 Apr, 2019 3:40:16 PM)/commons-io-2.6-src/src/test/java",org.apache.commons.io.input,XmlStreamReaderUtilitiesTest,40,1135,0,0,8,202,0,24,0,24
177,"commons-io-2.6-src (17 Apr, 2019 3:40:16 PM)/commons-io-2.6-src/src/test/java",org.apache.commons.io.output,ProxyWriterTest.new OutputStreamWriter() {...},0,12,0,0,0,3,0,2,0,2
178,"commons-io-2.6-src (17 Apr, 2019 3:40:16 PM)/commons-io-2.6-src/src/test/java",org.apache.commons.io.output,ChunkedOutputStreamTest,11,60,0,0,3,16,1,4,1,4
179,"commons-io-2.6-src (17 Apr, 2019 3:40:16 PM)/commons-io-2.6-src/src/test/java",org.apache.commons.io.output,ChunkedWriterTest,12,69,0,0,2,19,1,4,1,4
180,"commons-io-2.6-src (17 Apr, 2019 3:40:16 PM)/commons-io-2.6-src/src/test/java",org.apache.commons.io.output,DeferredFileOutputStreamTest,63,709,0,0,29,151,0,13,0,13
181,"commons-io-2.6-src (17 Apr, 2019 3:40:16 PM)/commons-io-2.6-src/src/test/java",org.apache.commons.io.output,AppendableOutputStreamTest,0,39,0,0,0,10,0,4,0,4
182,"commons-io-2.6-src (17 Apr, 2019 3:40:16 PM)/commons-io-2.6-src/src/test/java",org.apache.commons.io.output,ProxyWriterTest.new OutputStreamWriter() {...},0,12,0,0,0,3,0,2,0,2
183,"commons-io-2.6-src (17 Apr, 2019 3:40:16 PM)/commons-io-2.6-src/src/test/java",org.apache.commons.io.output,ProxyOutputStreamTest,0,47,0,0,0,12,0,4,0,4
184,"commons-io-2.6-src (17 Apr, 2019 3:40:16 PM)/commons-io-2.6-src/src/test/java",org.apache.commons.io.output,ProxyWriterTest.new OutputStreamWriter() {...},0,12,0,0,0,3,0,2,0,2
185,"commons-io-2.6-src (17 Apr, 2019 3:40:16 PM)/commons-io-2.6-src/src/test/java",org.apache.commons.io.output,ProxyWriterTest.new OutputStreamWriter() {...},0,12,0,0,0,3,0,2,0,2
186,"commons-io-2.6-src (17 Apr, 2019 3:40:16 PM)/commons-io-2.6-src/src/test/java",org.apache.commons.io.output,ThresholdingOutputStreamTest,0,30,0,0,0,9,0,2,0,2
187,"commons-io-2.6-src (17 Apr, 2019 3:40:16 PM)/commons-io-2.6-src/src/test/java",org.apache.commons.io.output,ProxyWriterTest.new OutputStreamWriter() {...},0,12,0,0,0,3,0,2,0,2
188,"commons-io-2.6-src (17 Apr, 2019 3:40:16 PM)/commons-io-2.6-src/src/test/java",org.apache.commons.io.output,ChunkedWriterTest.new OutputStreamWriter() {...},0,20,0,0,0,5,0,2,0,2
189,"commons-io-2.6-src (17 Apr, 2019 3:40:16 PM)/commons-io-2.6-src/src/test/java",org.apache.commons.io.output,TaggedOutputStreamTest,43,147,0,0,15,43,0,4,0,4
190,"commons-io-2.6-src (17 Apr, 2019 3:40:16 PM)/commons-io-2.6-src/src/test/java",org.apache.commons.io.output,StringBuilderWriterTest,9,314,0,0,1,78,0,14,0,14
191,"commons-io-2.6-src (17 Apr, 2019 3:40:16 PM)/commons-io-2.6-src/src/test/java",org.apache.commons.io.output,ProxyWriterTest.new OutputStreamWriter() {...},0,12,0,0,0,3,0,2,0,2
192,"commons-io-2.6-src (17 Apr, 2019 3:40:16 PM)/commons-io-2.6-src/src/test/java",org.apache.commons.io.output,ProxyWriterTest.new OutputStreamWriter() {...},0,12,0,0,0,3,0,2,0,2
193,"commons-io-2.6-src (17 Apr, 2019 3:40:16 PM)/commons-io-2.6-src/src/test/java",org.apache.commons.io.output,ProxyWriterTest.new OutputStreamWriter() {...},0,12,0,0,0,3,0,2,0,2
194,"commons-io-2.6-src (17 Apr, 2019 3:40:16 PM)/commons-io-2.6-src/src/test/java",org.apache.commons.io.output,ProxyOutputStreamTest.new ByteArrayOutputStream() {...},3,9,1,1,1,4,1,2,0,2
195,"commons-io-2.6-src (17 Apr, 2019 3:40:16 PM)/commons-io-2.6-src/src/test/java",org.apache.commons.io.output,ProxyWriterTest.new OutputStreamWriter() {...},0,12,0,0,0,3,0,2,0,2
196,"commons-io-2.6-src (17 Apr, 2019 3:40:16 PM)/commons-io-2.6-src/src/test/java",org.apache.commons.io.output,FileWriterWithEncodingTest,51,401,2,4,12,109,2,18,0,17
197,"commons-io-2.6-src (17 Apr, 2019 3:40:16 PM)/commons-io-2.6-src/src/test/java",org.apache.commons.io.output,ProxyWriterTest.new OutputStreamWriter() {...},0,12,0,0,0,3,0,2,0,2
198,"commons-io-2.6-src (17 Apr, 2019 3:40:16 PM)/commons-io-2.6-src/src/test/java",org.apache.commons.io.output,BrokenOutputStreamTest,37,45,0,0,10,17,0,5,0,5
199,"commons-io-2.6-src (17 Apr, 2019 3:40:16 PM)/commons-io-2.6-src/src/test/java",org.apache.commons.io.output,NullOutputStreamTest,0,35,0,0,0,11,0,2,0,2
200,"commons-io-2.6-src (17 Apr, 2019 3:40:16 PM)/commons-io-2.6-src/src/test/java",org.apache.commons.io.output,TeeOutputStreamTest.RecordCloseByteArrayOutputStream,0,6,0,0,0,3,0,1,0,1
201,"commons-io-2.6-src (17 Apr, 2019 3:40:16 PM)/commons-io-2.6-src/src/test/java",org.apache.commons.io.output,LockableFileWriterTest,56,329,0,0,7,81,0,10,0,10
202,"commons-io-2.6-src (17 Apr, 2019 3:40:16 PM)/commons-io-2.6-src/src/test/java",org.apache.commons.io.output,ByteArrayOutputStreamTestCase,11,477,4,16,4,99,4,16,0,10
203,"commons-io-2.6-src (17 Apr, 2019 3:40:16 PM)/commons-io-2.6-src/src/test/java",org.apache.commons.io.output,ThresholdingOutputStreamTest.new ThresholdingOutputStream() {...},0,23,0,0,0,6,0,3,0,3
204,"commons-io-2.6-src (17 Apr, 2019 3:40:16 PM)/commons-io-2.6-src/src/test/java",org.apache.commons.io.output,ProxyWriterTest,49,408,0,0,20,84,0,22,0,22
205,"commons-io-2.6-src (17 Apr, 2019 3:40:16 PM)/commons-io-2.6-src/src/test/java",org.apache.commons.io.output,WriterOutputStreamTest,16,222,4,6,4,62,2,19,0,16
206,"commons-io-2.6-src (17 Apr, 2019 3:40:16 PM)/commons-io-2.6-src/src/test/java",org.apache.commons.io.output,TeeOutputStreamTest,24,179,0,8,4,35,0,9,0,5
207,"commons-io-2.6-src (17 Apr, 2019 3:40:16 PM)/commons-io-2.6-src/src/test/java",org.apache.commons.io.output,ClosedOutputStreamTest,9,23,0,0,4,7,0,3,0,3
208,"commons-io-2.6-src (17 Apr, 2019 3:40:16 PM)/commons-io-2.6-src/src/test/java",org.apache.commons.io.output,NullWriterTest,0,46,0,0,0,11,0,2,0,2
209,"commons-io-2.6-src (17 Apr, 2019 3:40:16 PM)/commons-io-2.6-src/src/test/java",org.apache.commons.io.output,TeeOutputStreamTest.ExceptionOnCloseByteArrayOutputStream,0,4,0,0,0,1,0,1,0,1
210,"commons-io-2.6-src (17 Apr, 2019 3:40:16 PM)/commons-io-2.6-src/src/test/java",org.apache.commons.io.output,CloseShieldOutputStreamTest,7,47,0,0,2,12,0,3,0,3
211,"commons-io-2.6-src (17 Apr, 2019 3:40:16 PM)/commons-io-2.6-src/src/test/java",org.apache.commons.io.output,CountingOutputStreamTest,12,202,0,10,4,41,0,9,0,4
212,"commons-io-2.6-src (17 Apr, 2019 3:40:16 PM)/commons-io-2.6-src/src/test/java",org.apache.commons.io.output,ChunkedOutputStreamTest.new ByteArrayOutputStream() {...},0,19,0,0,0,5,0,2,0,2
213,"commons-io-2.6-src (17 Apr, 2019 3:40:16 PM)/commons-io-2.6-src/src/test/java",org.apache.commons.io.output,XmlStreamWriterTest,0,171,0,6,0,57,0,20,0,17
214,"commons-io-2.6-src (17 Apr, 2019 3:40:16 PM)/commons-io-2.6-src/src/test/java",org.apache.commons.io.output,CloseShieldOutputStreamTest.new ByteArrayOutputStream() {...},5,6,0,0,2,2,1,1,1,1
215,"commons-io-2.6-src (17 Apr, 2019 3:40:16 PM)/commons-io-2.6-src/src/test/java",org.apache.commons.io.testtools,YellOnCloseInputStream,5,4,0,0,1,2,1,1,1,1
216,"commons-io-2.6-src (17 Apr, 2019 3:40:16 PM)/commons-io-2.6-src/src/test/java",org.apache.commons.io.testtools,YellOnFlushAndCloseOutputStream,16,23,3,1,5,10,3,3,1,3
217,"commons-io-2.6-src (17 Apr, 2019 3:40:16 PM)/commons-io-2.6-src/src/test/java",org.apache.commons.io.testtools,TestUtils,69,380,8,24,12,75,8,22,0,14
218,"commons-io-2.6-src (17 Apr, 2019 3:40:16 PM)/commons-io-2.6-src/src/test/java",org.apache.commons.io,IOCaseTestCase,177,907,11,11,46,181,11,20,0,20
219,"commons-io-2.6-src (17 Apr, 2019 3:40:16 PM)/commons-io-2.6-src/src/test/java",org.apache.commons.io,IOUtilsTestCase.new Writer() {...},4,6,0,0,4,2,4,1,4,1
220,"commons-io-2.6-src (17 Apr, 2019 3:40:16 PM)/commons-io-2.6-src/src/test/java",org.apache.commons.io,FileCleaningTrackerTestCase,129,714,13,9,25,156,10,18,0,17
221,"commons-io-2.6-src (17 Apr, 2019 3:40:16 PM)/commons-io-2.6-src/src/test/java",org.apache.commons.io,IOUtilsTestCase.new Reader() {...},3,6,0,0,2,2,2,1,2,1
222,"commons-io-2.6-src (17 Apr, 2019 3:40:16 PM)/commons-io-2.6-src/src/test/java",org.apache.commons.io,FileSystemUtilsTestCase.new FileSystemUtils() {...},0,12,0,2,0,3,0,3,0,2
223,"commons-io-2.6-src (17 Apr, 2019 3:40:16 PM)/commons-io-2.6-src/src/test/java",org.apache.commons.io,EndianUtilsTest,6,956,0,2,2,185,0,24,0,23
224,"commons-io-2.6-src (17 Apr, 2019 3:40:16 PM)/commons-io-2.6-src/src/test/java",org.apache.commons.io,SelectorAdapter,17,3,0,0,9,1,9,1,9,1
225,"commons-io-2.6-src (17 Apr, 2019 3:40:16 PM)/commons-io-2.6-src/src/test/java",org.apache.commons.io,IOUtilsTestCase.new Writer() {...},4,6,0,0,4,2,4,1,4,1
226,"commons-io-2.6-src (17 Apr, 2019 3:40:16 PM)/commons-io-2.6-src/src/test/java",org.apache.commons.io,FileUtilsFileNewerTestCase,61,187,4,4,15,32,7,6,3,6
227,"commons-io-2.6-src (17 Apr, 2019 3:40:16 PM)/commons-io-2.6-src/src/test/java",org.apache.commons.io,IOUtilsTestCase.new SelectorAdapter() {...},0,10,0,0,0,3,0,2,0,2
228,"commons-io-2.6-src (17 Apr, 2019 3:40:16 PM)/commons-io-2.6-src/src/test/java",org.apache.commons.io,FileUtilsListFilesTestCase,9,452,0,4,2,104,0,10,0,8
229,"commons-io-2.6-src (17 Apr, 2019 3:40:16 PM)/commons-io-2.6-src/src/test/java",org.apache.commons.io,FileUtilsCleanSymlinksTestCase,488,62,8,8,107,20,9,10,1,10
230,"commons-io-2.6-src (17 Apr, 2019 3:40:16 PM)/commons-io-2.6-src/src/test/java",org.apache.commons.io,FileUtilsTestCase.new File() {...},0,11,0,0,0,4,0,3,0,3
231,"commons-io-2.6-src (17 Apr, 2019 3:40:16 PM)/commons-io-2.6-src/src/test/java",org.apache.commons.io,DemuxTestCase,0,238,0,4,0,53,0,12,0,10
232,"commons-io-2.6-src (17 Apr, 2019 3:40:16 PM)/commons-io-2.6-src/src/test/java",org.apache.commons.io,ByteOrderParserTest,5,18,0,0,2,6,1,4,1,4
233,"commons-io-2.6-src (17 Apr, 2019 3:40:16 PM)/commons-io-2.6-src/src/test/java",org.apache.commons.io,HexDumpTest,16,844,0,42,4,140,0,25,0,4
234,"commons-io-2.6-src (17 Apr, 2019 3:40:16 PM)/commons-io-2.6-src/src/test/java",org.apache.commons.io,FileUtilsTestCase,1106,6368,70,88,224,1524,73,156,4,146
235,"commons-io-2.6-src (17 Apr, 2019 3:40:16 PM)/commons-io-2.6-src/src/test/java",org.apache.commons.io,IOUtilsTestCase.new Closeable() {...},0,10,0,0,0,3,0,2,0,2
236,"commons-io-2.6-src (17 Apr, 2019 3:40:16 PM)/commons-io-2.6-src/src/test/java",org.apache.commons.io,FileSystemUtilsTestCase.MockFileSystemUtils,0,36,0,2,0,10,0,4,0,3
237,"commons-io-2.6-src (17 Apr, 2019 3:40:16 PM)/commons-io-2.6-src/src/test/java",org.apache.commons.io,DirectoryWalkerTestCaseJava4.TestMultiThreadCancelWalker,5,63,0,6,1,20,0,9,0,6
238,"commons-io-2.6-src (17 Apr, 2019 3:40:16 PM)/commons-io-2.6-src/src/test/java",org.apache.commons.io,DemuxTestCase.ReaderThread,3,54,0,2,1,15,0,4,0,3
239,"commons-io-2.6-src (17 Apr, 2019 3:40:16 PM)/commons-io-2.6-src/src/test/java",org.apache.commons.io,DirectoryWalkerTestCase.TestFalseFileFinder,0,7,0,0,0,3,0,2,0,2
240,"commons-io-2.6-src (17 Apr, 2019 3:40:16 PM)/commons-io-2.6-src/src/test/java",org.apache.commons.io,DirectoryWalkerTestCaseJava4.TestCancelWalker,5,57,0,6,1,17,0,8,0,5
241,"commons-io-2.6-src (17 Apr, 2019 3:40:16 PM)/commons-io-2.6-src/src/test/java",org.apache.commons.io,LineIteratorTestCase.new BufferedReader() {...},0,12,0,0,0,3,0,2,0,2
242,"commons-io-2.6-src (17 Apr, 2019 3:40:16 PM)/commons-io-2.6-src/src/test/java",org.apache.commons.io,CopyUtilsTest,0,432,0,0,0,91,0,12,0,12
243,"commons-io-2.6-src (17 Apr, 2019 3:40:16 PM)/commons-io-2.6-src/src/test/java",org.apache.commons.io,FileSystemUtilsTestCase.new FileSystemUtils() {...},0,8,0,0,0,3,0,2,0,2
244,"commons-io-2.6-src (17 Apr, 2019 3:40:16 PM)/commons-io-2.6-src/src/test/java",org.apache.commons.io,IOUtilsTestCase.new InputStream() {...},2,6,0,0,1,2,1,1,1,1
245,"commons-io-2.6-src (17 Apr, 2019 3:40:16 PM)/commons-io-2.6-src/src/test/java",org.apache.commons.io,ByteOrderMarkTestCase,55,341,0,0,8,52,0,11,0,11
246,"commons-io-2.6-src (17 Apr, 2019 3:40:16 PM)/commons-io-2.6-src/src/test/java",org.apache.commons.io,IOUtilsTestCase.new Reader() {...},3,6,0,0,2,2,2,1,2,1
247,"commons-io-2.6-src (17 Apr, 2019 3:40:16 PM)/commons-io-2.6-src/src/test/java",org.apache.commons.io,FileUtilsTestCase.new File() {...},0,9,0,0,0,3,0,2,0,2
248,"commons-io-2.6-src (17 Apr, 2019 3:40:16 PM)/commons-io-2.6-src/src/test/java",org.apache.commons.io,DirectoryWalkerTestCase.TestMultiThreadCancelWalker,5,63,0,6,1,20,0,9,0,6
249,"commons-io-2.6-src (17 Apr, 2019 3:40:16 PM)/commons-io-2.6-src/src/test/java",org.apache.commons.io,FileUtilsDirectoryContainsTestCase,36,299,0,0,5,66,0,13,0,13
250,"commons-io-2.6-src (17 Apr, 2019 3:40:16 PM)/commons-io-2.6-src/src/test/java",org.apache.commons.io,LineIteratorTestCase.new LineIterator() {...},0,25,0,2,0,4,0,3,0,2
251,"commons-io-2.6-src (17 Apr, 2019 3:40:16 PM)/commons-io-2.6-src/src/test/java",org.apache.commons.io,IOExceptionWithCauseTestCase,0,49,0,0,0,13,0,4,0,4
252,"commons-io-2.6-src (17 Apr, 2019 3:40:16 PM)/commons-io-2.6-src/src/test/java",org.apache.commons.io,IOUtilsCopyTestCase,56,754,0,0,24,156,0,25,0,25
253,"commons-io-2.6-src (17 Apr, 2019 3:40:16 PM)/commons-io-2.6-src/src/test/java",org.apache.commons.io,DirectoryWalkerTestCaseJava4.TestFileFinder,4,32,0,0,1,12,0,5,0,5
254,"commons-io-2.6-src (17 Apr, 2019 3:40:16 PM)/commons-io-2.6-src/src/test/java",org.apache.commons.io,IOUtilsWriteTestCase,86,1679,0,0,30,391,0,54,0,54
255,"commons-io-2.6-src (17 Apr, 2019 3:40:16 PM)/commons-io-2.6-src/src/test/java",org.apache.commons.io,FileSystemUtilsTestCase,425,401,15,1,92,145,8,29,0,29
256,"commons-io-2.6-src (17 Apr, 2019 3:40:16 PM)/commons-io-2.6-src/src/test/java",org.apache.commons.io,IOUtilsTestCase,245,2851,3,7,73,751,9,110,6,108
257,"commons-io-2.6-src (17 Apr, 2019 3:40:16 PM)/commons-io-2.6-src/src/test/java",org.apache.commons.io,CharsetsTestCase,0,97,0,0,0,26,0,9,0,9
258,"commons-io-2.6-src (17 Apr, 2019 3:40:16 PM)/commons-io-2.6-src/src/test/java",org.apache.commons.io,FileUtilsWaitForTestCase.new Runnable() {...},0,28,0,0,0,6,0,2,0,2
259,"commons-io-2.6-src (17 Apr, 2019 3:40:16 PM)/commons-io-2.6-src/src/test/java",org.apache.commons.io,FileCleanerTestCase,0,5,0,0,0,2,0,2,0,2
260,"commons-io-2.6-src (17 Apr, 2019 3:40:16 PM)/commons-io-2.6-src/src/test/java",org.apache.commons.io,IOUtilsTestCase.new ServerSocket() {...},0,10,0,0,0,3,0,2,0,2
261,"commons-io-2.6-src (17 Apr, 2019 3:40:16 PM)/commons-io-2.6-src/src/test/java",org.apache.commons.io,FileUtilsCleanDirectoryTestCase,99,119,10,2,24,27,7,7,1,7
262,"commons-io-2.6-src (17 Apr, 2019 3:40:16 PM)/commons-io-2.6-src/src/test/java",org.apache.commons.io,TaggedIOExceptionTest,0,34,0,0,0,9,0,2,0,2
263,"commons-io-2.6-src (17 Apr, 2019 3:40:16 PM)/commons-io-2.6-src/src/test/java",org.apache.commons.io,IOUtilsTestCase.new Closeable() {...},0,10,0,0,0,3,0,2,0,2
264,"commons-io-2.6-src (17 Apr, 2019 3:40:16 PM)/commons-io-2.6-src/src/test/java",org.apache.commons.io,DirectoryWalkerTestCaseJava4.TestFalseFileFinder,0,7,0,0,0,3,0,2,0,2
265,"commons-io-2.6-src (17 Apr, 2019 3:40:16 PM)/commons-io-2.6-src/src/test/java",org.apache.commons.io,FileDeleteStrategyTestCase,49,236,3,3,10,67,3,7,0,7
266,"commons-io-2.6-src (17 Apr, 2019 3:40:16 PM)/commons-io-2.6-src/src/test/java",org.apache.commons.io,IOUtilsTestCase.new Socket() {...},0,10,0,0,0,3,0,2,0,2
267,"commons-io-2.6-src (17 Apr, 2019 3:40:16 PM)/commons-io-2.6-src/src/test/java",org.apache.commons.io,DirectoryWalkerTestCase,150,863,1,15,20,143,1,29,0,22
268,"commons-io-2.6-src (17 Apr, 2019 3:40:16 PM)/commons-io-2.6-src/src/test/java",org.apache.commons.io,FilenameUtilsTestCase,168,5312,6,6,30,762,7,39,1,39
269,"commons-io-2.6-src (17 Apr, 2019 3:40:16 PM)/commons-io-2.6-src/src/test/java",org.apache.commons.io,IOUtilsTestCase.new InputStream() {...},2,6,0,0,1,2,1,1,1,1
270,"commons-io-2.6-src (17 Apr, 2019 3:40:16 PM)/commons-io-2.6-src/src/test/java",org.apache.commons.io,ThreadMonitorTestCase,28,40,0,0,6,20,0,4,0,4
271,"commons-io-2.6-src (17 Apr, 2019 3:40:16 PM)/commons-io-2.6-src/src/test/java",org.apache.commons.io,LineIteratorTestCase,84,581,3,17,28,158,3,32,0,25
272,"commons-io-2.6-src (17 Apr, 2019 3:40:16 PM)/commons-io-2.6-src/src/test/java",org.apache.commons.io,DirectoryWalkerTestCase.TestCancelWalker,5,57,0,6,1,17,0,8,0,5
273,"commons-io-2.6-src (17 Apr, 2019 3:40:16 PM)/commons-io-2.6-src/src/test/java",org.apache.commons.io,FileUtilsTestCase.new File() {...},0,10,0,0,0,3,0,2,0,2
274,"commons-io-2.6-src (17 Apr, 2019 3:40:16 PM)/commons-io-2.6-src/src/test/java",org.apache.commons.io,FileUtilsTestCase.ListDirectoryWalker,0,25,0,2,0,10,0,5,0,4
275,"commons-io-2.6-src (17 Apr, 2019 3:40:16 PM)/commons-io-2.6-src/src/test/java",org.apache.commons.io,FileUtilsWaitForTestCase,0,52,0,0,0,14,0,3,0,3
276,"commons-io-2.6-src (17 Apr, 2019 3:40:16 PM)/commons-io-2.6-src/src/test/java",org.apache.commons.io,IOUtilsTestCase.new OutputStream() {...},1,6,0,0,1,2,1,1,1,1
277,"commons-io-2.6-src (17 Apr, 2019 3:40:16 PM)/commons-io-2.6-src/src/test/java",org.apache.commons.io,DirectoryWalkerTestCaseJava4,80,795,1,13,10,133,1,26,0,20
278,"commons-io-2.6-src (17 Apr, 2019 3:40:16 PM)/commons-io-2.6-src/src/test/java",org.apache.commons.io,IOUtilsTestCase.new OutputStream() {...},1,6,0,0,1,2,1,1,1,1
279,"commons-io-2.6-src (17 Apr, 2019 3:40:16 PM)/commons-io-2.6-src/src/test/java",org.apache.commons.io,FileUtilsTestCase.ShorterFile,0,9,0,0,0,3,0,2,0,2
280,"commons-io-2.6-src (17 Apr, 2019 3:40:16 PM)/commons-io-2.6-src/src/test/java",org.apache.commons.io,FilenameUtilsWildcardTestCase,1,955,1,5,0,155,1,12,0,10
281,"commons-io-2.6-src (17 Apr, 2019 3:40:16 PM)/commons-io-2.6-src/src/test/java",org.apache.commons.io,DirectoryWalkerTestCase.TestFileFinder,4,32,0,0,1,12,0,5,0,5
282,"commons-io-2.6-src (17 Apr, 2019 3:40:16 PM)/commons-io-2.6-src/src/test/java",org.apache.commons.io,DemuxTestCase.WriterThread,3,52,0,2,1,12,0,3,0,2
283,"commons-io-2.6-src (17 Apr, 2019 3:40:16 PM)/commons-io-2.6-src/src/test/java",org.apache.commons.io,DirectoryWalkerTestCase.TestFileFinderString,4,22,0,0,1,8,0,3,0,3
284,"commons-io-2.6-src (17 Apr, 2019 3:40:16 PM)/commons-io-2.6-src/src/test/java",org.apache.commons.io.filefilter,RegexFileFilterTestCase,72,194,3,3,14,33,3,3,0,3
285,"commons-io-2.6-src (17 Apr, 2019 3:40:16 PM)/commons-io-2.6-src/src/test/java",org.apache.commons.io.filefilter,OrFileFilterTestCase,0,810,0,2,0,144,0,14,0,13
286,"commons-io-2.6-src (17 Apr, 2019 3:40:16 PM)/commons-io-2.6-src/src/test/java",org.apache.commons.io.filefilter,IOFileFilterAbstractTestCase.TesterFalseFileFilter,0,32,0,0,0,10,0,6,0,6
287,"commons-io-2.6-src (17 Apr, 2019 3:40:16 PM)/commons-io-2.6-src/src/test/java",org.apache.commons.io.filefilter,IOFileFilterAbstractTestCase,94,183,6,12,12,25,4,14,1,8
288,"commons-io-2.6-src (17 Apr, 2019 3:40:16 PM)/commons-io-2.6-src/src/test/java",org.apache.commons.io.filefilter,FileFilterTestCase,609,4175,40,44,136,771,40,53,1,50
289,"commons-io-2.6-src (17 Apr, 2019 3:40:16 PM)/commons-io-2.6-src/src/test/java",org.apache.commons.io.filefilter,IOFileFilterAbstractTestCase.TesterTrueFileFilter,0,32,0,0,0,10,0,6,0,6
290,"commons-io-2.6-src (17 Apr, 2019 3:40:16 PM)/commons-io-2.6-src/src/test/java",org.apache.commons.io.filefilter,AndFileFilterTestCase,0,822,0,2,0,144,0,14,0,13
291,"commons-io-2.6-src (17 Apr, 2019 3:40:16 PM)/commons-io-2.6-src/src/test/java",org.apache.commons.io.filefilter,ConditionalFileFilterAbstractTestCase,2,456,1,11,0,88,1,12,0,7
292,"commons-io-2.6-src (17 Apr, 2019 3:40:16 PM)/commons-io-2.6-src/src/test/java",org.apache.commons.io.input.compatibility,XmlStreamReader,456,869,84,132,115,189,65,70,12,15
293,"commons-io-2.6-src (17 Apr, 2019 3:40:16 PM)/commons-io-2.6-src/src/test/java",org.apache.commons.io.input.compatibility,XmlStreamReaderException,0,25,0,0,0,6,0,3,0,3
294,"commons-io-2.6-src (17 Apr, 2019 3:40:16 PM)/commons-io-2.6-src/src/test/java",org.apache.commons.io.input.compatibility,XmlStreamReaderUtilitiesCompatibilityTest.MockXmlStreamReader,0,11,0,0,0,2,0,1,0,1
295,"commons-io-2.6-src (17 Apr, 2019 3:40:16 PM)/commons-io-2.6-src/src/test/java",org.apache.commons.io.input.compatibility,XmlStreamReaderUtilitiesCompatibilityTest,0,40,0,0,0,12,0,3,0,3
296,"commons-io-2.6-src (17 Apr, 2019 3:40:16 PM)/commons-io-2.6-src/src/test/java",org.apache.commons.io.comparator,ExtensionFileComparatorTest,7,122,7,7,0,19,7,3,0,3
297,"commons-io-2.6-src (17 Apr, 2019 3:40:16 PM)/commons-io-2.6-src/src/test/java",org.apache.commons.io.comparator,LastModifiedFileComparatorTest,39,125,5,5,6,30,5,2,0,2
298,"commons-io-2.6-src (17 Apr, 2019 3:40:16 PM)/commons-io-2.6-src/src/test/java",org.apache.commons.io.comparator,ComparatorAbstractTestCase,4,200,4,4,0,36,4,9,0,9
299,"commons-io-2.6-src (17 Apr, 2019 3:40:16 PM)/commons-io-2.6-src/src/test/java",org.apache.commons.io.comparator,PathFileComparatorTest,7,122,7,7,0,19,7,3,0,3
300,"commons-io-2.6-src (17 Apr, 2019 3:40:16 PM)/commons-io-2.6-src/src/test/java",org.apache.commons.io.comparator,CompositeFileComparatorTest,58,255,6,6,8,46,6,5,0,5
301,"commons-io-2.6-src (17 Apr, 2019 3:40:16 PM)/commons-io-2.6-src/src/test/java",org.apache.commons.io.comparator,DefaultFileComparatorTest,0,35,0,0,0,8,0,2,0,2
302,"commons-io-2.6-src (17 Apr, 2019 3:40:16 PM)/commons-io-2.6-src/src/test/java",org.apache.commons.io.comparator,NameFileComparatorTest,7,122,7,7,0,19,7,3,0,3
303,"commons-io-2.6-src (17 Apr, 2019 3:40:16 PM)/commons-io-2.6-src/src/test/java",org.apache.commons.io.comparator,SizeFileComparatorTest,42,189,4,4,6,36,4,4,0,4
304,"commons-io-2.6-src (17 Apr, 2019 3:40:16 PM)/commons-io-2.6-src/src/test/java",org.apache.commons.io.comparator,DirectoryFileComparatorTest,0,46,0,0,0,11,0,4,0,4
