,col0,col1,col2,col3,col4,col5,col6,col7,col8
0,Hokkaido,767,485,253,29,2020-05-01T10:25:45,https://www.harp.lg.jp/opendata/dataset/1369/resource/2853/covid19_data.csv,https://www.harp.lg.jp/opendata/dataset/1369.html,
1,Fukushima,73,49,24,0,2020-04-30T22:05:35,http://www.pref.fukushima.lg.jp/w4/covid19/patients/070009_fukushima_covid19_patients_200430.csv,http://www.pref.fukushima.lg.jp/w4/covid19/patients/,
2,Gunma,146,99,31,16,2020-05-01T09:00,https://raw.githubusercontent.com/bpr-gunma/covid19/master/data/data.json,https://github.com/bpr-gunma/covid19,
3,Chiba,733,572,135,26,2020-04-29T20:48,https://raw.githubusercontent.com/civictechzenchiba/covid19-chiba/master/data/data.json,https://github.com/civictechzenchiba/covid19-chiba,
4,Tokyo,4152,2608,1424,120,2020-04-30T19:30,https://raw.githubusercontent.com/tokyo-metropolitan-gov/covid19/master/data/data.json,https://catalog.data.metro.tokyo.lg.jp/organization/t000010?q=%E6%96%B0%E5%9E%8B%E3%82%B3%E3%83%AD%E3%83%8A&sort=score+desc%2C+metadata_modified+desc,
5,Fukui,122,44,70,8,2020-04-30T14:43:09,https://www.pref.fukui.lg.jp/doc/toukei-jouhou/covid-19_d/fil/covid19_hospitalization.csv,https://www.pref.fukui.lg.jp/doc/toukei-jouhou/covid-19.html,
6,Nagano,66,48,18,0,2020-04-30T21:00:05,https://www.pref.nagano.lg.jp//hoken-shippei/kenko/kenko/kansensho/joho/documents/200000_nagano_covid19_patients.csv,https://www.pref.nagano.lg.jp/hoken-shippei/kenko/kenko/kansensho/joho/corona-doko.html,
7,Gifu,149,66,77,6,2020-04-30T23:55:02,https://data.gifu-opendata.pref.gifu.lg.jp/dataset/4661bf9d-6f75-43fb-9d59-f02eb84bb6e3/resource/9c35ee55-a140-4cd8-a266-a74edf60aa80/download/210005gifucovid19patients.csv,https://data.gifu-opendata.pref.gifu.lg.jp/dataset/c11223-001,
8,Shizuoka,72,36,36,0,2020-04-30T19:31:57,https://opendata.pref.shizuoka.jp/dataset/8167/resource/44807/220001_shizuoka_covid19_patients.csv,https://opendata.pref.shizuoka.jp/dataset/8167.html,
9,Osaka,1597,935,623,39,2020-04-30T18:01,https://raw.githubusercontent.com/codeforosaka/covid19/development/data/data.json,https://github.com/codeforosaka/covid19,
10,Hyogo,643,312,304,27,2020-04-30T00:00:00,https://web.pref.hyogo.lg.jp/kk03/documents/yousei.xlsx,http://open-data.pref.hyogo.lg.jp/?page_id=141,25.0
11,Wakayama,62,29,31,2,2020-04-30T18:00:00,https://www.pref.wakayama.lg.jp/prefg/000200/covid19_d/fil/kansensuii.xlsx,https://www.pref.wakayama.lg.jp/prefg/041200/d00203387.html,
12,Yamaguchi,32,4,28,0,2020-05-01T13:49:25,https://yamaguchi-opendata.jp/ckan/dataset/f6e5cff9-ae43-4cd9-a398-085187277edf/resource/1a5f9bca-3216-45df-8a99-5c591df8f628/download/350001_yamaguchi_covid19_hospitalization.csv,https://yamaguchi-opendata.jp/ckan/dataset/f6e5cff9-ae43-4cd9-a398-085187277edf ,
13,Fukuoka,641,346,275,20,2020-05-01T08:46:53,https://ckan.open-governmentdata.org/dataset/fe943202-2db4-44f8-9686-9cf682690bb7/resource/207a6b85-80a5-4297-aba1-a9e0fae93092/download/400009_pref_fukuoka_covid19_totalpatients.csv,https://www.open-governmentdata.org/fukuoka-pref/pages/search?keyword=%E6%96%B0%E5%9E%8B%E3%82%B3%E3%83%AD%E3%83%8A&sort=score+desc%2C+metadata_modified+desc&search_clear=#result_area,
14,Kumamoto,47,33,13,1,2020-04-26,https://www.pref.kumamoto.jp/common/UploadFileOutput.ashx?c_id=3&id=22038&sub_id=22&flid=232980,https://www.pref.kumamoto.jp/kiji_22038.html,
