,col0,col1,col2,col3,col4,col5,col6,col7,col8,col9,col10
0,ContactApis.dll,1003520,3,1224330312,2008-10-18T11:45:12.000Z,imports,msvcrt.dll,__C_specific_handler,2054742bcde1939326b8d6187f32c6be,ff53ff8eec03a32d66697596861f4e91fd198f5bff9ccc6ca497b2609f80dc43,c:\Windows\WinSxS\amd64_microsoft-windows-u..access-userdataapis_31bf3856ad364e35_10.0.18362.1_none_dc3b44a93e6b06c4\ContactApis.dll
1,ContactApis.dll,1003520,3,1224330312,2008-10-18T11:45:12.000Z,imports,msvcrt.dll,__CxxFrameHandler3,2054742bcde1939326b8d6187f32c6be,ff53ff8eec03a32d66697596861f4e91fd198f5bff9ccc6ca497b2609f80dc43,c:\Windows\WinSxS\amd64_microsoft-windows-u..access-userdataapis_31bf3856ad364e35_10.0.18362.1_none_dc3b44a93e6b06c4\ContactApis.dll
2,ContactApis.dll,1003520,3,1224330312,2008-10-18T11:45:12.000Z,imports,msvcrt.dll,__dllonexit,2054742bcde1939326b8d6187f32c6be,ff53ff8eec03a32d66697596861f4e91fd198f5bff9ccc6ca497b2609f80dc43,c:\Windows\WinSxS\amd64_microsoft-windows-u..access-userdataapis_31bf3856ad364e35_10.0.18362.1_none_dc3b44a93e6b06c4\ContactApis.dll
3,ContactApis.dll,1003520,3,1224330312,2008-10-18T11:45:12.000Z,imports,msvcrt.dll,_amsg_exit,2054742bcde1939326b8d6187f32c6be,ff53ff8eec03a32d66697596861f4e91fd198f5bff9ccc6ca497b2609f80dc43,c:\Windows\WinSxS\amd64_microsoft-windows-u..access-userdataapis_31bf3856ad364e35_10.0.18362.1_none_dc3b44a93e6b06c4\ContactApis.dll
4,ContactApis.dll,1003520,3,1224330312,2008-10-18T11:45:12.000Z,imports,msvcrt.dll,_callnewh,2054742bcde1939326b8d6187f32c6be,ff53ff8eec03a32d66697596861f4e91fd198f5bff9ccc6ca497b2609f80dc43,c:\Windows\WinSxS\amd64_microsoft-windows-u..access-userdataapis_31bf3856ad364e35_10.0.18362.1_none_dc3b44a93e6b06c4\ContactApis.dll
5,ContactApis.dll,1003520,3,1224330312,2008-10-18T11:45:12.000Z,imports,msvcrt.dll,_errno,2054742bcde1939326b8d6187f32c6be,ff53ff8eec03a32d66697596861f4e91fd198f5bff9ccc6ca497b2609f80dc43,c:\Windows\WinSxS\amd64_microsoft-windows-u..access-userdataapis_31bf3856ad364e35_10.0.18362.1_none_dc3b44a93e6b06c4\ContactApis.dll
6,ContactApis.dll,1003520,3,1224330312,2008-10-18T11:45:12.000Z,imports,msvcrt.dll,_initterm,2054742bcde1939326b8d6187f32c6be,ff53ff8eec03a32d66697596861f4e91fd198f5bff9ccc6ca497b2609f80dc43,c:\Windows\WinSxS\amd64_microsoft-windows-u..access-userdataapis_31bf3856ad364e35_10.0.18362.1_none_dc3b44a93e6b06c4\ContactApis.dll
7,ContactApis.dll,1003520,3,1224330312,2008-10-18T11:45:12.000Z,imports,msvcrt.dll,_lock,2054742bcde1939326b8d6187f32c6be,ff53ff8eec03a32d66697596861f4e91fd198f5bff9ccc6ca497b2609f80dc43,c:\Windows\WinSxS\amd64_microsoft-windows-u..access-userdataapis_31bf3856ad364e35_10.0.18362.1_none_dc3b44a93e6b06c4\ContactApis.dll
8,ContactApis.dll,1003520,3,1224330312,2008-10-18T11:45:12.000Z,imports,msvcrt.dll,_onexit,2054742bcde1939326b8d6187f32c6be,ff53ff8eec03a32d66697596861f4e91fd198f5bff9ccc6ca497b2609f80dc43,c:\Windows\WinSxS\amd64_microsoft-windows-u..access-userdataapis_31bf3856ad364e35_10.0.18362.1_none_dc3b44a93e6b06c4\ContactApis.dll
9,ContactApis.dll,1003520,3,1224330312,2008-10-18T11:45:12.000Z,imports,msvcrt.dll,_purecall,2054742bcde1939326b8d6187f32c6be,ff53ff8eec03a32d66697596861f4e91fd198f5bff9ccc6ca497b2609f80dc43,c:\Windows\WinSxS\amd64_microsoft-windows-u..access-userdataapis_31bf3856ad364e35_10.0.18362.1_none_dc3b44a93e6b06c4\ContactApis.dll
10,ContactApis.dll,1003520,3,1224330312,2008-10-18T11:45:12.000Z,imports,msvcrt.dll,_unlock,2054742bcde1939326b8d6187f32c6be,ff53ff8eec03a32d66697596861f4e91fd198f5bff9ccc6ca497b2609f80dc43,c:\Windows\WinSxS\amd64_microsoft-windows-u..access-userdataapis_31bf3856ad364e35_10.0.18362.1_none_dc3b44a93e6b06c4\ContactApis.dll
11,ContactApis.dll,1003520,3,1224330312,2008-10-18T11:45:12.000Z,imports,msvcrt.dll,_vsnwprintf,2054742bcde1939326b8d6187f32c6be,ff53ff8eec03a32d66697596861f4e91fd198f5bff9ccc6ca497b2609f80dc43,c:\Windows\WinSxS\amd64_microsoft-windows-u..access-userdataapis_31bf3856ad364e35_10.0.18362.1_none_dc3b44a93e6b06c4\ContactApis.dll
12,ContactApis.dll,1003520,3,1224330312,2008-10-18T11:45:12.000Z,imports,msvcrt.dll,_vsnwprintf_s,2054742bcde1939326b8d6187f32c6be,ff53ff8eec03a32d66697596861f4e91fd198f5bff9ccc6ca497b2609f80dc43,c:\Windows\WinSxS\amd64_microsoft-windows-u..access-userdataapis_31bf3856ad364e35_10.0.18362.1_none_dc3b44a93e6b06c4\ContactApis.dll
13,ContactApis.dll,1003520,3,1224330312,2008-10-18T11:45:12.000Z,imports,msvcrt.dll,free,2054742bcde1939326b8d6187f32c6be,ff53ff8eec03a32d66697596861f4e91fd198f5bff9ccc6ca497b2609f80dc43,c:\Windows\WinSxS\amd64_microsoft-windows-u..access-userdataapis_31bf3856ad364e35_10.0.18362.1_none_dc3b44a93e6b06c4\ContactApis.dll
14,ContactApis.dll,1003520,3,1224330312,2008-10-18T11:45:12.000Z,imports,msvcrt.dll,malloc,2054742bcde1939326b8d6187f32c6be,ff53ff8eec03a32d66697596861f4e91fd198f5bff9ccc6ca497b2609f80dc43,c:\Windows\WinSxS\amd64_microsoft-windows-u..access-userdataapis_31bf3856ad364e35_10.0.18362.1_none_dc3b44a93e6b06c4\ContactApis.dll
15,ContactApis.dll,1003520,3,1224330312,2008-10-18T11:45:12.000Z,imports,msvcrt.dll,memcmp,2054742bcde1939326b8d6187f32c6be,ff53ff8eec03a32d66697596861f4e91fd198f5bff9ccc6ca497b2609f80dc43,c:\Windows\WinSxS\amd64_microsoft-windows-u..access-userdataapis_31bf3856ad364e35_10.0.18362.1_none_dc3b44a93e6b06c4\ContactApis.dll
16,ContactApis.dll,1003520,3,1224330312,2008-10-18T11:45:12.000Z,imports,msvcrt.dll,memcpy,2054742bcde1939326b8d6187f32c6be,ff53ff8eec03a32d66697596861f4e91fd198f5bff9ccc6ca497b2609f80dc43,c:\Windows\WinSxS\amd64_microsoft-windows-u..access-userdataapis_31bf3856ad364e35_10.0.18362.1_none_dc3b44a93e6b06c4\ContactApis.dll
17,ContactApis.dll,1003520,3,1224330312,2008-10-18T11:45:12.000Z,imports,msvcrt.dll,memcpy_s,2054742bcde1939326b8d6187f32c6be,ff53ff8eec03a32d66697596861f4e91fd198f5bff9ccc6ca497b2609f80dc43,c:\Windows\WinSxS\amd64_microsoft-windows-u..access-userdataapis_31bf3856ad364e35_10.0.18362.1_none_dc3b44a93e6b06c4\ContactApis.dll
18,ContactApis.dll,1003520,3,1224330312,2008-10-18T11:45:12.000Z,imports,msvcrt.dll,memmove,2054742bcde1939326b8d6187f32c6be,ff53ff8eec03a32d66697596861f4e91fd198f5bff9ccc6ca497b2609f80dc43,c:\Windows\WinSxS\amd64_microsoft-windows-u..access-userdataapis_31bf3856ad364e35_10.0.18362.1_none_dc3b44a93e6b06c4\ContactApis.dll
19,ContactApis.dll,1003520,3,1224330312,2008-10-18T11:45:12.000Z,imports,msvcrt.dll,memmove_s,2054742bcde1939326b8d6187f32c6be,ff53ff8eec03a32d66697596861f4e91fd198f5bff9ccc6ca497b2609f80dc43,c:\Windows\WinSxS\amd64_microsoft-windows-u..access-userdataapis_31bf3856ad364e35_10.0.18362.1_none_dc3b44a93e6b06c4\ContactApis.dll
20,ContactApis.dll,1003520,3,1224330312,2008-10-18T11:45:12.000Z,imports,msvcrt.dll,memset,2054742bcde1939326b8d6187f32c6be,ff53ff8eec03a32d66697596861f4e91fd198f5bff9ccc6ca497b2609f80dc43,c:\Windows\WinSxS\amd64_microsoft-windows-u..access-userdataapis_31bf3856ad364e35_10.0.18362.1_none_dc3b44a93e6b06c4\ContactApis.dll
21,ContactApis.dll,1003520,3,1224330312,2008-10-18T11:45:12.000Z,imports,msvcrt.dll,realloc,2054742bcde1939326b8d6187f32c6be,ff53ff8eec03a32d66697596861f4e91fd198f5bff9ccc6ca497b2609f80dc43,c:\Windows\WinSxS\amd64_microsoft-windows-u..access-userdataapis_31bf3856ad364e35_10.0.18362.1_none_dc3b44a93e6b06c4\ContactApis.dll
22,ContactApis.dll,1003520,3,1224330312,2008-10-18T11:45:12.000Z,imports,msvcrt.dll,wcsstr,2054742bcde1939326b8d6187f32c6be,ff53ff8eec03a32d66697596861f4e91fd198f5bff9ccc6ca497b2609f80dc43,c:\Windows\WinSxS\amd64_microsoft-windows-u..access-userdataapis_31bf3856ad364e35_10.0.18362.1_none_dc3b44a93e6b06c4\ContactApis.dll
23,ContactApis.dll,1003520,3,1224330312,2008-10-18T11:45:12.000Z,imports,msvcrt.dll,wcstoul,2054742bcde1939326b8d6187f32c6be,ff53ff8eec03a32d66697596861f4e91fd198f5bff9ccc6ca497b2609f80dc43,c:\Windows\WinSxS\amd64_microsoft-windows-u..access-userdataapis_31bf3856ad364e35_10.0.18362.1_none_dc3b44a93e6b06c4\ContactApis.dll
24,ContactApis.dll,1003520,3,1224330312,2008-10-18T11:45:12.000Z,imports,api-ms-win-core-libraryloader-l1-2-0.dll,DisableThreadLibraryCalls,2054742bcde1939326b8d6187f32c6be,ff53ff8eec03a32d66697596861f4e91fd198f5bff9ccc6ca497b2609f80dc43,c:\Windows\WinSxS\amd64_microsoft-windows-u..access-userdataapis_31bf3856ad364e35_10.0.18362.1_none_dc3b44a93e6b06c4\ContactApis.dll
25,ContactApis.dll,1003520,3,1224330312,2008-10-18T11:45:12.000Z,imports,api-ms-win-core-libraryloader-l1-2-0.dll,FreeLibrary,2054742bcde1939326b8d6187f32c6be,ff53ff8eec03a32d66697596861f4e91fd198f5bff9ccc6ca497b2609f80dc43,c:\Windows\WinSxS\amd64_microsoft-windows-u..access-userdataapis_31bf3856ad364e35_10.0.18362.1_none_dc3b44a93e6b06c4\ContactApis.dll
26,ContactApis.dll,1003520,3,1224330312,2008-10-18T11:45:12.000Z,imports,api-ms-win-core-libraryloader-l1-2-0.dll,GetModuleFileNameA,2054742bcde1939326b8d6187f32c6be,ff53ff8eec03a32d66697596861f4e91fd198f5bff9ccc6ca497b2609f80dc43,c:\Windows\WinSxS\amd64_microsoft-windows-u..access-userdataapis_31bf3856ad364e35_10.0.18362.1_none_dc3b44a93e6b06c4\ContactApis.dll
27,ContactApis.dll,1003520,3,1224330312,2008-10-18T11:45:12.000Z,imports,api-ms-win-core-libraryloader-l1-2-0.dll,GetModuleHandleExW,2054742bcde1939326b8d6187f32c6be,ff53ff8eec03a32d66697596861f4e91fd198f5bff9ccc6ca497b2609f80dc43,c:\Windows\WinSxS\amd64_microsoft-windows-u..access-userdataapis_31bf3856ad364e35_10.0.18362.1_none_dc3b44a93e6b06c4\ContactApis.dll
28,ContactApis.dll,1003520,3,1224330312,2008-10-18T11:45:12.000Z,imports,api-ms-win-core-libraryloader-l1-2-0.dll,GetModuleHandleW,2054742bcde1939326b8d6187f32c6be,ff53ff8eec03a32d66697596861f4e91fd198f5bff9ccc6ca497b2609f80dc43,c:\Windows\WinSxS\amd64_microsoft-windows-u..access-userdataapis_31bf3856ad364e35_10.0.18362.1_none_dc3b44a93e6b06c4\ContactApis.dll
29,ContactApis.dll,1003520,3,1224330312,2008-10-18T11:45:12.000Z,imports,api-ms-win-core-libraryloader-l1-2-0.dll,GetProcAddress,2054742bcde1939326b8d6187f32c6be,ff53ff8eec03a32d66697596861f4e91fd198f5bff9ccc6ca497b2609f80dc43,c:\Windows\WinSxS\amd64_microsoft-windows-u..access-userdataapis_31bf3856ad364e35_10.0.18362.1_none_dc3b44a93e6b06c4\ContactApis.dll
30,ContactApis.dll,1003520,3,1224330312,2008-10-18T11:45:12.000Z,imports,api-ms-win-core-synch-l1-1-0.dll,AcquireSRWLockExclusive,2054742bcde1939326b8d6187f32c6be,ff53ff8eec03a32d66697596861f4e91fd198f5bff9ccc6ca497b2609f80dc43,c:\Windows\WinSxS\amd64_microsoft-windows-u..access-userdataapis_31bf3856ad364e35_10.0.18362.1_none_dc3b44a93e6b06c4\ContactApis.dll
31,ContactApis.dll,1003520,3,1224330312,2008-10-18T11:45:12.000Z,imports,api-ms-win-core-synch-l1-1-0.dll,AcquireSRWLockShared,2054742bcde1939326b8d6187f32c6be,ff53ff8eec03a32d66697596861f4e91fd198f5bff9ccc6ca497b2609f80dc43,c:\Windows\WinSxS\amd64_microsoft-windows-u..access-userdataapis_31bf3856ad364e35_10.0.18362.1_none_dc3b44a93e6b06c4\ContactApis.dll
32,ContactApis.dll,1003520,3,1224330312,2008-10-18T11:45:12.000Z,imports,api-ms-win-core-synch-l1-1-0.dll,CreateEventExW,2054742bcde1939326b8d6187f32c6be,ff53ff8eec03a32d66697596861f4e91fd198f5bff9ccc6ca497b2609f80dc43,c:\Windows\WinSxS\amd64_microsoft-windows-u..access-userdataapis_31bf3856ad364e35_10.0.18362.1_none_dc3b44a93e6b06c4\ContactApis.dll
33,ContactApis.dll,1003520,3,1224330312,2008-10-18T11:45:12.000Z,imports,api-ms-win-core-synch-l1-1-0.dll,CreateEventW,2054742bcde1939326b8d6187f32c6be,ff53ff8eec03a32d66697596861f4e91fd198f5bff9ccc6ca497b2609f80dc43,c:\Windows\WinSxS\amd64_microsoft-windows-u..access-userdataapis_31bf3856ad364e35_10.0.18362.1_none_dc3b44a93e6b06c4\ContactApis.dll
34,ContactApis.dll,1003520,3,1224330312,2008-10-18T11:45:12.000Z,imports,api-ms-win-core-synch-l1-1-0.dll,CreateMutexExW,2054742bcde1939326b8d6187f32c6be,ff53ff8eec03a32d66697596861f4e91fd198f5bff9ccc6ca497b2609f80dc43,c:\Windows\WinSxS\amd64_microsoft-windows-u..access-userdataapis_31bf3856ad364e35_10.0.18362.1_none_dc3b44a93e6b06c4\ContactApis.dll
35,ContactApis.dll,1003520,3,1224330312,2008-10-18T11:45:12.000Z,imports,api-ms-win-core-synch-l1-1-0.dll,CreateSemaphoreExW,2054742bcde1939326b8d6187f32c6be,ff53ff8eec03a32d66697596861f4e91fd198f5bff9ccc6ca497b2609f80dc43,c:\Windows\WinSxS\amd64_microsoft-windows-u..access-userdataapis_31bf3856ad364e35_10.0.18362.1_none_dc3b44a93e6b06c4\ContactApis.dll
36,ContactApis.dll,1003520,3,1224330312,2008-10-18T11:45:12.000Z,imports,api-ms-win-core-synch-l1-1-0.dll,DeleteCriticalSection,2054742bcde1939326b8d6187f32c6be,ff53ff8eec03a32d66697596861f4e91fd198f5bff9ccc6ca497b2609f80dc43,c:\Windows\WinSxS\amd64_microsoft-windows-u..access-userdataapis_31bf3856ad364e35_10.0.18362.1_none_dc3b44a93e6b06c4\ContactApis.dll
37,ContactApis.dll,1003520,3,1224330312,2008-10-18T11:45:12.000Z,imports,api-ms-win-core-synch-l1-1-0.dll,EnterCriticalSection,2054742bcde1939326b8d6187f32c6be,ff53ff8eec03a32d66697596861f4e91fd198f5bff9ccc6ca497b2609f80dc43,c:\Windows\WinSxS\amd64_microsoft-windows-u..access-userdataapis_31bf3856ad364e35_10.0.18362.1_none_dc3b44a93e6b06c4\ContactApis.dll
38,ContactApis.dll,1003520,3,1224330312,2008-10-18T11:45:12.000Z,imports,api-ms-win-core-synch-l1-1-0.dll,InitializeCriticalSectionEx,2054742bcde1939326b8d6187f32c6be,ff53ff8eec03a32d66697596861f4e91fd198f5bff9ccc6ca497b2609f80dc43,c:\Windows\WinSxS\amd64_microsoft-windows-u..access-userdataapis_31bf3856ad364e35_10.0.18362.1_none_dc3b44a93e6b06c4\ContactApis.dll
39,ContactApis.dll,1003520,3,1224330312,2008-10-18T11:45:12.000Z,imports,api-ms-win-core-synch-l1-1-0.dll,InitializeSRWLock,2054742bcde1939326b8d6187f32c6be,ff53ff8eec03a32d66697596861f4e91fd198f5bff9ccc6ca497b2609f80dc43,c:\Windows\WinSxS\amd64_microsoft-windows-u..access-userdataapis_31bf3856ad364e35_10.0.18362.1_none_dc3b44a93e6b06c4\ContactApis.dll
40,ContactApis.dll,1003520,3,1224330312,2008-10-18T11:45:12.000Z,imports,api-ms-win-core-synch-l1-1-0.dll,LeaveCriticalSection,2054742bcde1939326b8d6187f32c6be,ff53ff8eec03a32d66697596861f4e91fd198f5bff9ccc6ca497b2609f80dc43,c:\Windows\WinSxS\amd64_microsoft-windows-u..access-userdataapis_31bf3856ad364e35_10.0.18362.1_none_dc3b44a93e6b06c4\ContactApis.dll
41,ContactApis.dll,1003520,3,1224330312,2008-10-18T11:45:12.000Z,imports,api-ms-win-core-synch-l1-1-0.dll,OpenSemaphoreW,2054742bcde1939326b8d6187f32c6be,ff53ff8eec03a32d66697596861f4e91fd198f5bff9ccc6ca497b2609f80dc43,c:\Windows\WinSxS\amd64_microsoft-windows-u..access-userdataapis_31bf3856ad364e35_10.0.18362.1_none_dc3b44a93e6b06c4\ContactApis.dll
42,ContactApis.dll,1003520,3,1224330312,2008-10-18T11:45:12.000Z,imports,api-ms-win-core-synch-l1-1-0.dll,ReleaseMutex,2054742bcde1939326b8d6187f32c6be,ff53ff8eec03a32d66697596861f4e91fd198f5bff9ccc6ca497b2609f80dc43,c:\Windows\WinSxS\amd64_microsoft-windows-u..access-userdataapis_31bf3856ad364e35_10.0.18362.1_none_dc3b44a93e6b06c4\ContactApis.dll
43,ContactApis.dll,1003520,3,1224330312,2008-10-18T11:45:12.000Z,imports,api-ms-win-core-synch-l1-1-0.dll,ReleaseSRWLockExclusive,2054742bcde1939326b8d6187f32c6be,ff53ff8eec03a32d66697596861f4e91fd198f5bff9ccc6ca497b2609f80dc43,c:\Windows\WinSxS\amd64_microsoft-windows-u..access-userdataapis_31bf3856ad364e35_10.0.18362.1_none_dc3b44a93e6b06c4\ContactApis.dll
44,ContactApis.dll,1003520,3,1224330312,2008-10-18T11:45:12.000Z,imports,api-ms-win-core-synch-l1-1-0.dll,ReleaseSRWLockShared,2054742bcde1939326b8d6187f32c6be,ff53ff8eec03a32d66697596861f4e91fd198f5bff9ccc6ca497b2609f80dc43,c:\Windows\WinSxS\amd64_microsoft-windows-u..access-userdataapis_31bf3856ad364e35_10.0.18362.1_none_dc3b44a93e6b06c4\ContactApis.dll
45,ContactApis.dll,1003520,3,1224330312,2008-10-18T11:45:12.000Z,imports,api-ms-win-core-synch-l1-1-0.dll,ReleaseSemaphore,2054742bcde1939326b8d6187f32c6be,ff53ff8eec03a32d66697596861f4e91fd198f5bff9ccc6ca497b2609f80dc43,c:\Windows\WinSxS\amd64_microsoft-windows-u..access-userdataapis_31bf3856ad364e35_10.0.18362.1_none_dc3b44a93e6b06c4\ContactApis.dll
46,ContactApis.dll,1003520,3,1224330312,2008-10-18T11:45:12.000Z,imports,api-ms-win-core-synch-l1-1-0.dll,SetEvent,2054742bcde1939326b8d6187f32c6be,ff53ff8eec03a32d66697596861f4e91fd198f5bff9ccc6ca497b2609f80dc43,c:\Windows\WinSxS\amd64_microsoft-windows-u..access-userdataapis_31bf3856ad364e35_10.0.18362.1_none_dc3b44a93e6b06c4\ContactApis.dll
47,ContactApis.dll,1003520,3,1224330312,2008-10-18T11:45:12.000Z,imports,api-ms-win-core-synch-l1-1-0.dll,WaitForSingleObject,2054742bcde1939326b8d6187f32c6be,ff53ff8eec03a32d66697596861f4e91fd198f5bff9ccc6ca497b2609f80dc43,c:\Windows\WinSxS\amd64_microsoft-windows-u..access-userdataapis_31bf3856ad364e35_10.0.18362.1_none_dc3b44a93e6b06c4\ContactApis.dll
48,ContactApis.dll,1003520,3,1224330312,2008-10-18T11:45:12.000Z,imports,api-ms-win-core-synch-l1-1-0.dll,WaitForSingleObjectEx,2054742bcde1939326b8d6187f32c6be,ff53ff8eec03a32d66697596861f4e91fd198f5bff9ccc6ca497b2609f80dc43,c:\Windows\WinSxS\amd64_microsoft-windows-u..access-userdataapis_31bf3856ad364e35_10.0.18362.1_none_dc3b44a93e6b06c4\ContactApis.dll
49,ContactApis.dll,1003520,3,1224330312,2008-10-18T11:45:12.000Z,imports,api-ms-win-core-heap-l1-1-0.dll,GetProcessHeap,2054742bcde1939326b8d6187f32c6be,ff53ff8eec03a32d66697596861f4e91fd198f5bff9ccc6ca497b2609f80dc43,c:\Windows\WinSxS\amd64_microsoft-windows-u..access-userdataapis_31bf3856ad364e35_10.0.18362.1_none_dc3b44a93e6b06c4\ContactApis.dll
50,ContactApis.dll,1003520,3,1224330312,2008-10-18T11:45:12.000Z,imports,api-ms-win-core-heap-l1-1-0.dll,HeapAlloc,2054742bcde1939326b8d6187f32c6be,ff53ff8eec03a32d66697596861f4e91fd198f5bff9ccc6ca497b2609f80dc43,c:\Windows\WinSxS\amd64_microsoft-windows-u..access-userdataapis_31bf3856ad364e35_10.0.18362.1_none_dc3b44a93e6b06c4\ContactApis.dll
51,ContactApis.dll,1003520,3,1224330312,2008-10-18T11:45:12.000Z,imports,api-ms-win-core-heap-l1-1-0.dll,HeapFree,2054742bcde1939326b8d6187f32c6be,ff53ff8eec03a32d66697596861f4e91fd198f5bff9ccc6ca497b2609f80dc43,c:\Windows\WinSxS\amd64_microsoft-windows-u..access-userdataapis_31bf3856ad364e35_10.0.18362.1_none_dc3b44a93e6b06c4\ContactApis.dll
52,ContactApis.dll,1003520,3,1224330312,2008-10-18T11:45:12.000Z,imports,api-ms-win-core-errorhandling-l1-1-0.dll,GetLastError,2054742bcde1939326b8d6187f32c6be,ff53ff8eec03a32d66697596861f4e91fd198f5bff9ccc6ca497b2609f80dc43,c:\Windows\WinSxS\amd64_microsoft-windows-u..access-userdataapis_31bf3856ad364e35_10.0.18362.1_none_dc3b44a93e6b06c4\ContactApis.dll
53,ContactApis.dll,1003520,3,1224330312,2008-10-18T11:45:12.000Z,imports,api-ms-win-core-errorhandling-l1-1-0.dll,RaiseException,2054742bcde1939326b8d6187f32c6be,ff53ff8eec03a32d66697596861f4e91fd198f5bff9ccc6ca497b2609f80dc43,c:\Windows\WinSxS\amd64_microsoft-windows-u..access-userdataapis_31bf3856ad364e35_10.0.18362.1_none_dc3b44a93e6b06c4\ContactApis.dll
54,ContactApis.dll,1003520,3,1224330312,2008-10-18T11:45:12.000Z,imports,api-ms-win-core-errorhandling-l1-1-0.dll,SetLastError,2054742bcde1939326b8d6187f32c6be,ff53ff8eec03a32d66697596861f4e91fd198f5bff9ccc6ca497b2609f80dc43,c:\Windows\WinSxS\amd64_microsoft-windows-u..access-userdataapis_31bf3856ad364e35_10.0.18362.1_none_dc3b44a93e6b06c4\ContactApis.dll
55,ContactApis.dll,1003520,3,1224330312,2008-10-18T11:45:12.000Z,imports,api-ms-win-core-errorhandling-l1-1-0.dll,SetUnhandledExceptionFilter,2054742bcde1939326b8d6187f32c6be,ff53ff8eec03a32d66697596861f4e91fd198f5bff9ccc6ca497b2609f80dc43,c:\Windows\WinSxS\amd64_microsoft-windows-u..access-userdataapis_31bf3856ad364e35_10.0.18362.1_none_dc3b44a93e6b06c4\ContactApis.dll
56,ContactApis.dll,1003520,3,1224330312,2008-10-18T11:45:12.000Z,imports,api-ms-win-core-errorhandling-l1-1-0.dll,UnhandledExceptionFilter,2054742bcde1939326b8d6187f32c6be,ff53ff8eec03a32d66697596861f4e91fd198f5bff9ccc6ca497b2609f80dc43,c:\Windows\WinSxS\amd64_microsoft-windows-u..access-userdataapis_31bf3856ad364e35_10.0.18362.1_none_dc3b44a93e6b06c4\ContactApis.dll
57,ContactApis.dll,1003520,3,1224330312,2008-10-18T11:45:12.000Z,imports,api-ms-win-eventing-provider-l1-1-0.dll,EventActivityIdControl,2054742bcde1939326b8d6187f32c6be,ff53ff8eec03a32d66697596861f4e91fd198f5bff9ccc6ca497b2609f80dc43,c:\Windows\WinSxS\amd64_microsoft-windows-u..access-userdataapis_31bf3856ad364e35_10.0.18362.1_none_dc3b44a93e6b06c4\ContactApis.dll
58,ContactApis.dll,1003520,3,1224330312,2008-10-18T11:45:12.000Z,imports,api-ms-win-eventing-provider-l1-1-0.dll,EventRegister,2054742bcde1939326b8d6187f32c6be,ff53ff8eec03a32d66697596861f4e91fd198f5bff9ccc6ca497b2609f80dc43,c:\Windows\WinSxS\amd64_microsoft-windows-u..access-userdataapis_31bf3856ad364e35_10.0.18362.1_none_dc3b44a93e6b06c4\ContactApis.dll
59,ContactApis.dll,1003520,3,1224330312,2008-10-18T11:45:12.000Z,imports,api-ms-win-eventing-provider-l1-1-0.dll,EventSetInformation,2054742bcde1939326b8d6187f32c6be,ff53ff8eec03a32d66697596861f4e91fd198f5bff9ccc6ca497b2609f80dc43,c:\Windows\WinSxS\amd64_microsoft-windows-u..access-userdataapis_31bf3856ad364e35_10.0.18362.1_none_dc3b44a93e6b06c4\ContactApis.dll
60,ContactApis.dll,1003520,3,1224330312,2008-10-18T11:45:12.000Z,imports,api-ms-win-eventing-provider-l1-1-0.dll,EventUnregister,2054742bcde1939326b8d6187f32c6be,ff53ff8eec03a32d66697596861f4e91fd198f5bff9ccc6ca497b2609f80dc43,c:\Windows\WinSxS\amd64_microsoft-windows-u..access-userdataapis_31bf3856ad364e35_10.0.18362.1_none_dc3b44a93e6b06c4\ContactApis.dll
61,ContactApis.dll,1003520,3,1224330312,2008-10-18T11:45:12.000Z,imports,api-ms-win-eventing-provider-l1-1-0.dll,EventWriteTransfer,2054742bcde1939326b8d6187f32c6be,ff53ff8eec03a32d66697596861f4e91fd198f5bff9ccc6ca497b2609f80dc43,c:\Windows\WinSxS\amd64_microsoft-windows-u..access-userdataapis_31bf3856ad364e35_10.0.18362.1_none_dc3b44a93e6b06c4\ContactApis.dll
62,ContactApis.dll,1003520,3,1224330312,2008-10-18T11:45:12.000Z,imports,api-ms-win-core-util-l1-1-0.dll,DecodePointer,2054742bcde1939326b8d6187f32c6be,ff53ff8eec03a32d66697596861f4e91fd198f5bff9ccc6ca497b2609f80dc43,c:\Windows\WinSxS\amd64_microsoft-windows-u..access-userdataapis_31bf3856ad364e35_10.0.18362.1_none_dc3b44a93e6b06c4\ContactApis.dll
63,ContactApis.dll,1003520,3,1224330312,2008-10-18T11:45:12.000Z,imports,api-ms-win-core-util-l1-1-0.dll,EncodePointer,2054742bcde1939326b8d6187f32c6be,ff53ff8eec03a32d66697596861f4e91fd198f5bff9ccc6ca497b2609f80dc43,c:\Windows\WinSxS\amd64_microsoft-windows-u..access-userdataapis_31bf3856ad364e35_10.0.18362.1_none_dc3b44a93e6b06c4\ContactApis.dll
64,ContactApis.dll,1003520,3,1224330312,2008-10-18T11:45:12.000Z,imports,api-ms-win-core-heap-l2-1-0.dll,LocalAlloc,2054742bcde1939326b8d6187f32c6be,ff53ff8eec03a32d66697596861f4e91fd198f5bff9ccc6ca497b2609f80dc43,c:\Windows\WinSxS\amd64_microsoft-windows-u..access-userdataapis_31bf3856ad364e35_10.0.18362.1_none_dc3b44a93e6b06c4\ContactApis.dll
65,ContactApis.dll,1003520,3,1224330312,2008-10-18T11:45:12.000Z,imports,api-ms-win-core-heap-l2-1-0.dll,LocalFree,2054742bcde1939326b8d6187f32c6be,ff53ff8eec03a32d66697596861f4e91fd198f5bff9ccc6ca497b2609f80dc43,c:\Windows\WinSxS\amd64_microsoft-windows-u..access-userdataapis_31bf3856ad364e35_10.0.18362.1_none_dc3b44a93e6b06c4\ContactApis.dll
66,ContactApis.dll,1003520,3,1224330312,2008-10-18T11:45:12.000Z,imports,api-ms-win-core-processthreads-l1-1-0.dll,GetCurrentProcess,2054742bcde1939326b8d6187f32c6be,ff53ff8eec03a32d66697596861f4e91fd198f5bff9ccc6ca497b2609f80dc43,c:\Windows\WinSxS\amd64_microsoft-windows-u..access-userdataapis_31bf3856ad364e35_10.0.18362.1_none_dc3b44a93e6b06c4\ContactApis.dll
67,ContactApis.dll,1003520,3,1224330312,2008-10-18T11:45:12.000Z,imports,api-ms-win-core-processthreads-l1-1-0.dll,GetCurrentProcessId,2054742bcde1939326b8d6187f32c6be,ff53ff8eec03a32d66697596861f4e91fd198f5bff9ccc6ca497b2609f80dc43,c:\Windows\WinSxS\amd64_microsoft-windows-u..access-userdataapis_31bf3856ad364e35_10.0.18362.1_none_dc3b44a93e6b06c4\ContactApis.dll
68,ContactApis.dll,1003520,3,1224330312,2008-10-18T11:45:12.000Z,imports,api-ms-win-core-processthreads-l1-1-0.dll,GetCurrentThread,2054742bcde1939326b8d6187f32c6be,ff53ff8eec03a32d66697596861f4e91fd198f5bff9ccc6ca497b2609f80dc43,c:\Windows\WinSxS\amd64_microsoft-windows-u..access-userdataapis_31bf3856ad364e35_10.0.18362.1_none_dc3b44a93e6b06c4\ContactApis.dll
69,ContactApis.dll,1003520,3,1224330312,2008-10-18T11:45:12.000Z,imports,api-ms-win-core-processthreads-l1-1-0.dll,GetCurrentThreadId,2054742bcde1939326b8d6187f32c6be,ff53ff8eec03a32d66697596861f4e91fd198f5bff9ccc6ca497b2609f80dc43,c:\Windows\WinSxS\amd64_microsoft-windows-u..access-userdataapis_31bf3856ad364e35_10.0.18362.1_none_dc3b44a93e6b06c4\ContactApis.dll
70,ContactApis.dll,1003520,3,1224330312,2008-10-18T11:45:12.000Z,imports,api-ms-win-core-processthreads-l1-1-0.dll,OpenProcessToken,2054742bcde1939326b8d6187f32c6be,ff53ff8eec03a32d66697596861f4e91fd198f5bff9ccc6ca497b2609f80dc43,c:\Windows\WinSxS\amd64_microsoft-windows-u..access-userdataapis_31bf3856ad364e35_10.0.18362.1_none_dc3b44a93e6b06c4\ContactApis.dll
71,ContactApis.dll,1003520,3,1224330312,2008-10-18T11:45:12.000Z,imports,api-ms-win-core-processthreads-l1-1-0.dll,OpenThreadToken,2054742bcde1939326b8d6187f32c6be,ff53ff8eec03a32d66697596861f4e91fd198f5bff9ccc6ca497b2609f80dc43,c:\Windows\WinSxS\amd64_microsoft-windows-u..access-userdataapis_31bf3856ad364e35_10.0.18362.1_none_dc3b44a93e6b06c4\ContactApis.dll
72,ContactApis.dll,1003520,3,1224330312,2008-10-18T11:45:12.000Z,imports,api-ms-win-core-processthreads-l1-1-0.dll,SetThreadToken,2054742bcde1939326b8d6187f32c6be,ff53ff8eec03a32d66697596861f4e91fd198f5bff9ccc6ca497b2609f80dc43,c:\Windows\WinSxS\amd64_microsoft-windows-u..access-userdataapis_31bf3856ad364e35_10.0.18362.1_none_dc3b44a93e6b06c4\ContactApis.dll
73,ContactApis.dll,1003520,3,1224330312,2008-10-18T11:45:12.000Z,imports,api-ms-win-core-processthreads-l1-1-0.dll,TerminateProcess,2054742bcde1939326b8d6187f32c6be,ff53ff8eec03a32d66697596861f4e91fd198f5bff9ccc6ca497b2609f80dc43,c:\Windows\WinSxS\amd64_microsoft-windows-u..access-userdataapis_31bf3856ad364e35_10.0.18362.1_none_dc3b44a93e6b06c4\ContactApis.dll
74,ContactApis.dll,1003520,3,1224330312,2008-10-18T11:45:12.000Z,imports,api-ms-win-core-localization-l1-2-0.dll,FormatMessageW,2054742bcde1939326b8d6187f32c6be,ff53ff8eec03a32d66697596861f4e91fd198f5bff9ccc6ca497b2609f80dc43,c:\Windows\WinSxS\amd64_microsoft-windows-u..access-userdataapis_31bf3856ad364e35_10.0.18362.1_none_dc3b44a93e6b06c4\ContactApis.dll
75,ContactApis.dll,1003520,3,1224330312,2008-10-18T11:45:12.000Z,imports,api-ms-win-core-debug-l1-1-0.dll,DebugBreak,2054742bcde1939326b8d6187f32c6be,ff53ff8eec03a32d66697596861f4e91fd198f5bff9ccc6ca497b2609f80dc43,c:\Windows\WinSxS\amd64_microsoft-windows-u..access-userdataapis_31bf3856ad364e35_10.0.18362.1_none_dc3b44a93e6b06c4\ContactApis.dll
76,ContactApis.dll,1003520,3,1224330312,2008-10-18T11:45:12.000Z,imports,api-ms-win-core-debug-l1-1-0.dll,IsDebuggerPresent,2054742bcde1939326b8d6187f32c6be,ff53ff8eec03a32d66697596861f4e91fd198f5bff9ccc6ca497b2609f80dc43,c:\Windows\WinSxS\amd64_microsoft-windows-u..access-userdataapis_31bf3856ad364e35_10.0.18362.1_none_dc3b44a93e6b06c4\ContactApis.dll
77,ContactApis.dll,1003520,3,1224330312,2008-10-18T11:45:12.000Z,imports,api-ms-win-core-debug-l1-1-0.dll,OutputDebugStringW,2054742bcde1939326b8d6187f32c6be,ff53ff8eec03a32d66697596861f4e91fd198f5bff9ccc6ca497b2609f80dc43,c:\Windows\WinSxS\amd64_microsoft-windows-u..access-userdataapis_31bf3856ad364e35_10.0.18362.1_none_dc3b44a93e6b06c4\ContactApis.dll
78,ContactApis.dll,1003520,3,1224330312,2008-10-18T11:45:12.000Z,imports,api-ms-win-core-handle-l1-1-0.dll,CloseHandle,2054742bcde1939326b8d6187f32c6be,ff53ff8eec03a32d66697596861f4e91fd198f5bff9ccc6ca497b2609f80dc43,c:\Windows\WinSxS\amd64_microsoft-windows-u..access-userdataapis_31bf3856ad364e35_10.0.18362.1_none_dc3b44a93e6b06c4\ContactApis.dll
79,ContactApis.dll,1003520,3,1224330312,2008-10-18T11:45:12.000Z,imports,api-ms-win-core-threadpool-l1-2-0.dll,CloseThreadpoolWait,2054742bcde1939326b8d6187f32c6be,ff53ff8eec03a32d66697596861f4e91fd198f5bff9ccc6ca497b2609f80dc43,c:\Windows\WinSxS\amd64_microsoft-windows-u..access-userdataapis_31bf3856ad364e35_10.0.18362.1_none_dc3b44a93e6b06c4\ContactApis.dll
80,ContactApis.dll,1003520,3,1224330312,2008-10-18T11:45:12.000Z,imports,api-ms-win-core-threadpool-l1-2-0.dll,CloseThreadpoolWork,2054742bcde1939326b8d6187f32c6be,ff53ff8eec03a32d66697596861f4e91fd198f5bff9ccc6ca497b2609f80dc43,c:\Windows\WinSxS\amd64_microsoft-windows-u..access-userdataapis_31bf3856ad364e35_10.0.18362.1_none_dc3b44a93e6b06c4\ContactApis.dll
81,ContactApis.dll,1003520,3,1224330312,2008-10-18T11:45:12.000Z,imports,api-ms-win-core-threadpool-l1-2-0.dll,CreateThreadpoolWait,2054742bcde1939326b8d6187f32c6be,ff53ff8eec03a32d66697596861f4e91fd198f5bff9ccc6ca497b2609f80dc43,c:\Windows\WinSxS\amd64_microsoft-windows-u..access-userdataapis_31bf3856ad364e35_10.0.18362.1_none_dc3b44a93e6b06c4\ContactApis.dll
82,ContactApis.dll,1003520,3,1224330312,2008-10-18T11:45:12.000Z,imports,api-ms-win-core-threadpool-l1-2-0.dll,CreateThreadpoolWork,2054742bcde1939326b8d6187f32c6be,ff53ff8eec03a32d66697596861f4e91fd198f5bff9ccc6ca497b2609f80dc43,c:\Windows\WinSxS\amd64_microsoft-windows-u..access-userdataapis_31bf3856ad364e35_10.0.18362.1_none_dc3b44a93e6b06c4\ContactApis.dll
83,ContactApis.dll,1003520,3,1224330312,2008-10-18T11:45:12.000Z,imports,api-ms-win-core-threadpool-l1-2-0.dll,FreeLibraryWhenCallbackReturns,2054742bcde1939326b8d6187f32c6be,ff53ff8eec03a32d66697596861f4e91fd198f5bff9ccc6ca497b2609f80dc43,c:\Windows\WinSxS\amd64_microsoft-windows-u..access-userdataapis_31bf3856ad364e35_10.0.18362.1_none_dc3b44a93e6b06c4\ContactApis.dll
84,ContactApis.dll,1003520,3,1224330312,2008-10-18T11:45:12.000Z,imports,api-ms-win-core-threadpool-l1-2-0.dll,SetThreadpoolWait,2054742bcde1939326b8d6187f32c6be,ff53ff8eec03a32d66697596861f4e91fd198f5bff9ccc6ca497b2609f80dc43,c:\Windows\WinSxS\amd64_microsoft-windows-u..access-userdataapis_31bf3856ad364e35_10.0.18362.1_none_dc3b44a93e6b06c4\ContactApis.dll
85,ContactApis.dll,1003520,3,1224330312,2008-10-18T11:45:12.000Z,imports,api-ms-win-core-threadpool-l1-2-0.dll,SubmitThreadpoolWork,2054742bcde1939326b8d6187f32c6be,ff53ff8eec03a32d66697596861f4e91fd198f5bff9ccc6ca497b2609f80dc43,c:\Windows\WinSxS\amd64_microsoft-windows-u..access-userdataapis_31bf3856ad364e35_10.0.18362.1_none_dc3b44a93e6b06c4\ContactApis.dll
86,ContactApis.dll,1003520,3,1224330312,2008-10-18T11:45:12.000Z,imports,api-ms-win-core-threadpool-l1-2-0.dll,WaitForThreadpoolWaitCallbacks,2054742bcde1939326b8d6187f32c6be,ff53ff8eec03a32d66697596861f4e91fd198f5bff9ccc6ca497b2609f80dc43,c:\Windows\WinSxS\amd64_microsoft-windows-u..access-userdataapis_31bf3856ad364e35_10.0.18362.1_none_dc3b44a93e6b06c4\ContactApis.dll
87,ContactApis.dll,1003520,3,1224330312,2008-10-18T11:45:12.000Z,imports,api-ms-win-core-synch-l1-2-0.dll,InitOnceBeginInitialize,2054742bcde1939326b8d6187f32c6be,ff53ff8eec03a32d66697596861f4e91fd198f5bff9ccc6ca497b2609f80dc43,c:\Windows\WinSxS\amd64_microsoft-windows-u..access-userdataapis_31bf3856ad364e35_10.0.18362.1_none_dc3b44a93e6b06c4\ContactApis.dll
88,ContactApis.dll,1003520,3,1224330312,2008-10-18T11:45:12.000Z,imports,api-ms-win-core-synch-l1-2-0.dll,InitOnceComplete,2054742bcde1939326b8d6187f32c6be,ff53ff8eec03a32d66697596861f4e91fd198f5bff9ccc6ca497b2609f80dc43,c:\Windows\WinSxS\amd64_microsoft-windows-u..access-userdataapis_31bf3856ad364e35_10.0.18362.1_none_dc3b44a93e6b06c4\ContactApis.dll
89,ContactApis.dll,1003520,3,1224330312,2008-10-18T11:45:12.000Z,imports,api-ms-win-core-synch-l1-2-0.dll,InitOnceExecuteOnce,2054742bcde1939326b8d6187f32c6be,ff53ff8eec03a32d66697596861f4e91fd198f5bff9ccc6ca497b2609f80dc43,c:\Windows\WinSxS\amd64_microsoft-windows-u..access-userdataapis_31bf3856ad364e35_10.0.18362.1_none_dc3b44a93e6b06c4\ContactApis.dll
90,ContactApis.dll,1003520,3,1224330312,2008-10-18T11:45:12.000Z,imports,api-ms-win-core-synch-l1-2-0.dll,Sleep,2054742bcde1939326b8d6187f32c6be,ff53ff8eec03a32d66697596861f4e91fd198f5bff9ccc6ca497b2609f80dc43,c:\Windows\WinSxS\amd64_microsoft-windows-u..access-userdataapis_31bf3856ad364e35_10.0.18362.1_none_dc3b44a93e6b06c4\ContactApis.dll
91,ContactApis.dll,1003520,3,1224330312,2008-10-18T11:45:12.000Z,imports,api-ms-win-core-synch-l1-2-0.dll,SleepConditionVariableSRW,2054742bcde1939326b8d6187f32c6be,ff53ff8eec03a32d66697596861f4e91fd198f5bff9ccc6ca497b2609f80dc43,c:\Windows\WinSxS\amd64_microsoft-windows-u..access-userdataapis_31bf3856ad364e35_10.0.18362.1_none_dc3b44a93e6b06c4\ContactApis.dll
92,ContactApis.dll,1003520,3,1224330312,2008-10-18T11:45:12.000Z,imports,api-ms-win-core-synch-l1-2-0.dll,WakeAllConditionVariable,2054742bcde1939326b8d6187f32c6be,ff53ff8eec03a32d66697596861f4e91fd198f5bff9ccc6ca497b2609f80dc43,c:\Windows\WinSxS\amd64_microsoft-windows-u..access-userdataapis_31bf3856ad364e35_10.0.18362.1_none_dc3b44a93e6b06c4\ContactApis.dll
93,ContactApis.dll,1003520,3,1224330312,2008-10-18T11:45:12.000Z,imports,api-ms-win-core-processthreads-l1-1-1.dll,OpenProcess,2054742bcde1939326b8d6187f32c6be,ff53ff8eec03a32d66697596861f4e91fd198f5bff9ccc6ca497b2609f80dc43,c:\Windows\WinSxS\amd64_microsoft-windows-u..access-userdataapis_31bf3856ad364e35_10.0.18362.1_none_dc3b44a93e6b06c4\ContactApis.dll
94,ContactApis.dll,1003520,3,1224330312,2008-10-18T11:45:12.000Z,imports,api-ms-win-core-sysinfo-l1-1-0.dll,GetSystemTimeAsFileTime,2054742bcde1939326b8d6187f32c6be,ff53ff8eec03a32d66697596861f4e91fd198f5bff9ccc6ca497b2609f80dc43,c:\Windows\WinSxS\amd64_microsoft-windows-u..access-userdataapis_31bf3856ad364e35_10.0.18362.1_none_dc3b44a93e6b06c4\ContactApis.dll
95,ContactApis.dll,1003520,3,1224330312,2008-10-18T11:45:12.000Z,imports,api-ms-win-core-sysinfo-l1-1-0.dll,GetTickCount,2054742bcde1939326b8d6187f32c6be,ff53ff8eec03a32d66697596861f4e91fd198f5bff9ccc6ca497b2609f80dc43,c:\Windows\WinSxS\amd64_microsoft-windows-u..access-userdataapis_31bf3856ad364e35_10.0.18362.1_none_dc3b44a93e6b06c4\ContactApis.dll
96,ContactApis.dll,1003520,3,1224330312,2008-10-18T11:45:12.000Z,imports,api-ms-win-core-sysinfo-l1-1-0.dll,GetTickCount64,2054742bcde1939326b8d6187f32c6be,ff53ff8eec03a32d66697596861f4e91fd198f5bff9ccc6ca497b2609f80dc43,c:\Windows\WinSxS\amd64_microsoft-windows-u..access-userdataapis_31bf3856ad364e35_10.0.18362.1_none_dc3b44a93e6b06c4\ContactApis.dll
97,ContactApis.dll,1003520,3,1224330312,2008-10-18T11:45:12.000Z,imports,api-ms-win-core-file-l1-1-0.dll,CreateDirectoryW,2054742bcde1939326b8d6187f32c6be,ff53ff8eec03a32d66697596861f4e91fd198f5bff9ccc6ca497b2609f80dc43,c:\Windows\WinSxS\amd64_microsoft-windows-u..access-userdataapis_31bf3856ad364e35_10.0.18362.1_none_dc3b44a93e6b06c4\ContactApis.dll
98,ContactApis.dll,1003520,3,1224330312,2008-10-18T11:45:12.000Z,imports,api-ms-win-core-file-l1-1-0.dll,DeleteFileW,2054742bcde1939326b8d6187f32c6be,ff53ff8eec03a32d66697596861f4e91fd198f5bff9ccc6ca497b2609f80dc43,c:\Windows\WinSxS\amd64_microsoft-windows-u..access-userdataapis_31bf3856ad364e35_10.0.18362.1_none_dc3b44a93e6b06c4\ContactApis.dll
99,ContactApis.dll,1003520,3,1224330312,2008-10-18T11:45:12.000Z,imports,api-ms-win-core-file-l1-1-0.dll,GetTempFileNameW,2054742bcde1939326b8d6187f32c6be,ff53ff8eec03a32d66697596861f4e91fd198f5bff9ccc6ca497b2609f80dc43,c:\Windows\WinSxS\amd64_microsoft-windows-u..access-userdataapis_31bf3856ad364e35_10.0.18362.1_none_dc3b44a93e6b06c4\ContactApis.dll
100,ContactApis.dll,1003520,3,1224330312,2008-10-18T11:45:12.000Z,imports,api-ms-win-core-timezone-l1-1-0.dll,FileTimeToSystemTime,2054742bcde1939326b8d6187f32c6be,ff53ff8eec03a32d66697596861f4e91fd198f5bff9ccc6ca497b2609f80dc43,c:\Windows\WinSxS\amd64_microsoft-windows-u..access-userdataapis_31bf3856ad364e35_10.0.18362.1_none_dc3b44a93e6b06c4\ContactApis.dll
101,ContactApis.dll,1003520,3,1224330312,2008-10-18T11:45:12.000Z,imports,api-ms-win-core-timezone-l1-1-0.dll,SystemTimeToFileTime,2054742bcde1939326b8d6187f32c6be,ff53ff8eec03a32d66697596861f4e91fd198f5bff9ccc6ca497b2609f80dc43,c:\Windows\WinSxS\amd64_microsoft-windows-u..access-userdataapis_31bf3856ad364e35_10.0.18362.1_none_dc3b44a93e6b06c4\ContactApis.dll
102,ContactApis.dll,1003520,3,1224330312,2008-10-18T11:45:12.000Z,imports,ntdll.dll,RtlGetDeviceFamilyInfoEnum,2054742bcde1939326b8d6187f32c6be,ff53ff8eec03a32d66697596861f4e91fd198f5bff9ccc6ca497b2609f80dc43,c:\Windows\WinSxS\amd64_microsoft-windows-u..access-userdataapis_31bf3856ad364e35_10.0.18362.1_none_dc3b44a93e6b06c4\ContactApis.dll
103,ContactApis.dll,1003520,3,1224330312,2008-10-18T11:45:12.000Z,imports,ntdll.dll,RtlIsMultiSessionSku,2054742bcde1939326b8d6187f32c6be,ff53ff8eec03a32d66697596861f4e91fd198f5bff9ccc6ca497b2609f80dc43,c:\Windows\WinSxS\amd64_microsoft-windows-u..access-userdataapis_31bf3856ad364e35_10.0.18362.1_none_dc3b44a93e6b06c4\ContactApis.dll
104,ContactApis.dll,1003520,3,1224330312,2008-10-18T11:45:12.000Z,imports,ntdll.dll,RtlQueryWnfStateData,2054742bcde1939326b8d6187f32c6be,ff53ff8eec03a32d66697596861f4e91fd198f5bff9ccc6ca497b2609f80dc43,c:\Windows\WinSxS\amd64_microsoft-windows-u..access-userdataapis_31bf3856ad364e35_10.0.18362.1_none_dc3b44a93e6b06c4\ContactApis.dll
105,ContactApis.dll,1003520,3,1224330312,2008-10-18T11:45:12.000Z,imports,ntdll.dll,RtlSubscribeWnfStateChangeNotification,2054742bcde1939326b8d6187f32c6be,ff53ff8eec03a32d66697596861f4e91fd198f5bff9ccc6ca497b2609f80dc43,c:\Windows\WinSxS\amd64_microsoft-windows-u..access-userdataapis_31bf3856ad364e35_10.0.18362.1_none_dc3b44a93e6b06c4\ContactApis.dll
106,ContactApis.dll,1003520,3,1224330312,2008-10-18T11:45:12.000Z,imports,ntdll.dll,RtlUnsubscribeWnfNotificationWaitForCompletion,2054742bcde1939326b8d6187f32c6be,ff53ff8eec03a32d66697596861f4e91fd198f5bff9ccc6ca497b2609f80dc43,c:\Windows\WinSxS\amd64_microsoft-windows-u..access-userdataapis_31bf3856ad364e35_10.0.18362.1_none_dc3b44a93e6b06c4\ContactApis.dll
107,ContactApis.dll,1003520,3,1224330312,2008-10-18T11:45:12.000Z,imports,api-ms-win-core-path-l1-1-0.dll,PathCchCombine,2054742bcde1939326b8d6187f32c6be,ff53ff8eec03a32d66697596861f4e91fd198f5bff9ccc6ca497b2609f80dc43,c:\Windows\WinSxS\amd64_microsoft-windows-u..access-userdataapis_31bf3856ad364e35_10.0.18362.1_none_dc3b44a93e6b06c4\ContactApis.dll
108,ContactApis.dll,1003520,3,1224330312,2008-10-18T11:45:12.000Z,imports,api-ms-win-core-shlwapi-legacy-l1-1-0.dll,PathFileExistsW,2054742bcde1939326b8d6187f32c6be,ff53ff8eec03a32d66697596861f4e91fd198f5bff9ccc6ca497b2609f80dc43,c:\Windows\WinSxS\amd64_microsoft-windows-u..access-userdataapis_31bf3856ad364e35_10.0.18362.1_none_dc3b44a93e6b06c4\ContactApis.dll
109,ContactApis.dll,1003520,3,1224330312,2008-10-18T11:45:12.000Z,imports,api-ms-win-service-management-l1-1-0.dll,CloseServiceHandle,2054742bcde1939326b8d6187f32c6be,ff53ff8eec03a32d66697596861f4e91fd198f5bff9ccc6ca497b2609f80dc43,c:\Windows\WinSxS\amd64_microsoft-windows-u..access-userdataapis_31bf3856ad364e35_10.0.18362.1_none_dc3b44a93e6b06c4\ContactApis.dll
110,ContactApis.dll,1003520,3,1224330312,2008-10-18T11:45:12.000Z,imports,api-ms-win-service-management-l1-1-0.dll,OpenSCManagerW,2054742bcde1939326b8d6187f32c6be,ff53ff8eec03a32d66697596861f4e91fd198f5bff9ccc6ca497b2609f80dc43,c:\Windows\WinSxS\amd64_microsoft-windows-u..access-userdataapis_31bf3856ad364e35_10.0.18362.1_none_dc3b44a93e6b06c4\ContactApis.dll
111,ContactApis.dll,1003520,3,1224330312,2008-10-18T11:45:12.000Z,imports,api-ms-win-service-management-l1-1-0.dll,OpenServiceW,2054742bcde1939326b8d6187f32c6be,ff53ff8eec03a32d66697596861f4e91fd198f5bff9ccc6ca497b2609f80dc43,c:\Windows\WinSxS\amd64_microsoft-windows-u..access-userdataapis_31bf3856ad364e35_10.0.18362.1_none_dc3b44a93e6b06c4\ContactApis.dll
112,ContactApis.dll,1003520,3,1224330312,2008-10-18T11:45:12.000Z,imports,api-ms-win-service-winsvc-l1-1-0.dll,QueryServiceStatus,2054742bcde1939326b8d6187f32c6be,ff53ff8eec03a32d66697596861f4e91fd198f5bff9ccc6ca497b2609f80dc43,c:\Windows\WinSxS\amd64_microsoft-windows-u..access-userdataapis_31bf3856ad364e35_10.0.18362.1_none_dc3b44a93e6b06c4\ContactApis.dll
113,ContactApis.dll,1003520,3,1224330312,2008-10-18T11:45:12.000Z,imports,api-ms-win-core-winrt-propertysetprivate-l1-1-1.dll,RoCreatePropertySetSerializer,2054742bcde1939326b8d6187f32c6be,ff53ff8eec03a32d66697596861f4e91fd198f5bff9ccc6ca497b2609f80dc43,c:\Windows\WinSxS\amd64_microsoft-windows-u..access-userdataapis_31bf3856ad364e35_10.0.18362.1_none_dc3b44a93e6b06c4\ContactApis.dll
114,ContactApis.dll,1003520,3,1224330312,2008-10-18T11:45:12.000Z,imports,api-ms-win-core-rtlsupport-l1-1-0.dll,RtlCaptureContext,2054742bcde1939326b8d6187f32c6be,ff53ff8eec03a32d66697596861f4e91fd198f5bff9ccc6ca497b2609f80dc43,c:\Windows\WinSxS\amd64_microsoft-windows-u..access-userdataapis_31bf3856ad364e35_10.0.18362.1_none_dc3b44a93e6b06c4\ContactApis.dll
115,ContactApis.dll,1003520,3,1224330312,2008-10-18T11:45:12.000Z,imports,api-ms-win-core-rtlsupport-l1-1-0.dll,RtlLookupFunctionEntry,2054742bcde1939326b8d6187f32c6be,ff53ff8eec03a32d66697596861f4e91fd198f5bff9ccc6ca497b2609f80dc43,c:\Windows\WinSxS\amd64_microsoft-windows-u..access-userdataapis_31bf3856ad364e35_10.0.18362.1_none_dc3b44a93e6b06c4\ContactApis.dll
116,ContactApis.dll,1003520,3,1224330312,2008-10-18T11:45:12.000Z,imports,api-ms-win-core-rtlsupport-l1-1-0.dll,RtlVirtualUnwind,2054742bcde1939326b8d6187f32c6be,ff53ff8eec03a32d66697596861f4e91fd198f5bff9ccc6ca497b2609f80dc43,c:\Windows\WinSxS\amd64_microsoft-windows-u..access-userdataapis_31bf3856ad364e35_10.0.18362.1_none_dc3b44a93e6b06c4\ContactApis.dll
117,ContactApis.dll,1003520,3,1224330312,2008-10-18T11:45:12.000Z,imports,api-ms-win-core-profile-l1-1-0.dll,QueryPerformanceCounter,2054742bcde1939326b8d6187f32c6be,ff53ff8eec03a32d66697596861f4e91fd198f5bff9ccc6ca497b2609f80dc43,c:\Windows\WinSxS\amd64_microsoft-windows-u..access-userdataapis_31bf3856ad364e35_10.0.18362.1_none_dc3b44a93e6b06c4\ContactApis.dll
118,ContactApis.dll,1003520,3,1224330312,2008-10-18T11:45:12.000Z,imports,userdataplatformhelperutil.dll,GenerateUserModeServiceName,2054742bcde1939326b8d6187f32c6be,ff53ff8eec03a32d66697596861f4e91fd198f5bff9ccc6ca497b2609f80dc43,c:\Windows\WinSxS\amd64_microsoft-windows-u..access-userdataapis_31bf3856ad364e35_10.0.18362.1_none_dc3b44a93e6b06c4\ContactApis.dll
119,ContactApis.dll,1003520,3,1224330312,2008-10-18T11:45:12.000Z,imports,userdataplatformhelperutil.dll,GetUserContextFromHandle,2054742bcde1939326b8d6187f32c6be,ff53ff8eec03a32d66697596861f4e91fd198f5bff9ccc6ca497b2609f80dc43,c:\Windows\WinSxS\amd64_microsoft-windows-u..access-userdataapis_31bf3856ad364e35_10.0.18362.1_none_dc3b44a93e6b06c4\ContactApis.dll
120,ContactApis.dll,1003520,3,1224330312,2008-10-18T11:45:12.000Z,imports,userdataplatformhelperutil.dll,GetUserTokenFromContext,2054742bcde1939326b8d6187f32c6be,ff53ff8eec03a32d66697596861f4e91fd198f5bff9ccc6ca497b2609f80dc43,c:\Windows\WinSxS\amd64_microsoft-windows-u..access-userdataapis_31bf3856ad364e35_10.0.18362.1_none_dc3b44a93e6b06c4\ContactApis.dll
121,ContactApis.dll,1003520,3,1224330312,2008-10-18T11:45:12.000Z,imports,userdataplatformhelperutil.dll,IsCommsSystemService,2054742bcde1939326b8d6187f32c6be,ff53ff8eec03a32d66697596861f4e91fd198f5bff9ccc6ca497b2609f80dc43,c:\Windows\WinSxS\amd64_microsoft-windows-u..access-userdataapis_31bf3856ad364e35_10.0.18362.1_none_dc3b44a93e6b06c4\ContactApis.dll
122,ContactApis.dll,1003520,3,1224330312,2008-10-18T11:45:12.000Z,imports,userdataplatformhelperutil.dll,RunServicesInProc,2054742bcde1939326b8d6187f32c6be,ff53ff8eec03a32d66697596861f4e91fd198f5bff9ccc6ca497b2609f80dc43,c:\Windows\WinSxS\amd64_microsoft-windows-u..access-userdataapis_31bf3856ad364e35_10.0.18362.1_none_dc3b44a93e6b06c4\ContactApis.dll
123,ContactApis.dll,1003520,3,1224330312,2008-10-18T11:45:12.000Z,imports,userdataplatformhelperutil.dll,StartAndWaitForServiceForUser,2054742bcde1939326b8d6187f32c6be,ff53ff8eec03a32d66697596861f4e91fd198f5bff9ccc6ca497b2609f80dc43,c:\Windows\WinSxS\amd64_microsoft-windows-u..access-userdataapis_31bf3856ad364e35_10.0.18362.1_none_dc3b44a93e6b06c4\ContactApis.dll
124,ContactApis.dll,1003520,3,1224330312,2008-10-18T11:45:12.000Z,imports,contactactivation.dll,AwaitContactPickerResults,2054742bcde1939326b8d6187f32c6be,ff53ff8eec03a32d66697596861f4e91fd198f5bff9ccc6ca497b2609f80dc43,c:\Windows\WinSxS\amd64_microsoft-windows-u..access-userdataapis_31bf3856ad364e35_10.0.18362.1_none_dc3b44a93e6b06c4\ContactApis.dll
125,ContactApis.dll,1003520,3,1224330312,2008-10-18T11:45:12.000Z,imports,contactactivation.dll,ContactToVCardString,2054742bcde1939326b8d6187f32c6be,ff53ff8eec03a32d66697596861f4e91fd198f5bff9ccc6ca497b2609f80dc43,c:\Windows\WinSxS\amd64_microsoft-windows-u..access-userdataapis_31bf3856ad364e35_10.0.18362.1_none_dc3b44a93e6b06c4\ContactApis.dll
126,ContactApis.dll,1003520,3,1224330312,2008-10-18T11:45:12.000Z,imports,contactactivation.dll,ShowContactPickerAsync,2054742bcde1939326b8d6187f32c6be,ff53ff8eec03a32d66697596861f4e91fd198f5bff9ccc6ca497b2609f80dc43,c:\Windows\WinSxS\amd64_microsoft-windows-u..access-userdataapis_31bf3856ad364e35_10.0.18362.1_none_dc3b44a93e6b06c4\ContactApis.dll
127,ContactApis.dll,1003520,3,1224330312,2008-10-18T11:45:12.000Z,imports,userdatalanguageutil.dll,DetermineStringEALangIdNLS,2054742bcde1939326b8d6187f32c6be,ff53ff8eec03a32d66697596861f4e91fd198f5bff9ccc6ca497b2609f80dc43,c:\Windows\WinSxS\amd64_microsoft-windows-u..access-userdataapis_31bf3856ad364e35_10.0.18362.1_none_dc3b44a93e6b06c4\ContactApis.dll
128,ContactApis.dll,1003520,3,1224330312,2008-10-18T11:45:12.000Z,imports,userdatalanguageutil.dll,IsEAChar,2054742bcde1939326b8d6187f32c6be,ff53ff8eec03a32d66697596861f4e91fd198f5bff9ccc6ca497b2609f80dc43,c:\Windows\WinSxS\amd64_microsoft-windows-u..access-userdataapis_31bf3856ad364e35_10.0.18362.1_none_dc3b44a93e6b06c4\ContactApis.dll
129,ContactApis.dll,1003520,3,1224330312,2008-10-18T11:45:12.000Z,imports,userdatalanguageutil.dll,IsMatchingEAPrefix,2054742bcde1939326b8d6187f32c6be,ff53ff8eec03a32d66697596861f4e91fd198f5bff9ccc6ca497b2609f80dc43,c:\Windows\WinSxS\amd64_microsoft-windows-u..access-userdataapis_31bf3856ad364e35_10.0.18362.1_none_dc3b44a93e6b06c4\ContactApis.dll
130,ContactApis.dll,1003520,3,1224330312,2008-10-18T11:45:12.000Z,imports,systemeventsbrokerclient.dll,SebCreateContactNotificationEvent,2054742bcde1939326b8d6187f32c6be,ff53ff8eec03a32d66697596861f4e91fd198f5bff9ccc6ca497b2609f80dc43,c:\Windows\WinSxS\amd64_microsoft-windows-u..access-userdataapis_31bf3856ad364e35_10.0.18362.1_none_dc3b44a93e6b06c4\ContactApis.dll
131,ContactApis.dll,1003520,3,1224330312,2008-10-18T11:45:12.000Z,imports,systemeventsbrokerclient.dll,SebDeleteEvent,2054742bcde1939326b8d6187f32c6be,ff53ff8eec03a32d66697596861f4e91fd198f5bff9ccc6ca497b2609f80dc43,c:\Windows\WinSxS\amd64_microsoft-windows-u..access-userdataapis_31bf3856ad364e35_10.0.18362.1_none_dc3b44a93e6b06c4\ContactApis.dll
132,ContactApis.dll,1003520,3,1224330312,2008-10-18T11:45:12.000Z,imports,phoneutil.dll,ValidPhoneNumberInplaceStripInvalidCharacters,2054742bcde1939326b8d6187f32c6be,ff53ff8eec03a32d66697596861f4e91fd198f5bff9ccc6ca497b2609f80dc43,c:\Windows\WinSxS\amd64_microsoft-windows-u..access-userdataapis_31bf3856ad364e35_10.0.18362.1_none_dc3b44a93e6b06c4\ContactApis.dll
133,ContactApis.dll,1003520,3,1224330312,2008-10-18T11:45:12.000Z,imports,api-ms-win-core-libraryloader-l1-2-1.dll,LoadLibraryW,2054742bcde1939326b8d6187f32c6be,ff53ff8eec03a32d66697596861f4e91fd198f5bff9ccc6ca497b2609f80dc43,c:\Windows\WinSxS\amd64_microsoft-windows-u..access-userdataapis_31bf3856ad364e35_10.0.18362.1_none_dc3b44a93e6b06c4\ContactApis.dll
134,ContactApis.dll,1003520,3,1224330312,2008-10-18T11:45:12.000Z,imports,api-ms-win-core-registry-l1-1-0.dll,RegGetValueW,2054742bcde1939326b8d6187f32c6be,ff53ff8eec03a32d66697596861f4e91fd198f5bff9ccc6ca497b2609f80dc43,c:\Windows\WinSxS\amd64_microsoft-windows-u..access-userdataapis_31bf3856ad364e35_10.0.18362.1_none_dc3b44a93e6b06c4\ContactApis.dll
135,ContactApis.dll,1003520,3,1224330312,2008-10-18T11:45:12.000Z,imports,api-ms-win-security-sddl-l1-1-0.dll,ConvertSidToStringSidW,2054742bcde1939326b8d6187f32c6be,ff53ff8eec03a32d66697596861f4e91fd198f5bff9ccc6ca497b2609f80dc43,c:\Windows\WinSxS\amd64_microsoft-windows-u..access-userdataapis_31bf3856ad364e35_10.0.18362.1_none_dc3b44a93e6b06c4\ContactApis.dll
136,ContactApis.dll,1003520,3,1224330312,2008-10-18T11:45:12.000Z,imports,api-ms-win-core-delayload-l1-1-1.dll,ResolveDelayLoadedAPI,2054742bcde1939326b8d6187f32c6be,ff53ff8eec03a32d66697596861f4e91fd198f5bff9ccc6ca497b2609f80dc43,c:\Windows\WinSxS\amd64_microsoft-windows-u..access-userdataapis_31bf3856ad364e35_10.0.18362.1_none_dc3b44a93e6b06c4\ContactApis.dll
137,ContactApis.dll,1003520,3,1224330312,2008-10-18T11:45:12.000Z,imports,api-ms-win-core-delayload-l1-1-0.dll,DelayLoadFailureHook,2054742bcde1939326b8d6187f32c6be,ff53ff8eec03a32d66697596861f4e91fd198f5bff9ccc6ca497b2609f80dc43,c:\Windows\WinSxS\amd64_microsoft-windows-u..access-userdataapis_31bf3856ad364e35_10.0.18362.1_none_dc3b44a93e6b06c4\ContactApis.dll
138,ContactApis.dll,1003520,3,1224330312,2008-10-18T11:45:12.000Z,exports,ContactApis.dll,DllCanUnloadNow,2054742bcde1939326b8d6187f32c6be,ff53ff8eec03a32d66697596861f4e91fd198f5bff9ccc6ca497b2609f80dc43,c:\Windows\WinSxS\amd64_microsoft-windows-u..access-userdataapis_31bf3856ad364e35_10.0.18362.1_none_dc3b44a93e6b06c4\ContactApis.dll
139,ContactApis.dll,1003520,3,1224330312,2008-10-18T11:45:12.000Z,exports,ContactApis.dll,DllGetActivationFactory,2054742bcde1939326b8d6187f32c6be,ff53ff8eec03a32d66697596861f4e91fd198f5bff9ccc6ca497b2609f80dc43,c:\Windows\WinSxS\amd64_microsoft-windows-u..access-userdataapis_31bf3856ad364e35_10.0.18362.1_none_dc3b44a93e6b06c4\ContactApis.dll
140,ContactApis.dll,1003520,3,1224330312,2008-10-18T11:45:12.000Z,exports,ContactApis.dll,DllGetClassObject,2054742bcde1939326b8d6187f32c6be,ff53ff8eec03a32d66697596861f4e91fd198f5bff9ccc6ca497b2609f80dc43,c:\Windows\WinSxS\amd64_microsoft-windows-u..access-userdataapis_31bf3856ad364e35_10.0.18362.1_none_dc3b44a93e6b06c4\ContactApis.dll
