,col0,col1,col2,col3,col4,col5,col6,col7,col8,col9,col10,col11,col12,col13,col14,col15,col16,col17,col18,col19
0,a336c5f2-9bad-11eb-a8a2-19ed5c03f8d3,genus,Exilispora,,,Tehon & E.Y. Daniels,,1927.0,,Mycologia 19(3): 112 (1927),,,,a336c5f2-9bad-11eb-a8a2-19ed5c03f8d3,,,,,1961.0, 
1,0e250686-9bad-11eb-a8a2-19ed5c03f8d3,species,indica,Exilispora,,Subhedar & V.G. Rao,,1976.0,,Curr. Sci. 45(9): 344 (1976),,,,0e250686-9bad-11eb-a8a2-19ed5c03f8d3,,,,,314033.0, 
2,c113cd8c-9bac-11eb-a8a2-19ed5c03f8d3,species,plurisepta,Exilispora,,Tehon & E.Y. Daniels,,1927.0,,Mycologia 19(3): 113 (1927),,,,c113cd8c-9bac-11eb-a8a2-19ed5c03f8d3,,,,,274799.0, 
3,052fd790-9bad-11eb-a8a2-19ed5c03f8d3,species,pluriseta,Exilispora,,Tehon & E.Y. Daniels,,,,,,,,052fd790-9bad-11eb-a8a2-19ed5c03f8d3,,,,,162006.0, 
4,0db34efc-8fcc-11eb-924d-9cd76263cbd0,species,eximia,,,H.J.Veitch,Q5673040,1894.0,,J. Hort. Pract. Gard. 1894: 321 1894,,,,,,,wfo-0000311823,,,
5,64c80e7c-8fcb-11eb-924d-9cd76263cbd0,species,eximia,,,H.J.Veitch,Q5673040,1891.0,,Gard. Chron. 1891(1): 800 1891,,,,,,,wfo-0000222197,,,
6,b6c9e6f4-8fd1-11eb-924d-9cd76263cbd0,species,pulchella,Exinia,,Raf.,Q364857,1840.0,,Autik. Bot. 185 1840,,,,,,102817-2,wfo-0001237007,4007014.0,,
7,41f5a240-8fcd-11eb-924d-9cd76263cbd0,species,corymbosa,Exitelia,,(Blume) Blume,Q76816,1828.0,,Fl. Javae Praef.: vii 1828,,,,,,724863-1,wfo-0000832047,7878151.0,,
8,41f5bfa0-8fcd-11eb-924d-9cd76263cbd0,species,multiflora,Exitelia,,(Korth.) Walp.,"Q442109,Q77671",1845.0,,Repert. Bot. Syst. 5: 115 1845,,,,3aa50738-8fcd-11eb-924d-9cd76263cbd0,,724864-1,wfo-0000832048,3745315.0,,
