,col0,col1,col2,col3,col4,col5,col6,col7,col8,col9,col10,col11,col12,col13,col14,col15,col16,col17,col18,col19,col20,col21,col22,col23,col24,col25,col26,col27,col28,col29,col30
0,285,José Paolo Guerrero Gonzales,paolo-guerrero,Paolo Guerrero,75295,11,5,5,0.0,20.81,0.0,11.2,3,0,7,0,0,0,0,0,0,0,5,15,1,1,1,3,3,3,0
1,285,Patrick Bezerra do Nascimento,patrick,Patrick,83433,11,4,6,0.0,10.18,-0.83,3.85,10,0,17,0,0,0,0,0,0,0,14,54,1,2,5,3,1,2,0
2,285,Moisés Roberto Barbosa,moises,Moisés,90444,11,2,7,0.3,10.48,-0.31,3.8,10,0,26,0,1,0,6,0,0,0,0,107,1,0,1,5,0,1,0
3,285,Eduardo Germán Coudet,eduardo-coudet,Eduardo Coudet,94853,11,6,7,1.05,11.81,-0.25,3.94,11,0,0,0,0,0,0,0,0,0,0,0,0,0,0,0,0,0,0
4,285,Andrés Nicolas D'Alessandro,d-alessandro,D'Alessandro,62023,11,4,6,-2.0,2.8,-0.68,0.44,9,0,2,0,2,0,0,0,0,0,7,36,0,0,3,3,0,2,0
5,285,Uendel Pereira Gonçalves,uendel,Uendel,60852,11,2,6,0.0,4.0,0.0,4.0,1,0,0,0,0,0,0,0,0,0,0,10,0,0,0,0,0,0,0
6,285,Bruno Conceição Praxedes,praxedes,Praxedes,107744,11,4,6,0.0,0.77,0.0,-1.45,4,0,8,0,3,0,0,0,0,0,1,27,0,0,0,3,0,0,0
7,285,Matheus Isaías dos Santos,matheus-jussa,Matheus Jussa,91689,11,3,6,0.0,2.32,0.0,0.9,2,0,5,0,2,0,1,0,0,0,1,12,0,0,0,0,0,0,0
8,285,Carlos Eduardo da Silva Rodrigues Lima,carlos-eduardo,Carlos Eduardo,107756,11,3,6,0.0,1.0,0.0,0.0,0,0,0,0,0,0,0,0,0,0,0,0,0,0,0,0,0,0,0
9,285,César Coelho Campos Júnior,cesinha,Cesinha,107746,11,4,6,0.0,1.0,0.0,0.0,0,0,0,0,0,0,0,0,0,0,0,0,0,0,0,0,0,0,0
10,285,Tiago Barbosa Figueiredo,tiago-barbosa,Tiago Barbosa,107742,11,3,6,0.0,2.0,0.0,0.0,0,0,0,0,0,0,0,0,0,0,0,0,0,0,0,0,0,0,0
11,285,Rodrigo Modesto da Silva Moledo,rodrigo-moledo,Rodrigo Moledo,63354,11,3,7,3.6,5.97,0.54,2.51,7,0,3,0,1,0,3,0,0,0,4,7,0,0,0,1,0,0,0
12,285,Edenílson Andrade Dos Santos,edenilson,Edenílson,63289,11,4,7,0.0,7.62,-0.53,2.01,10,0,16,0,2,0,0,0,0,0,12,69,1,0,4,4,1,2,0
13,285,Heitor Rodrigues da Fonseca,heitor,Heitor,104649,11,2,6,0.0,4.0,0.0,0.0,0,0,0,0,0,0,0,0,0,0,0,0,0,0,0,0,0,0,0
14,285,Leonardo Borges da Silva,leonardo-borges,Leonardo Borges,105839,11,2,6,0.0,1.0,0.0,0.0,0,0,0,0,0,0,0,0,0,0,0,0,0,0,0,0,0,0,0
15,285,Thiago Galhardo do Nascimento Rocha,thiago-galhardo,Thiago Galhardo,71844,11,4,7,0.0,16.85,0.0,9.33,10,0,11,0,0,0,0,0,0,0,18,43,3,0,2,7,8,4,0
16,285,Danilo Fernandes Batista,danilo-fernandes,Danilo Fernandes,69051,11,1,6,0.0,6.0,0.0,0.0,0,0,0,0,0,0,0,0,0,0,0,0,0,0,0,0,0,0,0
17,285,Rodrigo Oliveira Lindoso,rodrigo-lindoso,Rodrigo Lindoso,72362,11,4,7,2.5,4.8,0.15,1.62,8,0,16,0,0,0,0,0,0,0,1,27,1,0,1,0,0,0,0
18,285,Rodinei Marcelo de Almeida,rodinei,Rodinei,73992,11,2,7,0.0,4.36,0.0,1.95,4,0,4,0,1,0,1,0,0,0,8,34,0,0,1,0,0,0,0
19,285,João Gabriel Martins Peglow,peglow,Peglow,106821,11,4,5,0.0,1.74,0.0,0.82,5,0,5,0,0,0,0,0,0,0,1,12,1,0,0,1,0,1,0
20,285,João Lucas Souza Cardoso,johnny,Johnny ,106002,11,4,5,2.1,2.48,-0.07,2.35,4,0,1,0,0,0,0,0,0,0,3,16,0,0,1,1,0,0,0
21,285,William de Oliveira Pottker,william-pottker,William Pottker,77809,11,5,5,0.0,3.36,0.0,-0.03,3,0,3,0,0,1,0,0,0,0,5,11,0,0,2,2,0,0,0
22,285,Rodrigo Dourado Cunha,rodrigo-dourado,Rodrigo Dourado,78865,11,4,6,0.0,6.0,0.0,0.0,0,0,0,0,0,0,0,0,0,0,0,0,0,0,0,0,0,0,0
23,285,Marcos Guilherme de Almeida Santos Matos,marcos-guilherme,Marcos Guilherme ,83266,11,4,6,0.0,2.87,0.0,0.07,9,0,8,0,1,0,0,0,0,0,5,17,0,0,1,2,0,4,0
24,285,Gabriel Boschilia,boschilia,Boschilia,86841,11,4,7,-3.7,7.12,-1.34,4.04,10,0,20,0,2,0,0,0,0,0,12,74,1,0,8,4,1,0,0
25,285,Keiller da Silva Nunes,keiller,Keiller,93834,11,1,6,0.0,2.0,0.0,0.0,0,0,0,0,0,0,0,0,0,0,0,0,0,0,0,0,0,0,0
26,285,Damián Marcelo Musto,musto,Musto,94838,11,4,6,2.9,6.31,0.51,2.86,7,0,11,0,1,0,0,0,0,0,9,16,0,0,0,2,1,0,0
27,285,Daniel de Sousa Brito,daniel,Daniel,96468,11,1,5,0.0,2.0,0.0,0.0,0,0,0,0,0,0,0,0,0,0,0,0,0,0,0,0,0,0,0
28,285,Renzo Saravia,saravia,Saravia,96725,11,2,6,1.6,18.78,-2.1,7.96,8,0,12,0,1,0,5,0,0,0,15,56,1,0,1,2,0,0,0
29,285,Gustavo Nonato Santana,nonato,Nonato,100987,11,4,7,1.8,4.55,-0.07,3.03,3,0,6,0,2,0,0,0,0,0,6,11,0,0,1,0,0,0,0
30,285,Marcelo Lomba do Nascimento,marcelo-lomba,Marcelo Lomba,68872,11,1,7,-2.8,8.27,-0.64,0.25,11,0,0,0,1,0,6,0,0,7,0,113,0,0,0,0,0,0,0
31,285,José Gabriel dos Santos Silva,ze-gabriel,Zé Gabriel,105902,11,4,6,2.8,2.64,0.33,1.15,8,0,10,0,1,0,0,0,0,0,7,31,0,0,0,1,0,0,0
32,285,Víctor Leandro Cuesta,victor-cuesta,Víctor Cuesta,79113,11,3,7,0.0,10.59,0.0,2.87,10,0,16,0,3,0,6,0,0,0,9,70,0,0,1,0,0,0,0
33,285,Yuri Alberto Monteiro da Silva,yuri-alberto,Yuri Alberto,100652,11,5,5,0.0,2.16,0.0,-0.2,1,0,0,0,0,0,0,0,0,0,0,2,0,0,0,0,0,0,0
34,285,Pedro Henrique Alves Santana,pedro-henrique,Pedro Henrique,105840,11,3,6,0.0,0.77,0.0,-1.0,1,0,2,0,1,0,0,0,0,0,1,7,0,0,1,0,0,0,0
35,285,Lucas Ribeiro dos Santos,lucas-ribeiro,Lucas Ribeiro,103088,11,3,6,0.0,4.0,0.0,0.0,0,0,0,0,0,0,0,0,0,0,0,0,0,0,0,0,0,0,0
36,285,Leonardo Ferreira Gonçalves,leo-ferreira,Léo Ferreira,107760,11,5,6,1.5,1.45,0.45,1.5,1,0,1,0,0,0,0,0,0,0,1,4,0,0,0,3,0,1,0
37,285,Abel Mathías Hernández Platero,abel-hernandez,Abel Hernández,74159,11,5,7,0.2,6.53,-0.75,1.15,4,0,3,0,0,0,0,0,0,0,0,5,0,0,1,3,0,0,0
38,285,Leandro Miguel Fernández,leandro-fernandez,Leandro Fernández,93303,11,5,6,0.8,7.3,-0.73,2.1,2,0,2,0,0,0,0,0,0,0,2,9,0,0,2,4,0,1,0
39,285,Andrés Felipe Amaya Rivera,amaya,Amaya,109656,11,5,6,0.0,1.0,0.0,0.0,0,0,0,0,0,0,0,0,0,0,0,0,0,0,0,0,0,0,0
