,col0,col1,col2,col3,col4,col5,col6,col7,col8,col9,col10,col11,col12,col13,col14,col15,col16,col17,col18,col19,col20,col21,col22
0,,http://opendatacommunities.org/id/district-council/uttlesford,,UBLR/17/006,"North Street, Great Dunmow, CM6 1BA",0.363007,51.875223,,,not owned by a public authority,,permissioned,,,,,,,yes,,,2020-03-27,
1,,http://opendatacommunities.org/id/district-council/uttlesford,,UBLR/17/010,"Stansted Mountfitchet, CM24 8BZ",0.19485999999999998,51.904568,,,not owned by a public authority,,permissioned,,,,,,,yes,,,2020-03-27,
2,,http://opendatacommunities.org/id/district-council/uttlesford,,UBLR/17/012,Church End Broxted CM6 2BZ,0.295113,51.922798,,,not owned by a public authority,,permissioned,,,,,,,yes,,,2020-03-27,
3,,http://opendatacommunities.org/id/district-council/uttlesford,,UBLR/17/015,"Dunmow Road, Hatfield Heath, CM22 7BL",0.21737399999999998,51.817332,,,not owned by a public authority,,permissioned,,,,,,,yes,,,2020-03-27,
4,,http://opendatacommunities.org/id/district-council/uttlesford,,UBLR/17/014,"86 Cambridge Road, Stansted, CM22 7BL",0.19756700000000002,51.907610999999996,,,not owned by a public authority,,permissioned,,,,,,,yes,,,2020-03-27,
