,col0,col1,col2,col3,col4,col5
0,Long Method,MonoJavaBridge,JNIEnv,D:\research\architectureSmells\repos\koush_androidmono\jni\MonoJavaBridge\JavaBridge\JNIEnv.delegates.cs,InitMethods,The method has 176 lines of code.
1,Complex Method,MonoJavaBridge,JavaBridge,D:\research\architectureSmells\repos\koush_androidmono\jni\MonoJavaBridge\JavaBridge\JavaBridge.cs,WrapJavaArrayObject,Cyclomatic complexity of the method is 19
2,Complex Method,MonoJavaBridge,JavaBridge,D:\research\architectureSmells\repos\koush_androidmono\jni\MonoJavaBridge\JavaBridge\JavaBridge.cs,GetSignature,Cyclomatic complexity of the method is 11
3,Complex Method,MonoJavaBridge,JavaBridge,D:\research\architectureSmells\repos\koush_androidmono\jni\MonoJavaBridge\JavaBridge\JavaBridge.cs,ConvertPrimitiveToValue,Cyclomatic complexity of the method is 9
4,Long Identifier,MonoJavaBridge,JNINativeInterface,D:\research\architectureSmells\repos\koush_androidmono\jni\MonoJavaBridge\JavaBridge\JNIEnv.functions.cs,,The length of the parameter __CallNonvirtualBooleanMethodV is 30.
5,Long Statement,MonoJavaBridge,JavaBridge,D:\research\architectureSmells\repos\koush_androidmono\jni\MonoJavaBridge\JavaBridge\JavaBridge.cs,GetWrapper,"The length of the statement  ""				ret.Constructor = type.GetConstructor(BindingFlags.Instance | BindingFlags.CreateInstance | BindingFlags.Public | BindingFlags.NonPublic' null' new Type[]{ typeof(JNIEnv) }' null); "" is 180."
6,Long Statement,MonoJavaBridge,JavaBridge,D:\research\architectureSmells\repos\koush_androidmono\jni\MonoJavaBridge\JavaBridge\JavaBridge.cs,MarshalArgument,"The length of the statement  ""                return Expression.Convert(Expression.Call(mWrapJavaObject' Expression.Convert(parameter' typeof(JniLocalHandle)))' argumentType); "" is 129."
7,Long Statement,MonoJavaBridge,JavaBridge,D:\research\architectureSmells\repos\koush_androidmono\jni\MonoJavaBridge\JavaBridge\JavaBridge.cs,MarshalArgument,"The length of the statement  ""            return Expression.Convert(Expression.Call(wrapObject' Expression.Convert(parameter' typeof(JniLocalHandle)))' argumentType); "" is 124."
8,Long Statement,MonoJavaBridge,JavaBridge,D:\research\architectureSmells\repos\koush_androidmono\jni\MonoJavaBridge\JavaBridge\JavaBridge.cs,MakeWrapper,"The length of the statement  ""            var parameterExpressions = (from par in method.GetParameters() select Expression.Parameter(GetJNITypeForClrType(par.ParameterType)' par.Name)).ToArray(); "" is 153."
9,Long Statement,MonoJavaBridge,JavaBridge,D:\research\architectureSmells\repos\koush_androidmono\jni\MonoJavaBridge\JavaBridge\JavaBridge.cs,MakeWrapper,"The length of the statement  ""            var methodExpression = Expression.Call(MarshalCLRHandle(obj' method.DeclaringType)' method' marshaledParameterExpressions); "" is 123."
10,Long Statement,MonoJavaBridge,JavaBridge,D:\research\architectureSmells\repos\koush_androidmono\jni\MonoJavaBridge\JavaBridge\JavaBridge.cs,MakeWrapper,"The length of the statement  ""            //var lambdaExpression = expressionMethodInfo.Invoke(null' new object[] { methodExpression' fullParameterList.ToArray() }); "" is 123."
11,Long Statement,MonoJavaBridge,JavaBridge,D:\research\architectureSmells\repos\koush_androidmono\jni\MonoJavaBridge\JavaBridge\JavaBridge.cs,Link,"The length of the statement  ""            var method = type.GetMethod(methodName' BindingFlags.Public | BindingFlags.NonPublic | BindingFlags.DeclaredOnly | BindingFlags.Instance' null' parameterTypes ?? new Type[] {}' null); "" is 183."
