,col0,col1,col2,col3,col4,col5,col6,col7
0,access_account_voucher_manager,account.voucher,model_account_voucher,account.group_account_manager,1,0,0,0
1,access_account_voucher_line_manager,account.voucher.line,model_account_voucher_line,account.group_account_manager,1,0,0,0
2,access_account_voucher_invoice,account.voucher invoice,model_account_voucher,account.group_account_invoice,1,1,1,1
3,access_account_voucher_line_invoice,account.voucher.line invoice,model_account_voucher_line,account.group_account_invoice,1,1,1,1
4,access_sale_receipt_report_manager,account.sale.receipt.report,model_sale_receipt_report,account.group_account_manager,1,1,1,1
5,access_sale_receipt_report_user,account.sale.receipt.report,model_sale_receipt_report,account.group_account_user,1,0,0,0
