,col0,col1,col2,col3,col4,col5,col6,col7,col8,col9,col10,col11,col12,col13,col14,col15,col16,col17,col18,col19
0,e8a5ebb4-8fd1-11eb-924d-9cd76263cbd0,genus,Platycarya,,,Siebold & Zucc.,"Q77140,Q77121",1843,,Abh. Math.-Phys. Cl. Königl. Bayer. Akad. Wiss. 3(3): 741. 1843.,,,,,,20570-1,wfo-4000030081,7148629,,
1,7496d562-8fcc-11eb-924d-9cd76263cbd0,species,longipes,Platycarya,,Y.C.Wu,Q21613087,1940,,Bot. Jahrb. Syst. 71: 171 1940,,,,,,,wfo-0000465004,4205481,,
2,bdda317e-8fd1-11eb-924d-9cd76263cbd0,species,longzhouensis,Platycarya,,S.Ye Liang & G.J.Liang,"Q6127001,Q33681524",1999,,"Guihaia 19(2): 119, f. 1 1999",,Q101035260,,,,1008201-1,wfo-0001250046,4205582,,
3,74afeade-8fcc-11eb-924d-9cd76263cbd0,species,simplicifolia,Platycarya,,G.R.Long,Q26712534,1990,,Acta Phytotax. Sin. 28: 328 1990,,,,,,940221-1,wfo-0000465175,7310517,,
4,b26f2e48-8fd1-11eb-924d-9cd76263cbd0,species,sinensis,Platycarya,,Mottet,Q21340334,1925,,Arb. Arbust. Orn. 409 1925,,,,,,,wfo-0001229010,8349445,,
5,ba72586c-8fcd-11eb-924d-9cd76263cbd0,species,strobilacea,Platycarya,,Siebold & Zucc.,"Q77140,Q77121",1843,,"Abh. Math.-Phys. Cl. Königl. Bayer. Akad. Wiss. 3(3): 741–742, pl. 5, f. 1, k1–k8 1843",,,,,,,wfo-0001067482,7148630,,
6,ba74d3da-8fcd-11eb-924d-9cd76263cbd0,variety,kawakamii,Platycarya,strobilacea,Hayata,Q702874,1911,,J. Coll. Sci. Imp. Univ. Tokyo 30(1): 284–285 1911,,,,,,,wfo-0001067505,8397502,,
