,col0,col1,col2,col3,col4,col5,col6,col7,col8,col9,col10,col11,col12,col13,col14,col15,col16,col17,col18,col19
0,ea9466e4-8fd1-11eb-924d-9cd76263cbd0,genus,Spermaulaxen,,,Raf.,Q364857,1836,,Fl. Tellur. 3: 13. 1836[1837].,,,,,,,wfo-4000035939,7291307,,
1,8b545612-8fcc-11eb-924d-9cd76263cbd0,species,dichotomus,Spermaulaxen,,Raf.,Q364857,1837,,Fl. Tellur. 3: 14 1837,,,,,,697701-1,wfo-0000503438,4033461,,
2,8ca8bce2-8fcc-11eb-924d-9cd76263cbd0,species,aphyllum,Spermaxyrum,,DC.,Q123057,1824,,Prodr. 1: 532 1824,,,,,,608414-1,wfo-0000505530,3685807,,
3,8cac0c1c-8fcc-11eb-924d-9cd76263cbd0,species,phyllanthi,Spermaxyrum,,Labill.,Q528925,1806,,Nov. Holl. Pl. 2: 84 1806,,,,,,608415-1,wfo-0000505555,3685793,,
4,8cb0c2c0-8fcc-11eb-924d-9cd76263cbd0,species,strictum,Spermaxyrum,,DC.,Q123057,1824,,Prodr. 1: 532 1824,,,,,,608416-1,wfo-0000505586,3685778,,
