,col0,col1,col2,col3,col4,col5,col6,col7,col8,col9,col10,col11,col12,col13,col14,col15,col16,col17,col18,col19
0,a2f09938-9bad-11eb-a8a2-19ed5c03f8d3,genus,Goidanichiella,,,G. Arnaud ex G.L. Barron,,1968.0,invalid,Genera of Hyphomycetes from soil 180 (1968),,,,a2f09938-9bad-11eb-a8a2-19ed5c03f8d3,,,,,11364,"Nom. inval., Art. 36.1 "
1,3547e220-9bac-11eb-a8a2-19ed5c03f8d3,species,barronii,Goidanichiella,,"W. Gams, Steiman & Seigle-Mur.",,1990.0,invalid,Mycotaxon 38: 152 (1990),,,,3547e220-9bac-11eb-a8a2-19ed5c03f8d3,,,,,127726,"Nom. inval., Art. 37.1, see Art. 9.1 "
2,224ab940-9bac-11eb-a8a2-19ed5c03f8d3,species,cylindrospora,Goidanichiella,,D.W. Li & G.H. Zhao,,2007.0,invalid,Mycotaxon 101: 42 (2007),,,,224ab940-9bac-11eb-a8a2-19ed5c03f8d3,,,,,510597,"Nom. inval., Art. 43.1 "
3,75ac1010-9bad-11eb-a8a2-19ed5c03f8d3,species,fusiforma,Goidanichiella,,"K.D. Hyde, Yanna, Pinnoi & E.B.G. Jones",,,,,,,,75ac1010-9bad-11eb-a8a2-19ed5c03f8d3,,,,,489788, Goidanichiella fusiformis
4,7713acd4-9bac-11eb-a8a2-19ed5c03f8d3,species,fusiformis,Goidanichiella,,"K.D. Hyde, Yanna, Pinnoi & E.B.G. Jones",,2002.0,invalid,Fungal Diversity 11: 119 (2002),,,,7713acd4-9bac-11eb-a8a2-19ed5c03f8d3,,,,,533854,"Nom. inval., Art. 43.1 fusiforma"
5,0b4adf90-9bac-11eb-a8a2-19ed5c03f8d3,species,scopula,Goidanichiella,,(Goid.) G.L. Barron,,1968.0,invalid,Genera of Hyphomycetes from soil 180 (1968),,,,e3ba2cc8-9bac-11eb-a8a2-19ed5c03f8d3,,,,,119488,"Nom. inval., Art. 43.1 "
6,0ead9708-9bad-11eb-a8a2-19ed5c03f8d3,species,sphaerospora,Goidanichiella,,Matsush.,,1975.0,invalid,Icon. microfung. Matsush. lect. (Kobe) 77 (1975),,,,0ead9708-9bad-11eb-a8a2-19ed5c03f8d3,,,,,314669,"Nom. inval., Art. 43.1 "
