,col0,col1,col2,col3,col4,col5,col6,col7,col8,col9,col10,col11,col12,col13,col14,col15,col16,col17,col18,col19
0,ec34a45a-8fd1-11eb-924d-9cd76263cbd0,genus,Zanonia,,,L.,Q1043,,,Sp. Pl. 2: 1028. 1753. (1 May 1753),,,,,,30062484-2,wfo-4000041145,3232075,,
1,5f0fcc80-8fcc-11eb-924d-9cd76263cbd0,species,angulata,Zanonia,,Wall.,Q730310,1831.0,,Pl. Asiat. Rar. 2: 28 1831,,,,,,294397-1,wfo-0000430113,5537150,,
2,cfd441e4-8fcc-11eb-924d-9cd76263cbd0,species,bibracteata,Zanonia,,J.Cramer,,1803.0,,Disp. Syst. Pl. 75 1803,,,,,,,wfo-0000615462,5303574,,
3,5f0e517a-8fcc-11eb-924d-9cd76263cbd0,species,capricornica,Zanonia,,F.Muell.,Q708002,1869.0,,Fragm. 7: 61 1869,,,,,,,wfo-0000430106,5537148,,
4,5f0e166a-8fcc-11eb-924d-9cd76263cbd0,species,cissoides,Zanonia,,Wall.,Q730310,1831.0,,Pl. Asiat. Rar. 2: 28 1831,,,,,,294399-1,wfo-0000430105,5537144,,
5,5f0ec79a-8fcc-11eb-924d-9cd76263cbd0,species,clarkei,Zanonia,,King,Q2566984,1898.0,,"J. Asiat. Soc. Bengal, Pt. 2, Nat. Hist. 67: 41 1898",,,,,,294400-1,wfo-0000430108,5537141,,
6,5f0efda0-8fcc-11eb-924d-9cd76263cbd0,species,clavigera,Zanonia,,Wall.,Q730310,1831.0,,Pl. Asiat. Rar. 2: 28 1831,,,,,,326993-2,wfo-0000430109,5537136,,
7,5f0f339c-8fcc-11eb-924d-9cd76263cbd0,species,heterosperma,Zanonia,,Wall.,Q730310,1831.0,,Pl. Asiat. Rar. 2: 29 1831,,,,,,294402-1,wfo-0000430110,5537133,,
8,5f0f5e62-8fcc-11eb-924d-9cd76263cbd0,species,hookeri,Zanonia,,F.Muell.,Q708002,1882.0,,Syst. Census Austral. Pl. 76 1882,,,,,,294403-1,wfo-0000430111,5537128,,
9,b06234b0-8fd1-11eb-924d-9cd76263cbd0,species,indica,Zanonia,,L.,Q1043,,,Syst. Nat. (ed. 10) 2: 1292 1759,,,,,,294405-1,wfo-0001225245,7317904,,
10,8fa7d13a-8fcc-11eb-924d-9cd76263cbd0,subspecies,orientalis,Zanonia,indica,W.J.de Wilde & Duyfjes,"Q6167531,Q13415191",2007.0,,Blumea 52: 284 2007,,,,,,,wfo-0000510663,5537123,,
11,5f0b949e-8fcc-11eb-924d-9cd76263cbd0,species,integerrima,Zanonia,,Wall. ex Cogn.,"Q730310,Q655719",1881.0,,Monogr. Phan. 3: 931 1881,,,,,,294406-1,wfo-0000430098,5537120,,
12,b0799eac-8fd1-11eb-924d-9cd76263cbd0,species,laxa,Zanonia,,Wall.,Q730310,1831.0,,Pl. Asiat. Rar. 2: 29 1831,,,,,,294407-1,wfo-0001225415,5537118,,
13,cdce95fc-8fd1-11eb-924d-9cd76263cbd0,species,macrocarpa,Zanonia,,Blume,Q76816,1826.0,,Bijdr. Fl. Ned. Ind. 1826,,,,,,,wfo-0001279492,5537116,,
14,5f0a6966-8fcc-11eb-924d-9cd76263cbd0,species,oblonga,Zanonia,,Wall.,Q730310,,,Numer. List 6760 1832,,,,,,,wfo-0000430093,8379283,,
15,5f0a901c-8fcc-11eb-924d-9cd76263cbd0,species,pedata,Zanonia,,(Blume) Miq.,"Q76816,Q76742",1856.0,,Fl. Ned. Ind. 1(1): 683 1856,,,,,,294410-1,wfo-0000430094,5537112,,
16,5f0b46e2-8fcc-11eb-924d-9cd76263cbd0,species,philippinensis,Zanonia,,Merr.,Q729926,1906.0,,Philipp. J. Sci. 1(Suppl.): 241 1906,,,,,,294411-1,wfo-0000430096,5537110,,
17,cdcef330-8fd1-11eb-924d-9cd76263cbd0,species,sarcophylla,Zanonia,,Wall.,Q730310,1831.0,,"Pl. Asiat. Rar. 2: 28, t. 133 1831",,,,,,327002-2,wfo-0001279495,5537107,,
18,5f0b6e2e-8fcc-11eb-924d-9cd76263cbd0,species,stephensiana,Zanonia,,F.Muell.,Q708002,1874.0,,Fragm. 8: 181 1874,,,,,,294413-1,wfo-0000430097,5537104,,
19,cdceb6ea-8fd1-11eb-924d-9cd76263cbd0,species,timorana,Zanonia,,Span.,Q5932839,1844.0,,Linnaea 15: 205 1844,,,,,,,wfo-0001279493,5537101,,
20,b07a3cfe-8fd1-11eb-924d-9cd76263cbd0,species,wightiana,Zanonia,,Arn.,Q730292,1836.0,,Pugillus Pl. Ind. Or. 38b 1836,,,,,,,wfo-0001225418,5537097,,
