,col0,col1,col2,col3,col4,col5,col6,col7,col8,col9,col10,col11,col12,col13,col14,col15,col16,col17,col18,col19
0,98c2c210-9bad-11eb-a8a2-19ed5c03f8d3,genus,Naemacyclus,,,Fuckel,Q66899,1873.0,,Jb. nassau. Ver. Naturk. 27-28: 49 (1873),,,,98c2c210-9bad-11eb-a8a2-19ed5c03f8d3,,,,,3408, 
1,2a125bd2-9bad-11eb-a8a2-19ed5c03f8d3,species,alpinus,Naemacyclus,,Fuckel,Q66899,1875.0,,Jb. nassau. Ver. Naturk. 29-30: 27 (1875),,,,2a125bd2-9bad-11eb-a8a2-19ed5c03f8d3,,,,,229548, 
2,4f5b52f0-9bac-11eb-a8a2-19ed5c03f8d3,species,arctostaphyli,Naemacyclus,,(Ferd. & Winge) Rehm,"Q1451734,Q4393082",1903.0,,Ascom. exsicc. 1903 (1912),,,,4ce6ffa6-9bac-11eb-a8a2-19ed5c03f8d3,,,,,229253, 
3,11aed200-9bad-11eb-a8a2-19ed5c03f8d3,species,arxii,Naemacyclus,,V.G. Rao,,1972.0,,J. Shivaji Univ. 5(10): 131 (1972),,,,11aed200-9bad-11eb-a8a2-19ed5c03f8d3,,,,,318451, 
4,9c697b6c-9bac-11eb-a8a2-19ed5c03f8d3,species,caulium,Naemacyclus,,Höhn.,Q4502879,1906.0,,"Sber. Akad. Wiss. Wien, Math.-naturw. Kl., Abt. 1 115: 650 (1906)",,,,9c697b6c-9bac-11eb-a8a2-19ed5c03f8d3,,,,,217025, 
5,9c38122a-9bac-11eb-a8a2-19ed5c03f8d3,species,culmigenus,Naemacyclus,,Ellis & Everh.,Q6206643,1894.0,,"Proc. Acad. nat. Sci. Philad., 1894 46: 151 (1894)",,,,9c38122a-9bac-11eb-a8a2-19ed5c03f8d3,,,,,216696, 
6,9c5c192c-9bac-11eb-a8a2-19ed5c03f8d3,species,durmitorensis,Naemacyclus,,Bubák,,1915.0,,Bot. Közl. 14(3-4): 51 (1915),,,,9c5c192c-9bac-11eb-a8a2-19ed5c03f8d3,,,,,216938, 
7,75c34ffc-9bab-11eb-a8a2-19ed5c03f8d3,species,fimbriatulus,Naemacyclus,,E. Bommer & M. Rousseau,,,,,,,,75c34ffc-9bab-11eb-a8a2-19ed5c03f8d3,,,,,216784, 
8,6510caa2-9bad-11eb-a8a2-19ed5c03f8d3,species,fimbriatus,Naemacyclus,,"(Schwein.) DiCosmo, Peredo & Minter",Q1822110,1983.0,,Eur. J. For. Path. 13(4): 207 (1983),,,,76e43e28-9bab-11eb-a8a2-19ed5c03f8d3,,,,,108263, 
9,9c61f4f0-9bac-11eb-a8a2-19ed5c03f8d3,species,flavus,Naemacyclus,,Rehm,Q4393082,1888.0,,Discom. 1(3): 174 (1888),,,,9c61f4f0-9bac-11eb-a8a2-19ed5c03f8d3,,,,,216976, 
10,2058fa60-9bad-11eb-a8a2-19ed5c03f8d3,species,foliicola,Naemacyclus,,(Berk. & M.A. Curtis) Dennis,Q662338,1960.0,,Kew Bull. 14: 445 (1960),,,,f927266a-9bac-11eb-a8a2-19ed5c03f8d3,,,,,335041, 
11,ca066328-9bac-11eb-a8a2-19ed5c03f8d3,species,gilvus,Naemacyclus,,Rodway,Q4396077,1918.0,,Pap. Proc. R. Soc. Tasm. 107 (1918),,,,ca066328-9bac-11eb-a8a2-19ed5c03f8d3,,,,,216652, 
12,9c522cd2-9bac-11eb-a8a2-19ed5c03f8d3,species,griseus,Naemacyclus,,(Cooke & Ellis) Sacc.,"Q2351239,Q6206643,Q707840",1889.0,,Syll. fung. (Abellini) 8: 702 (1889),,,,0f4e9c8a-9bac-11eb-a8a2-19ed5c03f8d3,,,,,216859, 
13,9c4e0346-9bac-11eb-a8a2-19ed5c03f8d3,species,hysterioides,Naemacyclus,,"E. Bommer, M. Rousseau & Sacc.",Q707840,1888.0,,Rabenh. Krypt.-Fl. (Leipzig) 1(3): 162 (1888),,,,9c4e0346-9bac-11eb-a8a2-19ed5c03f8d3,,,,,216816, 
14,11aefba4-9bad-11eb-a8a2-19ed5c03f8d3,species,korfii,Naemacyclus,,"V.G. Rao, Ullasa & A.S. Patil",,1972.0,,J. Shivaji Univ. 5(10): 131 (1972),,,,11aefba4-9bad-11eb-a8a2-19ed5c03f8d3,,,,,318452, 
15,9c6bbcb0-9bac-11eb-a8a2-19ed5c03f8d3,species,lambertii,Naemacyclus,,Rehm,Q4393082,1910.0,,"in Strasser, Verh. zool.-bot. Ges. Wein 60: 466 (1910)",,,,9c6bbcb0-9bac-11eb-a8a2-19ed5c03f8d3,,,,,217031, 
16,363aa4ce-9bac-11eb-a8a2-19ed5c03f8d3,variety,dryadis,Naemacyclus,lambertii,K. Holm & L. Holm,,1986.0,,Sydowia 38: 137 (1986),,,,363aa4ce-9bac-11eb-a8a2-19ed5c03f8d3,,,,,128946, 
17,5178d9c6-9bad-11eb-a8a2-19ed5c03f8d3,variety,lambertii,Naemacyclus,lambertii,Rehm,Q4393082,1910.0,,"in Strasser, Verh. zool.-bot. Ges. Wein 60: 466 (1910)",,,,5178d9c6-9bad-11eb-a8a2-19ed5c03f8d3,,,,,418932, 
18,9c3a1ee4-9bac-11eb-a8a2-19ed5c03f8d3,species,macularis,Naemacyclus,,(Berk. & M.A. Curtis) Sacc.,"Q662338,Q707840",1889.0,,Syll. fung. (Abellini) 8: 702 (1889),,,,7bdf4ae4-9bab-11eb-a8a2-19ed5c03f8d3,,,,,216711, 
19,11af6e7c-9bad-11eb-a8a2-19ed5c03f8d3,species,minor,Naemacyclus,,Butin,,1973.0,,Eur. J. For. Path. 3(3): 160 (1973),,,,11af6e7c-9bad-11eb-a8a2-19ed5c03f8d3,,,,,318453, 
20,11af9a6e-9bad-11eb-a8a2-19ed5c03f8d3,species,muelleri,Naemacyclus,,"Tilak, S.B. Kale & S.V.S. Kale",,1971.0,,Sydowia 24: 98 (1971),,,,11af9a6e-9bad-11eb-a8a2-19ed5c03f8d3,,,,,318454, 
21,4bec21c6-9bac-11eb-a8a2-19ed5c03f8d3,species,niveus,Naemacyclus,,(Pers.) Fuckel ex Sacc.,"Q346451,Q66899,Q707840",1884.0,,Bot. Zbl. 18: 251 (1884),,,,58401cb6-9bac-11eb-a8a2-19ed5c03f8d3,,,,,223249, 
22,761cbc36-9bab-11eb-a8a2-19ed5c03f8d3,species,palmarum,Naemacyclus,,Syd. & P. Syd.,,1912.0,,Annls mycol. 10(1): 82 (1912),,,,761cbc36-9bab-11eb-a8a2-19ed5c03f8d3,,,,,223470, 
23,170a27c8-9bac-11eb-a8a2-19ed5c03f8d3,species,penegolensis,Naemacyclus,,Rehm,Q4393082,,,,,,,170a27c8-9bac-11eb-a8a2-19ed5c03f8d3,,,,,223124, 
24,675ba5bc-9bac-11eb-a8a2-19ed5c03f8d3,species,penniseti,Naemacyclus,,Dennis,,1955.0,,Kew Bull. 368 (1955),,,,675ba5bc-9bac-11eb-a8a2-19ed5c03f8d3,,,,,301682, 
25,11afc688-9bad-11eb-a8a2-19ed5c03f8d3,species,phacidioides,Naemacyclus,,(Fr.) B. Erikss.,Q15405,1970.0,,Symb. bot. upsal. 19(no. 4): 49 (1970),,,,7e44e9f6-9bab-11eb-a8a2-19ed5c03f8d3,,,,,318455, 
26,b14165fe-9bac-11eb-a8a2-19ed5c03f8d3,species,pinastri,Naemacyclus,,(Lacroix) Fuckel,"Q5981451,Q66899",1874.0,,Jb. nassau. Ver. Naturk. 27-28: 50 (1874),,,,b14165fe-9bac-11eb-a8a2-19ed5c03f8d3,,,,,451786, 
27,ac37e2d6-9bac-11eb-a8a2-19ed5c03f8d3,species,senegalensis,Naemacyclus,,Rehm,Q4393082,1908.0,,Verh. bot. Ver. Prov. Brandenb. 50: 34 (1908),,,,ac37e2d6-9bac-11eb-a8a2-19ed5c03f8d3,,,,,503046, 
28,3990259a-9bac-11eb-a8a2-19ed5c03f8d3,species,steatopygioides,Naemacyclus,,H.C. Evans & Minter,,1986.0,,"in Minter, Recent Research on Conifer Needle Diseases (Washington DC), (USDA Forest Service General Technical Report GTR-WO 50) 50: 77 (1986)",,,,3990259a-9bac-11eb-a8a2-19ed5c03f8d3,,,,,132502,  Holotype IMI 289003
29,675bfd64-9bac-11eb-a8a2-19ed5c03f8d3,species,stictiformis,Naemacyclus,,Petr.,Q4360385,1951.0,,Sydowia 5: 244 (1951),,,,675bfd64-9bac-11eb-a8a2-19ed5c03f8d3,,,,,301683, 
30,57713388-9bac-11eb-a8a2-19ed5c03f8d3,species,styracis,Naemacyclus,,Henn.,Q4497246,1908.0,,Hedwigia 48: 8 (1908),,,,57713388-9bac-11eb-a8a2-19ed5c03f8d3,,,,,223396, 
