,col0,col1,col2,col3,col4,col5,col6,col7,col8,col9,col10
0,1092118,comment,1092004.0,1092004.0,0,0,dkersten,,,"I've used Cython for some pretty dramatic results - reducing a run from 1.5 hours to about 20 minutes - but replacing the algorithm with a much more efficient one reduced the time down to about 40 seconds, at which point running it through Cython didn't make any difference anymore (and in some cases made it slower). If you are computationally bound and not I/O or data structure bound (my biggest speedup came from exchanging lists for dictionaries to eliminate linear searching - which was a trade-off in accuracy of my algorithms vs speed, but in that specific case it didn't matter) then Cython can give pretty good results. Its also useful for wrapping C libraries.<p>As is always the case with optimizations, a good algorithm usually goes a lot further than highly optimized, low level code.",1265018330
1,1092117,comment,1091839.0,1092062.0,0,0,adrianwaj,,,"Welcome to HN or are you posting with a fresh handle so the co-founder doesn't find out?<p>You'd think they feel guilty, or are they shameless?",1265018327
2,1092115,story,,,2,0,ZeroGravitas,iPad therefore iWant? Probably. Why? iDunno by Charlie Brooker,http://www.guardian.co.uk/commentisfree/2010/feb/01/ipad-therefore-iwant-why-idunno,,1265018254
3,1092113,comment,1092058.0,1092058.0,0,0,sown,,,"The last paragraph about marathons reminded me of a PBS Nova documentary about a dozen people who just picked up running to compete in the Boston Marathon starting off from basically couch potato status.<p><a href=""http://www.pbs.org/wgbh/nova/marathon/"" rel=""nofollow"">http://www.pbs.org/wgbh/nova/marathon/</a><p>I won't spoil it for you but it does not end like you expect.<p>I personally found that doing away with car and biking two hours a day has done me well. By combining exercise and commuting times I save a great deal of time.",1265017764
4,1092112,comment,1091743.0,1091883.0,0,0,teye,,,Or photos with elbows likely include boobs.,1265017694
5,1092111,comment,1091858.0,1091937.0,0,0,david927,,,"Ah, but the other side of Mayan medallion has specific instructions to take back two years to honor the Hebrew God Yahweh.  So, 2010.  We're screwed.",1265017635
6,1092110,comment,1091814.0,1092093.0,0,0,nostrademons,,,"I used to think the same way, but I'm not so sure it's a good idea now.<p>Problem is that it's much easier to ignore bad rules than it is to fix them.  You're assuming that if everyone had to abide by the bad rules, they'd get fixed.  I'm not sure that's the case - the examples I gave indicate that when you force employees to abide by bad rules, they just start acting badly.<p>When I was younger, I used to find it very frustrating that the rules said one thing but the way everyone acted was something else.  We even have a word for that: ""hypocrisy"".  But as I've gotten older and occasionally even been responsible for creating some of those rules, I've started realizing that the rules are an abstraction.  They're there to set expectations.  They aren't followed exactly because they <i>can't</i> be followed exactly, and if you try you end up with absurdities like confiscated toothpaste.  I'm not so certain that fixing the laws will work, both because it's difficult and because it's quite possible that the reason the laws are broken is because they can't take every situation into account, not because their authors were stupid.",1265017592
7,1092109,comment,1091858.0,1091937.0,0,0,est,,,"if I didn't come back to upvote you again in two years, you are probably right.",1265017185
8,1092108,comment,1091896.0,1091896.0,0,0,rbanffy,,,"Good article.<p>As a side-note to anyone wanting to evaluate Django applications, I have had some success by building a JMeter configuration generator into some apps that allows me to test hundreds of different pages very easily and to evaluate the impact of changes not only in performance but on the server itself under load testing.<p>I am currently wondering how to include something that could reflect page popularity.",1265017097
9,1092107,comment,1091839.0,1091839.0,0,0,ErrantX,,,"That seemed full of pretty bland ""corporate"" words until the last paragraph (of the quote) - which makes the point well.",1265017081
10,1092106,comment,1091814.0,1091814.0,0,0,dkersten,,,"The book ""How to be Invisible""[1] makes a few good arguments for privacy too.<p>For example, if you are charged with a serious felony, but later released because you are actually innocent - lack of privacy almost ensures that your life is ruined anyway, even though you are innocent, because the media loves to blow everything out of proportion - but rarely seems to go back and correct their earlier stories when you've been found innocent, or if they do, most people have already read the sensationalized news condemning you and the damage is already done.<p>So, without even breaking any laws or doing anything wrong, without privacy you might find your life ruined anyway.<p>[1] How to be Invisible, by JJ Luna, <a href=""http://www.amazon.com/How-Be-Invisible-Essential-Protecting/dp/0312319061"" rel=""nofollow"">http://www.amazon.com/How-Be-Invisible-Essential-Protecting/...</a>",1265016983
11,1092105,comment,1091282.0,1091639.0,0,0,ErrantX,,,why not; that's probably their most vocal consumer market for ebooks after all,1265016897
12,1092104,comment,1090740.0,1091019.0,0,0,ntoshev,,,"This argument also means poetry is better in languages spoken by lots of people, in countries with rich history, and later poetry is better than earlier one all other things being equal...",1265016896
13,1092103,comment,1092058.0,1092058.0,0,0,keeptrying,,,"I think present research shows that 10 hours per week is the minimum required to achieve a body transformation in 3-4 months. \nSome recommendations:\n1. ""Body For Life"" if you want a simple way to lose weight and gain strength. \n2. ""Maximum Strength"" if you'r already been lifting for a while and want to get stronger. This is system also has you challenging your own limits so that you feel certain sense of achievement instead of just ""wow I look thinner"" ... \n3. ""P90X"" if you like intense workouts with results.<p>I've personally done all 3 in the above order to pretty good results. After achieving the results , you really need to maintain a minimum level to keep it.",1265016872
14,1092102,comment,1091074.0,1092099.0,0,0,robin_reala,,,The Flash resource would still be available. If you encode your resource in a proprietary format then that’s your choice :),1265016856
15,1092101,comment,1090851.0,1090851.0,0,0,JFitzDela,,,"I reckon I'll be different, here.<p>I'd say PHP (particularly if the new coder has interest in web programming).<p>It's syntactically easy-ish, freely available, very well documented and supported, and sets the newbie up for easy freelance or professional work.<p>- John",1265016838
16,1092100,comment,1091104.0,1092031.0,0,0,oozcitak,,,I thought the attack was against the application. The article  talks about the security of the raw data in the database. I missed that on my first read. Sorry for that.,1265016789
17,1092099,comment,1091074.0,1091074.0,0,0,simonw,,,"If Adobe ever did stop developing / supporting the Flash plugin, it would be a complete disaster from the point of view of people like myself who think once something has a URL it should ideally stay accessible until the heat death of the universe.",1265016710
18,1092098,comment,1089092.0,1089258.0,0,0,dotcoma,,,"For starters, Google mints its own money via Adwords, while Microsoft still depends on Yahoo Overture, which Yahoo itself (and everybody else in the industry) acknowledged being greatly inferior to Adwords, to the point that they wanted to use Adwords to make more money out of the Long Tail of search...",1265016676
19,1092097,comment,1091814.0,1092085.0,0,0,nostrademons,,,"Possibly.  One would hope though that there're checks on that one really uptight cop so that he can't single-handedly ruin your life.  After all, the situation beforehand was arguably <i>worse</i>, where it was just random chance whether or not it was the asshole cop who happened to see you when you were drinking.<p>The employer issue is already like that, at least for software engineers.  I don't care if a potential employer wants to turn me down for something they saw in a FaceBook photo, because there're plenty of other employers who don't give a damn.",1265016521
20,1092096,comment,1091814.0,1091814.0,0,0,ErrantX,,,"While he makes a valid point I am worried about a few things he says:<p><i>Say there is only a 0.1% chance that in the next year Google’s servers have a search history leak </i><p>Sounds like meaningless speculation; and what does ""leak"" entail. Even if 0.1% <i>of the data</i> is leaked there is a pretty low chance that his data will be included - or if it is, obvious.<p><i>between all their sharing of data back and forth with the US government</i><p>Im not sure what this refers to; all data given under a subpoena should be a matter of public record at some point (at least it is here) and I was not aware Google handed out any other data to the government - if he has evidence of that it would be good to see it.<p><i>A Google search you made tipped off your local American authorities that you are breaking 16 USC 3370. Do Not Pass Go, Do Not Collect $200. Instead go to prison for 1 to 5 years after laying out up to $250k on a fine, unless you get an understanding judge.</i><p>Is this a scenario that exists? Answer is no. Of course I support the argument that this set up should never exist in the future - but I've not seen a suggestion Google would roll over to this lightly anyway.<p>Unfortunately this guy takes a good point to a somewhat surreal extreme - while that is often useful for pointing out flaws in things, his fruit example points out flaws in the law (which you could fall foul of in any number of ways beyond google searching) rather than making any specific point about privacy.<p>EDIT: any specific rebuttals? Did I get any facts wrong?",1265016293
21,1092095,comment,1091287.0,1091315.0,0,0,RiderOfGiraffes,,,"It depends on what you think the point of FizzBuzz testing is.<p>We use the FizzBuzz (or equivalent) test to get candidates warmed up to the interview, thinking about programming and design and technical issues.  A good 60% can't even get it working, so that lets us terminate the interview early.  For the remainder, we ask various technical questions that arise naturally.<p>On of the questions we sometimes ask is this: Suppose you're trying to fit the code on a really small embedded processor.  In truth, of course, you'd have to write it in assembler, but let's assume we already have a C interpreter.  How small can you make the code?<p>This isn't a stretch.  Some of the systems I used to work on were small (in implementation) for exactly this reason.  We wrote a miniature interpreter, then wrote the working code in something nicer to program in.  It was possible to save overall space that way.<p>The ROM in the BBC micro had a built-in BASIC interpreter (of course), but if you look closely, some of the OS on the ROM were written in BASIC.  I've been told it was for reasons of space.",1265016222
22,1092094,comment,1091698.0,1091841.0,0,0,sdurkin,,,"No more than during The Stephen Colbert Presidential Campaign brought to you by Doritos.<p>Part of the beauty of Colbert's television persona is that he can shamelessly shill for products, and then pass it off as ""just part of the character.""",1265016202
23,1092093,comment,1091814.0,1092069.0,0,0,scotty79,,,"That's exactly what I'm talking about. Silly laws exist because they may not be obeyed. Citizens get around them, enforcers get around them and the message never bites the policy makers in the ass - the people that are responsible for this mess are often not even aware that they made a mistake.<p>So I am claiming that loss of privacy that I perceive inevitable in face of modern and upcoming technology is not necessary bad thing because it may create the demand for fixing some stupid rules that may cause some of us harm.",1265016161
24,1092092,comment,1090632.0,1091423.0,0,0,andrew1,,,"A good example of dividend behaviour can be seen in the 16th December dividend from Sycamore Networks (see <a href=""http://www.google.com/finance?q=scmr"" rel=""nofollow"">http://www.google.com/finance?q=scmr</a>). This dividend was announced on the 18th November (roughly a month before the effective date). The share price doesn't change at that point, but on the effective date it falls by $9.70, almost exactly the dividend amount of $10. I chose this example as Sycamore gave out a quite ludicrous amount of cash (something like 35% of the company value) so the price drop is very obvious. Another unusual feature of the dividend is that the pay date is actually before the effective date. The dividend is paid on the 15th December, even though its the people who own the shares at the market open on the 16th who qualify for the dividend. This comes about due to a rule that NASDAQ have that if a distribution is greater than 25% of a company value, then the effective date is set to be the day after the pay date.<p>I think that while there is a lot that is unpredictable about the stock market, you can be fairly sure that on a dividend's effective date, the share price will fall by roughly the amount of the dividend. It won't be exact due to all the other factors which would affect a stock's price on any day, but it will be roughly correct.",1265016092
25,1092091,comment,1091104.0,1091713.0,0,0,aschobel,,,a cost factor of 14 isn't that high?<p>that's just mean,1265015983
26,1092090,comment,1091936.0,1091954.0,0,0,richcollins,,,How is the relational model inherently better for ACID than non-relational models (graph dbs for instance)?,1265015823
27,1092089,comment,1091464.0,1091804.0,0,0,m0th87,,,"I didn't say I idealistically agreed, but that's the theory anyway. I sort of like Lysander Spooner's argument in No Treason* that social contracts are false justifications because there's no opt-out program. The practicality of such an idea, however, is another question (to which none of us know the answer because it has never existed).<p>* <a href=""http://en.wikipedia.org/wiki/No_Treason"" rel=""nofollow"">http://en.wikipedia.org/wiki/No_Treason</a>",1265015816
28,1092088,comment,1091498.0,1092073.0,0,0,kennu,,,"But it's already in beta, and betas are generally supposed to be feature-complete.",1265015768
29,1092087,comment,1091814.0,1092005.0,0,0,greendestiny,,,"It's a slightly different point, and it might be more important. Most of us break the law, right now, and not even including examples of ridiculous laws. A lack of privacy on the data we generate could incriminate us in ways that we didn't set up our justice system to handle.",1265015751
30,1092086,comment,1091814.0,1092052.0,0,0,scotty79,,,"In short term you are right. But in long term you end up with buggy law system in which you know you can be prosecuted for your daily activities. Such system is fertile ground for corruption ( <a href=""http://news.ycombinator.com/item?id=1063485"" rel=""nofollow"">http://news.ycombinator.com/item?id=1063485</a> ) and straight way to totalitarian state when you always know you've done something that can put you in jail but just hope authorities won't find out. That significantly limit your incentive to oppose activities of the state.",1265015730
31,1092085,comment,1091814.0,1092056.0,0,0,philk,,,"The problem is that with the internet evidence of your minor crimes is available to a far wider audience than usual.<p>To expand on your underage drinking analogy, it's the difference between being seen by a member of campus police and being seen by all members of campus police, including the really uptight one and a range of other people (potential employers, etc.), continuing for years after the actual night of drinking.",1265015712
32,1092084,comment,1091936.0,1092001.0,0,0,richcollins,,,How are complex queries impossible?  You could easy write a declarative language for querying graphs.,1265015694
33,1092083,comment,1091936.0,1091970.0,0,0,m0th87,,,"To be fair, I think there are a lot more use cases than that. My last project and my current one both used NoSQL solutions. The former because graph walking is painful in SQL and the latter because schemaless documents enable so many new scenarios (in my case, the automatic mapping of user-created forms to the backend). For me, the performance ramifications of NoSQL is way overplayed compared to its usability improvements. It is certainly not a successor or replacement to SQL, but for applications that handle a lot of unstructured or semi-structured data, NoSQL makes code tighter, simpler and easier to reason about. Which means less bugs and faster deployments.<p>EDIT: I should qualify this argument by stating that I'm talking about datastores that support custom queries (like MongoDB and CouchDB) rather than ginormous k/v stores (like Tokyo Cabinet). I've found limited usefulness for the latter.",1265015670
34,1092082,comment,1091842.0,1091842.0,0,0,clemesha,,,"Check out my app: <a href=""http://wikipediagame.org"" rel=""nofollow"">http://wikipediagame.org</a> :)<p>Here is how it was written: <a href=""http://clemesha.org/static/talks/Django_and_XMPP_BoshWriting_a_real_time_web_app.pdf"" rel=""nofollow"">http://clemesha.org/static/talks/Django_and_XMPP_BoshWriting...</a>",1265015642
35,1092081,story,,,6,1,jacquesm,Wondering Why You Can’t Pre-Order an iPad? It Isn’t Legal Yet ,http://www.wired.com/epicenter/2010/01/wondering-why-you-cant-pre-order-the-ipad-it-isnt-legal-yet/?utm_source=feedburner&utm_medium=feed&utm_campaign=Feed%3A+wired%2Findex+%28Wired%3A+Index+3+%28Top+Stories+2%29%29,,1265015641
36,1092080,comment,1091858.0,1091975.0,0,0,Eliezer,,,"er, maybe check the larger Wikipedia article at <a href=""http://en.wikipedia.org/wiki/Supervolcano"" rel=""nofollow"">http://en.wikipedia.org/wiki/Supervolcano</a>",1265015557
37,1092078,comment,1091159.0,1091561.0,0,0,ewjordan,,,"<i>But... isn't that what the author says?</i><p>Not really.  As pointed out above, the author doesn't appear to understand that the associative/non-associative distinction is literally undefined unless we're talking about a binary operator from a set to itself.  Saying that < is a non-associative operator is wrong, something like saying that a vector is a non-odd number; as long as we're complaining about parenthesization, I'd suggest the author rephrase his statement and say that < is a non-(associative operator), which at least means something.<p>An expression like a < b < c <i>should</i> be a type error - no possible parenthesization could make it a valid statement.<p>It's easy enough to come up with a way to make < work like this, though, by changing the signature of < so that it takes and returns a helper class instead of a numerical value, with automatic type coercions to that helper class from numerical values on both ends and booleans on the right edge.  This should be easy in a language like Scala, probably a 10 minute exercise if you know what you're doing.<p>If we make this helper class hold both the left edges of the chain and the right edges, and use the appropriate edge for each comparison, then the thing <i>is</i> associative.<p>((a > b) > c) > d is the same as a > (b > (c > d)), since in either case, each element will at some point be checked with > against both of its neighbors, and only those neighbors, and the overall expression will be coerced to true if and only if the strict ordering is preserved at each check.  Process left to right, and it works out.  Even if we get messier and allow >, >=, <, <=, and == into the mix, we can mix and match everything, and the whole thing will only be true if every neighboring check is true.  The author's worry in the blog comments about '1 < 2 > 1' evaluating to true strike me as odd: that <i>should</i> evaluate to true under any reasonable definition of those operators.<p>So even if we do make < into an operator such that it makes sense to talk about its associativity, it turns out to be associative.  Which is why mathematicians don't bother parenthesizing their chained < expressions, there's just no ambiguity.<p>The article is plain wrong, IMO.",1265015519
38,1092077,story,,,11,0,bensummers,Pricing Drama,http://www.tbray.org/ongoing/When/201x/2010/01/31/Pricing-Drama,,1265015511
39,1092076,comment,1091743.0,1092067.0,0,0,paraschopra,,,He said the client constrained him to stay close to original.,1265015502
40,1092074,comment,1091364.0,1092010.0,0,0,benkant,,,"Drones are fine for taking pictures from the sky and sending missiles into specific locations, but to get those locations you often need troops on the group to provide that intel- the enemy knows the drones are out there, so they don't stand in the open unless they can help it. Satellite imagery is the same deal.<p>Sure, we'll see an increased use of UAVs, both airborne and otherwise in the years to come, but I think you'll find we're a long way off replacing troops with drones.<p>On a similar note- despite the increased used of signals intelligence, we're a long way from doing away with human intelligence gathering.<p>Warfare is changing but kenetic warfare involving boots on the ground isn't going anywhere. In fact the modern war zone makes using UAVs harder. It's dudes in caves and villages wearing civilian clothes, walking amongst innocents. War on the scale of the World Wars was probably better suited to UAV versus UAV. These days it's different.",1265015395
41,1092073,comment,1091498.0,1092048.0,0,0,InclinedPlane,,,"It's not a new release, it's the beginning of development on a new version because they shipped the old one. This is no different than any other development process ship cycle, one of the first things you do after you ship is rev. the version number for new development. That doesn't mean there's any substantial feature difference, the unusual bit when it comes to chrome is the dramatically open development process of the dev team, which gives anyone in the world the ability to install what are basically automatically updated daily builds just by selecting one radio button over another.<p>By the time that version 5 actually ships it will certainly have new features.",1265015349
42,1092072,comment,1091177.0,1091699.0,0,0,jacquesm,,,"No, it's real alright, as far as I can see.<p>There are English and German webshops that list them, with prices and delivery dates. I doubt they would do that just for kicks, unless they're using this as some tricky pre-ordering scheme.<p>I'm not sure why the distribution is so incredibly spotty though, and that alone would be one really good reason not to buy one right now, even if you could get evidence someone has one in their hands.<p>If you have to RMA one there is no telling when you will get a replacement.<p>There is also the risk of getting some parallel imported 'B' choice hardware.<p>These were 3 months late and in much smaller volume than you would expect for a product that has been announced with so much hoopla.<p>It could easily be another 3 months before that normalizes by the looks of it.<p>First mention I can find of someone that really got their hands on one is January 10th.",1265015305
43,1092071,comment,1091853.0,1091853.0,0,0,moon_of_moon,,,"The philosophy of Steve Jobs is a healthy one:<p><a href=""http://www.youtube.com/watch?v=cCvLTlQWT6A&feature=related#t=02m20s"" rel=""nofollow"">http://www.youtube.com/watch?v=cCvLTlQWT6A&feature=relat...</a><p>(They speak about startups and devices a few minutes later)",1265015180
44,1092070,comment,1091839.0,1091839.0,0,0,gizmo,,,"If A players hire A players and B players hire C players, how do the B players ever get hired?<p>Yes, I'm being facetious. But even fortune-cookie level business advice should pass basic sanity checks like this one.",1265015145
45,1092069,comment,1091814.0,1092052.0,0,0,nostrademons,,,"Honestly, in my experience - wishing for common sense and latitude in public officials.<p>I <i>know</i> its fun to rag on public officials on Internet forums.  But <i>most</i> of the ones I know have been fairly decent people who are just doing their jobs.  There're a few bad apples, but there're a few bad apples in any population.  Even the TSA officials (which gets my vote for ""worst government bureaucracy"") were very apologetic when they confiscated my toothpaste.<p>I think that you're more likely to get absurd institutional behavior - like confiscating toothpaste - when you <i>deny</i> latitude in employee judgment.  The TSA screeners have this massive rulebook that they have to follow, and they risk losing their job when they deviate from it, even if they personally believe the rules are stupid.<p>Same with the private sector.  Companies that have the best reputations tend to be those that empower their employees to solve the customer's problem, like Virgin or Nordstroms.  Companies with the worst reputations tend to be those where the employees can't do anything but follow the playbook, like most telecoms.",1265015128
46,1092068,comment,1091826.0,1091879.0,0,0,JP1990,,,"The problem is, with jQuery specifically, not all functions are declared in the conventional fashion. E.g. trying to find the ""height()"" method is quite hard with a simple IDE search tool -- look how its defined: <a href=""http://gist.github.com/291542"" rel=""nofollow"">http://gist.github.com/291542</a><p>It's easy when they're declared as ""function name(){}"" or ""name: function(){}"" (in an object) .. or even ""name=function(){}"" ... but beyond that, it's simply not worth using your IDE's find tool.",1265015070
47,1092067,comment,1091743.0,1091743.0,0,0,richcollins,,,"The variations weren't dramatically different.  Seems like it would be good to start off with a few very different approaches and then tweak to ""climb the hill"".",1265015018
48,1092066,comment,1092016.0,1092016.0,0,0,codahale,,,They might. I don't know. They didn't ask me for help getting it tuned.,1265014969
49,1092065,comment,1091104.0,1091920.0,0,0,codahale,,,The bcrypt algorithm has salting built-in.,1265014845
50,1092064,comment,1091858.0,1091858.0,0,0,siculars,,,"oh shit! a lot oh people died in haiti because of an earthquake... we're next.<p>the nytimes loves to do this sort of thing. it sells papers... or whatever they are selling to stay in business nowadays. here is an article printed a few weeks after the devastating tsunami of dec. 2004, replete with the title of ""It Could Happen Here"":<p><a href=""http://query.nytimes.com/gst/fullpage.html?res=9C02E7DD1738F935A25752C0A9639C8B63&sec=&spon=&pagewanted=print"" rel=""nofollow"">http://query.nytimes.com/gst/fullpage.html?res=9C02E7DD1738F...</a><p>in other words, ""oh shit! a lot oh people died in asia because of a tsunami... we're next.""",1265014843
51,1092063,comment,1090816.0,1091463.0,0,0,hristov,,,"Well, then you just have to invent a fusion reactor that:<p>- does not work by creating heat but by creating electricity directly (I am sure fusion creates plenty of high energy charged particles to make some electricity), and<p>- does not require any isotopes but fuses ordinary and plentiful atoms, such as ordinary hydrogen.<p>Well you are the scientist, get to it. After there are many alternatives but we all know their limitations. Regarding fusion, we know there is a potential for incredible amounts of energy that do not suffer most of the limitations of the other methods.",1265014835
