,col0,col1,col2,col3,col4,col5,col6
0,04/16/2005,Road,Race,Men,Cat,4/5,
1,"Place,License","#,First,Last,City,State,Time,Team",,,,,
2,"1,224673,Alexandre,Lussier,Bozeman,MT,,GAS/Heritage",Homes,,,,,
3,"2,225869,Matt,Butterfield,Kalispell,MT,,GAS/Heritage",Homes,,,,,
4,"3,210582,David,Hassinger,Boise,ID,,Echelon",,,,,,
5,"4,210982,Jason,Keister,Whitefish,MT,,Flathead",,,,,,
6,"5,205245,John,Gleaves,Fullerton,CA,,Montana",Velo,,,,,
7,"6,210869,Eric,Ziegler,Carson","City,NV,,Northern",Rockies,,,,
8,"7,198925,Miles,Key,Missoula,MT,,Five",Valley,Velo,,,,
9,"8,118105,Chris,Rice,Bozeman,MT,,GAS/Heritage",Homes,,,,,
10,"9,218964,Joe,Chalmers,Missoula,MT,,Northern",Rockies,,,,,
11,"10,224696,Eric,Landl,Helena,MT,,Great",Divide,,,,,
12,"11,196962,Robert,Funk,Coolin,ID,,Northern",Rockies,,,,,
13,"12,11640,Rick,Finley,Helena,MT,,Great",Divide,,,,,
14,"13,178006,Benjamin,Sullivan,Missoula,MT,,Montana",Velo,,,,,
15,"14,194951,William,Snider,Helena,MT,,Great",Divide,,,,,
16,"15,0,Don,Ruesch,,,,Yellowstone",Valley,CC,,,,
17,"16,68315,Robert,Ray,Helena,MT,,Great",Divide,,,,,
18,"17,4264,Michael,Borduin,Butte,MT,,Highlands",,,,,,
19,"18,0,Matt,Arndt,,,,Five",Valley,Velo,,,,
20,"19,77626,Albert,Pendergrass,Livingston,MT,,GVBC",,,,,,
21,"20,0,Paul,Nash,,,,Unattached",,,,,,
22,"21,0,Trevor,Brandt,,,,Great",Divide,,,,,
23,"22,0,Mark,Hauger,,,,Northern",Rockies,,,,,
24,"DNF,0,Dirk,Basilewitcsch,,,,Great",Divide,,,,,
25,"DNF,0,Steve,Coen,,,,Montana",Velo,,,,,
26,"DNF,0,Caleb,Hood,,,,Unattached",,,,,,
27,"DNF,0,Jadin,Vansteevoort,,,,Great",Divide,,,,,
28,"DNF,203410,John,Winnie,Bozeman,MT,,GAS/Heritage",Homes,,,,,
29,04/16/2005,Road,Race,Men,Cat,1/2/3,
30,"Place,License","#,First,Last,City,State,Time,Team",,,,,
31,"1,0,Blake,Weidenheft,,,,GAS/Heritage",Homes,,,,,
32,"2,209124,Brad,Morgan,Belgrade,MT,,GAS/Heritage",Homes,,,,,
33,"3,150610,Tejay,Van","Garderen,Aspen,CO,,Rio",Grande,,,,
34,"4,58454,Russell,Schneider,Whitefish,MT,,Flathead",Velo,,,,,
35,"5,37860,John,Weyhrich,Missoula,MT,,Five",Valley,Velo,,,,
36,"6,162742,Daniel,Barry,Columbia,SC,,GAS/Heritage",Homes,,,,,
37,"7,202497,Robert,Presta,Missoula,MT,,Five",Valley,Velo,,,,
38,"8,184267,Aaron,Johnson,Bigfork,MT,,GAS/Heritage",Homes,,,,,
39,"9,87139,Tim,Evens,Bend,OR,,Northern",Rockies,,,,,
40,"10,173883,Jason,Hobson,Harrison,ID,,Five",Valley,Velo,,,,
41,"11,19942,Brink,Kuchenbrod,Missoula,MT,,Montana",Velo,,,,,
42,"12,116260,Shane,Mundt,Helena,MT,,Montana",Velo,,,,,
43,"DNF,0,Scott,Boone,,,,Yellowstone",Valley,,,,,
44,04/16/2005,Road,Race,Men,JR,10-14,
45,"Place,License","#,First,Last,City,State,Time,Team",,,,,
46,"1,198930,Marshall,Opel,Whitefish,MT,,MJCF",,,,,,
47,"2,226208,Jace,Meng,Missoula,MT,,MJCF",,,,,,
48,"3,225407,William,Zellmer,Missoula,MT,,MJCF",,,,,,
49,04/16/2005,Road,Race,Men,MR,40-54,
50,"Place,License","#,First,Last,City,State,Time,Team",,,,,
51,"1,46288,John,Juras,Great","Falls,MT,,Echelon",,,,,
52,"2,0,Mike,Longmire,,,,Northern",Rockies,,,,,
53,"3,145669,David,Nigh,Billings,MT,,Yellowstone",Valley,,,,,
54,"4,0,James,Curran,,,,Yellowstone",Valley,,,,,
55,"5,0,Rich,West,,,,Echelon",,,,,,
56,"6,160216,Jeff,Olson,Laurel,MT,,Yellowstone",Valley,,,,,
57,"7,217535,Charles,Harper,Billings,MT,,Yellowstone",Valley,,,,,
58,"8,12922,William,Gasteyer,Bozeman,MT,,Unattached",,,,,,
59,"9,0,Scott,Smith,,,,Yellowstone",Valley,,,,,
60,"10,198928,John,Weston,Missoula,MT,,Five",Valley,Velo,,,,
61,"11,7926,John,Coulthard,Butte,MT,,Highlands",,,,,,
62,"12,178367,Jeffrey,Agamenoni,Great","Falls,MT,,Echelon",,,,,
63,"13,9048,Byron,Deford,Helena,MT,,Great",Divide,,,,,
64,"14,59294,Blair,Fisher,Missoula,MT,,Unattached",,,,,,
65,"15,0,Jay,Shaver,,,,Flathead",,,,,,
66,"16,219714,Ken,Campbell,Bigfork,MT,,Flathead",,,,,,
67,"17,50233,David,Schoening,Deer","Lodge,MT,,Alan",Factory,Team,,,
68,"18,0,Harold,Dramstad,,,,Unattached",,,,,,
69,"DNF,0,Bill,Schneider,,,,Flathead",,,,,,
70,04/16/2005,Road,Race,Men,MR,55-99,
71,"Place,License","#,First,Last,City,State,Time,Team",,,,,
72,"1,171229,Richard,Allen,Missoula,MT,,Five",Valley,Velo,,,,
73,04/16/2005,Road,Race,Women,Cat,3/4,
74,"Place,License","#,First,Last,City,State,Time,Team",,,,,
75,"1,184532,Anne,Hobbs,Missoula,MT,,Northern",Rockes,,,,,
76,"2,209112,Andrea,Thorpe,Missoula,MT,,Five",Valley,Velo,,,,
77,"3,0,Jane,O'Driscoll,,,,Great",Divide,Cycling,,,,
78,"4,0,Rhonda,Wodnick,,,,Great",Divide,Cycling,,,,
