,col0,col1,col2,col3,col4
0,Unnecessary Abstraction,Microsoft.VisualStudio.Project,ConfiguredProject,D:\research\architectureSmells\repos1\themotleyfool_NuGet\Tools\NuGet\Microsoft.VisualStudio.Project.V11Only\ConfiguredProject.cs,The tool detected the smell in this class because the class contains only a few data members without any method implementation' that indicates that the abstraction might not be required. Following fields and properties are declared in this class: 
1,Unnecessary Abstraction,Microsoft.VisualStudio.Project,IDirectWriteAccess,D:\research\architectureSmells\repos1\themotleyfool_NuGet\Tools\NuGet\Microsoft.VisualStudio.Project.V11Only\IDirectWriteAccess.cs,The tool detected the smell in this class because the class contains only a few data members without any method implementation' that indicates that the abstraction might not be required. Following fields and properties are declared in this class: 
2,Unnecessary Abstraction,Microsoft.VisualStudio.Project,IProjectServices,D:\research\architectureSmells\repos1\themotleyfool_NuGet\Tools\NuGet\Microsoft.VisualStudio.Project.V11Only\IProjectServices.cs,The tool detected the smell in this class because the class contains only a few data members without any method implementation' that indicates that the abstraction might not be required. Following fields and properties are declared in this class: DirectAccessService
3,Unnecessary Abstraction,Microsoft.VisualStudio.Project,IUnconfiguredProjectServices,D:\research\architectureSmells\repos1\themotleyfool_NuGet\Tools\NuGet\Microsoft.VisualStudio.Project.V11Only\IUnconfiguredProjectServices.cs,The tool detected the smell in this class because the class contains only a few data members without any method implementation' that indicates that the abstraction might not be required. Following fields and properties are declared in this class: SuggestedConfiguredProject
4,Unnecessary Abstraction,Microsoft.VisualStudio.Project,ProjectService,D:\research\architectureSmells\repos1\themotleyfool_NuGet\Tools\NuGet\Microsoft.VisualStudio.Project.V11Only\ProjectService.cs,The tool detected the smell in this class because the class contains only a few data members without any method implementation' that indicates that the abstraction might not be required. Following fields and properties are declared in this class: Services
5,Unnecessary Abstraction,Microsoft.VisualStudio.Project,UnconfiguredProject,D:\research\architectureSmells\repos1\themotleyfool_NuGet\Tools\NuGet\Microsoft.VisualStudio.Project.V11Only\UnconfiguredProject.cs,The tool detected the smell in this class because the class contains only a few data members without any method implementation' that indicates that the abstraction might not be required. Following fields and properties are declared in this class: ProjectService' FullPath' Services
6,Unnecessary Abstraction,Microsoft.VisualStudio.Project.Designers,IVsBrowseObjectContext,D:\research\architectureSmells\repos1\themotleyfool_NuGet\Tools\NuGet\Microsoft.VisualStudio.Project.V11Only\IVsBrowseObjectContext.cs,The tool detected the smell in this class because the class contains only a few data members without any method implementation' that indicates that the abstraction might not be required. Following fields and properties are declared in this class: ConfiguredProject' UnconfiguredProject
7,Unutilized Abstraction,Microsoft.VisualStudio.Project.Designers,IVsBrowseObjectContext,D:\research\architectureSmells\repos1\themotleyfool_NuGet\Tools\NuGet\Microsoft.VisualStudio.Project.V11Only\IVsBrowseObjectContext.cs,The tool detected the smell in this class because this class is potentially unused.   (Please ignore the smell if the reported class is auto-generated and/or used to serve a specific known purpose.)
