,col0,col1,col2,col3,col4,col5,col6,col7,col8,col9,col10
0,379226,comment,378787.0,379169.0,0,0,gjm11,,,"I think quite a lot of poor people also just followed their gut feeling about how to execute, and did it with confidence. But of course you don't get to hear so much from them, for obvious reasons.",1227866340
1,379224,comment,378987.0,379183.0,0,0,DougBTX,,,"Living in the UK, can't say I've ever seen that. Celsius all the way!",1227866107
2,379223,comment,379049.0,379049.0,0,0,gaius,,,... Film at 11.,1227865212
3,379221,story,,,1,0,atestu,Q&A With Co-Creator of Classics iPhone eReader,http://toc.oreilly.com/2008/11/qa-with-co-creator-of-classics.html,,1227865169
4,379220,comment,379125.0,379125.0,0,0,anshul,,,Indian here.  Mumbaikar here.  Bad idea.... Very bad idea... You simply can't manage signal to noise in such an effort and the cost of false-positives is zero to you and very very high to the poor false-positive.,1227865126
5,379219,comment,378167.0,378271.0,0,0,derefr,,,"Why would the 10^10 neuron simulation take up more space than an <i>actual human brain</i>? We would at least get to that level of technological advancement; we do, after all, exist, so the technology can't be <i>that</i> far-fetched ;)",1227864906
6,379218,comment,378674.0,378979.0,0,0,DougBTX,,,"The ""svn"" in the url is a reference to the name of the blog: ""Signal vs. Noise"". It is very much in public, the second link on their front page goes to it.",1227864896
7,379217,story,,,1,0,jyothi,Terrifying 41 hrs of Mumbai - 200+ hostages rescued(40 from >10 countries listed). Operation still on. ,http://ibnlive.in.com/news/list-of-hostages-rescued-from-oberoi-trident/79264-3.html,,1227864307
8,379216,comment,378674.0,378933.0,0,0,jbert,,,"Ah, yes. An attacker could fetch the resource themselves, discover the ETag and serve their malicious resource with the real ETag. Sorry.",1227864201
9,379215,comment,379035.0,379035.0,0,0,auston,,,i dont have openid?,1227863902
10,379214,comment,378927.0,378927.0,0,0,cturner,,,"I have more success with pyinstaller than py2exe because it's not targeted at a particular target platform. There is a complication where you need to configure pyinstaller itself for the target platform and then build the app. I scripted this though and now it builds seamlessly every time I need my app (which uses wxpython as well) to support a new platform.<p>I found this more practical than having different packaging systems for each platform. With those scripts I can now package even for systems I have zero experience with but which python runs on (e.g. AIX, HPUX, QNX).",1227863899
11,379213,comment,378852.0,378852.0,0,0,ciscoriordan,,,"Interesting guy, and good article too.  It's not every day I read an article about a guy who sells potato peelers and enjoy it.",1227863673
12,379211,comment,378987.0,378987.0,0,0,kalvin,,,"Question: I've always wanted to see today's temperature in terms of yesterday's, so like, ""it's going to be 5 degrees warmer."" Anyone know if this service is already offered somewhere?",1227863353
13,379210,comment,379090.0,379090.0,0,0,tc,,,"The problem with money in politics is only incidental.  As long as we allow politicians enormous and ever-increasing power to pick winners and losers and grant special favors to friends and interest groups, the money will keep flowing into the system.  Money flows to power (as long as it remains a good investment).  The problem is the unrestrained power, not the money.",1227863259
14,379209,comment,379035.0,379120.0,0,0,derefr,,,"Any OpenID-enabled site should, until the transition to everyone having such an account is complete, have a ""create an account"" link that just redirects to <a href=""http://myopenid.com"" rel=""nofollow"">http://myopenid.com</a> or somesuch. Link, one-page form, check e-mail for verification link, get a URL (username) handed to you, put it in. Exactly the same workflow as a traditional registration.",1227863008
15,379208,comment,378167.0,378500.0,0,0,SapphireSun,,,"Just upgrade. If the singularity gets here, cybernetic grafts should be easy to figure out.",1227862903
