,col0,col1,col2,col3,col4,col5,col6,col7,col8,col9,col10
0,1927728,comment,1927231.0,1927606.0,0,0,Tichy,,,"Since many NoSQL DBs use JSON to store the data, it seems you could save complicated conversion code between JSON and the db format by sticking to JSON throughout. That would be my line of thinking (I'm not the OP).",1290369592
1,1927727,comment,1927096.0,1927693.0,0,0,xenophanes,,,"It <i>is</i> the case, since it was a premise that x and y are both 1. So the two things you list are both 0, so they are equal, given the premise.<p>So, the actual problem is dividing by zero. Your assumption that ""we are dealing with algebra and not numerical values"" is false because it completely ignores the ""if x and y = 1"" part.",1290369561
2,1927726,comment,1927212.0,1927291.0,0,0,jeangenie,,,"following up on this, i've received advice from extremely successful and well-respected criminal defense attorneys amounting to this: never talk to police; what you say can only be used against you not to your benefit.<p>scary but very true for some people.",1290369538
3,1927725,comment,1927649.0,1927649.0,0,0,stuartk,,,"This is encouraging to those looking for ideas for startups, it basically means that someone will find your idea 'amazing' or 'genius'.<p>The trick is, not just finding 1 person, but many people who think it.  And not only that it's amazing, but so amazing that they'll pay you for it.<p>On the plus side, this should mean that for any reasonable idea, given the size of the internet, you should be able to find at least a small bunch of people that will pay for your 'genius'.",1290369519
4,1927724,comment,1927038.0,1927343.0,0,0,runjake,,,"This is some sort of doctored photo.<p>Here is an actual photo from a reputable source: <a href=""http://www.globalsecurity.org/wmd/world/dprk/images/dprk-dmsp-dark.jpg"" rel=""nofollow"">http://www.globalsecurity.org/wmd/world/dprk/images/dprk-dms...</a>",1290369493
5,1927723,comment,1927363.0,1927373.0,0,0,wmf,,,"The main processor and radio, which together comprise a significant fraction of the phone's cost.",1290369471
6,1927722,comment,1927649.0,1927649.0,0,0,malnourish,,,"Quite a true piece, this is.  \nOften we feel like this, but what I find more awe-inspiring is when I feel an idea that I have come up with is great, I meet someone with a rather similar idea.",1290369415
7,1927721,comment,1927038.0,1927205.0,0,0,runjake,,,"We probably won't send ground troops in to die, we'll perform targeted airstrikes on key infrastructure targets.<p>We came <i>extremely</i> close in the early 90s (this may or may not be public knowledge, so I won't elaborate).",1290369402
8,1927720,comment,1927275.0,1927600.0,0,0,Qz,,,Brevity!,1290369362
9,1927719,comment,1927447.0,1927700.0,0,0,jamesjyu,,,"Yes, that may be the case for people who are savvy enough/willing to uninstall it. But for most people, this is not the case, and they're the ones who have to deal with the fallout.",1290369346
10,1927718,comment,1927649.0,1927649.0,0,0,philwelch,,,"<i>Hit songwriters, in interviews, often admit that their most successful hit song was one they thought was just stupid, even not worth recording.</i><p>A lot of times, hit songs don't have much depth to them, even if they're catchy on the surface. A musician is probably perceiving the lack of depth more than the catchiness, whereas the listeners who make it a hit song perceive the catchiness long before the lack of depth catches up to them.",1290369307
11,1927717,comment,1924491.0,1925087.0,0,0,jodrellblank,,,"What about politely refuse and still feel good (or, feel as before) and let person take care of their own disappointment or not?",1290369298
12,1927715,comment,1927275.0,1927275.0,0,0,chopsueyar,,,"Anecdotely, I have attempted this with my girlfriend on several occasions, using the phrase, ""Don't be offended, but...""<p>I can confirm it does not work.",1290369285
13,1927714,comment,1927096.0,1927703.0,0,0,RiderOfGiraffes,,,"That doesn't follow from what I wrote.  Every shape in the sequence of shapes has a circumference/length of 4, and is not a circle.  The limiting shape is a circle and does not have a circumference/length of 4, but of pi.<p>We can have a bijection from the original square to the circle.  Why is this a surprise?  It's not length preserving.  We can have a bijection from the interval [0,1] to the interval [0,2].  That's not length preserving either.<p>If I've misunderstood you then perhaps you could explain your thinking in more detail.  I don't understand where you think there are two versions of a circle.",1290369272
14,1927713,comment,1927412.0,1927412.0,0,0,yread,,,reminds me of this whole AMD/Intel TDP/ACP/Max power/Sustained power. Making sure you are comparing apples to oranges...,1290369262
15,1927712,comment,1927275.0,1927618.0,0,0,sp4rki,,,"I'm sorry, but I just don't agree...",1290369217
16,1927711,comment,1927275.0,1927275.0,0,0,Qz,,,"This is a common mistake to make when you don't really understand how language works.  The dictionary definitions (or 'meanings') of words are mostly irrelevant.  The only purpose of words is to link a signifier to a mental construct.  All the phrases listed in the article are not used as phrases (related signifiers), but as whole signifiers.  The dictionary meanings of the individual words in the phrases, along with what those related meanings would imply for the phrase as a whole, are irrelevant to the rest of the sentence, and only serve to provide historical context.",1290369207
17,1927710,comment,1927096.0,1927393.0,0,0,xyzzyz,,,"What is even more tricky is that the set of functions differentiable in at least one point is first category, and thus nowhere differentiable continuous functions are dense in continuous functions space.",1290369205
18,1927709,comment,1927659.0,1927659.0,0,0,marv_in,,,"I think this is a good subject but unfortunately I think there's probably going to be less substance in the rebuttal side.<p>I'm not pro-piracy but I think at the heart of piracy is the moral after-effect of corporations being able to produce too much demand.<p>It's like society's evolution towards more and more corporations creating apathetic but constantly product feeding consumers. At some point the adaptation process leans towards these individuals favoring a form of acquiring anything at a cheaper (preferably) free price because the opposite side of the spectrum - that of being thrifty, pragmatic, conservative...loses it's efficiency over time regardless if many still view themselves as conservative buyers.<p>One may make the counter-argument that this is over-thinking an age old practice of software piracy but in my honest opinion there's a huge difference between underground software ""crack"" sharing from wholesale piracy to mass consumer p2p usage.<p>Nonetheless just to support your topic:<p>Justification: Piracy helps promote businesses via consumer awareness<p>Rebuttal: Piracy helps promote BIG businesses. If piracy supporting people were truly for helping businesses, they would be a lot more intelligent in seeding certain products.<p>Instead the most seeded ones are often times also those that are mainstream. This doesn't mean the technology hasn't allowed for those who would seed or allow for a less costlier promotion of an item but... until piracy develops a seeder mentality rather than a leeching one, this justification won't ever reach reality. (and by seeder mentality, I don't mean just those who have the capability to possess seedboxes or seed 1:1 - I mean we have to have a conscious identity as consumers even if we're acquiring something that is cash free because it's not votefree. There are certain books or products that could help alleviate third world countries and then there are products that are merely entertainment junkfoods)",1290369191
19,1927708,comment,1927412.0,1927412.0,0,0,gort,,,What on earth is going on in that URL?,1290369191
20,1927707,comment,1926515.0,1927662.0,0,0,protomyth,,,"So, the crux of your argument is that these students had a ""special source (a source not available to all students) has a clear ethical responsibility to inform the teacher that they had special access.""<p>I take it that you believe members of Greek / Clubs on campus that have old tests are dishonest (not everyone is a member)?  A student buying a study guide that finds the teacher just used a sample test from the study guide is also dishonest?<p>I guess my big problem with your reasoning is that I can make a bunch of honest decisions in my studying for a class and then become dishonest by the dishonesty of a teacher.",1290369186
21,1927706,comment,1927275.0,1927386.0,0,0,chopsueyar,,,"""...when I was in 3rd grade.""",1290369180
22,1927705,comment,1927526.0,1927617.0,0,0,Homunculiheaded,,,"I just started learning Prolog recently and I strongly agree with it's status as being 'underrated'. One thing I've found worth noting is the increasing interest semantic web technologies with no noticeable uptick in the interest in logic programming.  This is especially odd when you consider that it's not much of a stretch to look at RDF triples simply as facts and rules in Prolog.  I have a feeling that just as Rails rediscovered the mvc work in the late 70s smalltalk community, the semweb world will rediscover prolog along with the larger world of constraint/logic programming.",1290369074
23,1927704,comment,1927552.0,1927670.0,0,0,pmjordan,,,That does indeed work now (though it didn't when I originally checked).,1290369037
24,1927703,comment,1927096.0,1927368.0,0,0,Qz,,,"So you can have two versions of a circle, one with circumference = pi, and one with circumference = wtf?",1290368920
25,1927702,comment,1927659.0,1927659.0,0,0,TamDenholm,,,"I used to be a huge pirate when i was younger.<p>I used to pirate software, including windows. I dont anymore, i use Linux now. I used to pirate music, i dont anymore, i pay for spotify, i even deleted my gigs of MP3's. I used to pirate games, i dont anymore, i rent them from lovefilm instead. (UK version of Netflix) Same goes for movies.<p>I still download TV shows, but i dont really view that as piracy anymore since i can get all the shows via BBC iPlayer, 4OD, Youtube TV Show section etc. (UK versions of Hulu).<p>To me, piracy was just the phase of the internet dragging the old media industry kicking and screaming into the new era. Sure it still goes on, but piracy forced innovation in my eyes, which on the whole, i consider a good thing.",1290368917
26,1927701,comment,1927526.0,1927580.0,0,0,topbanana,,,you beat me to it,1290368908
27,1927700,comment,1927447.0,1927447.0,0,0,technomancy,,,Actually I kind of hope people keep using flash for ads since it's so easy to avoid them by just not having it installed.,1290368907
28,1927699,comment,1927447.0,1927563.0,0,0,riobard,,,"Try this if you use Safari<p><a href=""http://www.verticalforest.com/2010/06/09/youtube5-html5-converter-for-youtube-videos/"" rel=""nofollow"">http://www.verticalforest.com/2010/06/09/youtube5-html5-conv...</a>",1290368886
29,1927698,comment,1927286.0,1927630.0,0,0,Groxx,,,"It <i>seriously</i> dislikes my Truecrypted work file.  Uploaded it once, won't touch it again, no matter how many changes I make.  Emailed support, they said it wasn't uploading because Truecrypt was accessing it, but it ignores it even when it's not running.<p>Haven't tried it with Dropbox, though; maybe I should.",1290368885
30,1927697,comment,1927231.0,1927307.0,0,0,ivanzhao,,,"You mean using Google App Engine (either Python or Java) as an ""external"" storage, separate from your Node server?",1290368879
31,1927696,comment,1927447.0,1927563.0,0,0,technomancy,,,I use the youtube-dl python script for that; I love not having flash installed.,1290368853
32,1927695,comment,1927526.0,1927580.0,0,0,sayemm,,,lol i was thinking the same thing<p>would make for a hilarious music video,1290368779
33,1927694,comment,1927188.0,1927188.0,0,0,Natsu,,,"Castling on the queen's side is very clunky.  If you move the king two spaces, it should castle for you.  It works just fine on the king's side, though.",1290368723
34,1927693,comment,1927096.0,1927406.0,0,0,kdeberk,,,"that's not really the point because we are dealing with algebra and not the numberical values. The error is the assumption that (x-y)^2 equals (x^2-y^2), which is not the case.",1290368707
35,1927692,comment,1927096.0,1927604.0,0,0,jaf656s,,,"Here is another way to see what is happening, that may be more clear from an intuitive sense:<p>From the puzzle, name the square object S and the circle inside it C_1.<p>Imagine another circle C_2 that circumscribes the square S from the puzzle. i.e. the corners of the square lie on the circle C_2. Then for each step, when we invert the outer-most corners of the square, we constrict C_2 such that the circle lies on the new outer-most points of S.<p>What happens is that as you repeat this process more and more the outer circle C_2 gets smaller and smaller, approaching the size of the original circle inside the square, C_1.<p>Also you can infer that the area of S is equal to the area of C_1 and C_2 since (area C_2) -> (area C_1) and (area C_1) <= (area S) <= (area C_2). Which makes sense intuitively, too, since they all enclose the same space.<p>This tells you nothing about the relationships between the  circumference of the objects, though.",1290368667
36,1927691,comment,1927370.0,1927370.0,0,0,shareme,,,"Sorry to hear about your loss. Obviously no one can replace your mentor. However, I am sure your mentor would have wanted to pass down the things they did to someone.<p>As you go through that process you will find that sooner or later anew pursuit pops in mind that is connected to your mentor.",1290368609
37,1927690,comment,1926951.0,1927382.0,0,0,neworbit,,,Baby jogging stroller,1290368547
38,1927689,comment,1927231.0,1927231.0,0,0,jmervin,,,"I've found the key value-based redis to be very easy to use, powerful and well-documented. Redis also seems to fit in well with the async nature of node.js apps.<p>While it's mostly known as an in-memory store, redis also has a virtual-memory option which can be useful when you have a (relatively) small number of keys -all of which can fit into memory- that are associated with much larger values which cannot fit into memory. Sure, there is a swap cost, etc, but I found this to be quite acceptable for a small sync server app I'm building (after prototyping with MongoDB and SQLite).",1290368478
39,1927688,comment,1927188.0,1927405.0,0,0,slig,,,Sounds a lot more fun than making a poker bot.,1290368463
40,1927687,story,,,1,0,amichail,IOS developers: Do you want a deadline service to motivate you to work harder?,http://www.reddit.com/r/iphone/comments/e98de/ios_developers_do_you_want_a_deadline_service_to/,,1290368432
41,1927686,comment,1926515.0,1927148.0,0,0,jeff95350,,,"""You would risk being accused of cheating [if you informed the teacher that you had special access].""<p>The epitome of rationalization.<p>Academic honesty is taken seriously, and there are third parties that evaluate the situation objectively. If you simply say, ""I didn't do anything that I thought of as cheating, but today on test day I realized that I had an advantage that I wanted to inform you about,"" there is zero chance of permanent consequences.<p>""So instead somebody did it anonymously.""<p>Why didn't everyone then? Maybe those few people are honest, or some approximation thereof. But what about the other ~190 that didn't?",1290368430
42,1927685,comment,1927188.0,1927188.0,0,0,Natsu,,,"Nice, but I hit a bug where the other guy couldn't see my move.  We both thought it was the other person's turn :(",1290368427
43,1927684,comment,1927103.0,1927438.0,0,0,wmf,,,"By ""extremely interesting"" do you mean ""not distributed at all""?",1290368414
44,1927683,comment,1927275.0,1927468.0,0,0,aditya42,,,In that case it's a very badly titled piece.,1290368354
45,1927682,comment,1927213.0,1927615.0,0,0,neworbit,,,"Other people are willing to pay more than he is for the same opportunities. When the other guy on the block is willing to spend more money than you think reasonable, it's very possible that the market is overheated.<p>I happen to think this is total crap: VCs will completely turn the screws on you when the economy tanks and behave in an adversarial and predatory fashion. When things are going better than expected, prices rise - and he doesn't like that he has to pay more. If you have revenues and cash flow, the fact of the matter is that you probably don't need VC and can walk away from stupid offers.<p>This is the usual nonsense about ""smart investors"" - he basically says outright that people should go with his firm despite other people offering a better concrete deal because of his intangible connections and expertise.<p>But the fact of the matter is that you CAN value those. If the choice is between getting $7M and $15M for the same chunk of your firm, you're basically paying a $8M premium for his potential assistance in selling the firm, lukewarm commitment towards raising future capital, and whatever value his rolodex has in your space divided by the amount of time he's actually going to spend on your startup. But that is absolutely crazy. You're getting maybe 15% of the VC's time and paying $8M for doing so. Seriously, that's nuts.<p>Instead, hire a decent investment banker and be prepared to pay several hundred thousand to do so, hire a couple great business development people who are actually in your space as opposed to in the venture capital space, and go to town. If your VC tells you that their halo effect is worth more than a million bucks, (or alternately if you're talking rather large numbers, if the delta between one money source and another is more than say 20%) you need some pretty concrete reasons as to why.<p>TLDR: Shop around for capital. Fred probably is worth a premium - but not a 2x premium. Cash flow wins and VC puffery doesn't.",1290368341
46,1927681,story,,,10,8,x0ner,All your bad PDF are belong to me,,"HackerNews crowd, I am calling all security engineers and system administrators to please send me your malicious PDF files! Why you ask? Well, I am doing research to combat against malicious PDF files and need known bad or suspicious samples to collect data from.<p>Consult your SPAM filters, quarantined files or repositories of malicious data and head over to here to submit: http://allyourpdf.9bplus.com/ . If you can point me to any other sources besides the malware domain list, then that is good too!<p>Thanks and Happy Holidays!",1290368245
47,1927680,comment,1927447.0,1927563.0,0,0,slig,,,"Chrome now has built in support for plugins block. If you're a chrome user, you should try it.",1290368237
48,1927679,comment,1927188.0,1927392.0,0,0,rlpb,,,"Could this be the reason that registration would be a better idea, and thus explain the success of all the chess servers that require it? I'd much prefer to play against an evenly matched opponent, or with a stronger player who I can learn from by analysing the game with afterwards - and definitely against someone who will finish the game. Both of these things requires reputation, and reputation requires registration. I found fics to be great for this.<p>I apologise to whoever I annoyed by not even playing the first move. I wanted to see if there were _any_ options to discriminate my opponent (for example by supplying my own rating on an honour system); there were none.",1290368162
49,1927678,comment,1924769.0,1925047.0,0,0,camz,,,"I think I'm having a difficult time understanding your logic.  An S-Corporation is a passthrough tax entity that doesn't pay tax on a corporate level.  The income is paid on the 1040 tax return with a K1.  Thus, I don't see how the S-Corp would lead to a tax that is any different than a LLC.  Its effectively the same tax treatment in this case except that there is the ability to lower SE Tax.<p>By paying a reasonable wage to the owner, the net income would be distributed as a dividend which is not self-employment income and thus would be exempt from SE Tax.<p>Also, wages paid to an owner/employee of an S-Corporation is not required to pay FUTA (unemployment) and etc, thus the only tax that you'd be required to pay is FICA and Medicare just like everyone else.<p>Clearly, the S Corp has a number of restrictions which ties in well with the fact that an S Corp is a ""small corporation""  But, for small or new companies that aren't getting major funding, this is a great option.",1290368159
50,1927677,comment,1927188.0,1927188.0,0,0,arjn,,,Nice. I like not having to register. Thanks!!,1290368112
51,1927676,comment,1926873.0,1927549.0,0,0,gte910h,,,"Most native widows desktop applications are <i>old</i>, as in pre-2k, when C++ was really the only way to get a high performing desktop program other than C, and really it was argued (now proven false, according to Code Complete 2 as well as lectures I've seen at Georgia Tech) that large C++ programs were more maintainable than large C programs.<p>For mac, they're usually Objective C, especially if they're from the post NEXT era.<p>Mozilla is from 1994, MSWord is from the 80's, etc.<p>Objective C is <i>vastly</i> different from C++, as is straight C. The people who confused C and C++ are really missing a boat to understandingville. You write <i>real</i> C applications completely differently than you write C++ applications, a fact few C++ advocates admit or understand. The added complexity and workplace changes (about 1.5x more expensive engineers and a culture of ""easy to fire"") required to use C++ (correctly) is huge.<p>Games/Applications Written in python:\nEve Online (a sure counterpoint to his World of Warcraft example), CIV IV, Miro, Blender, MacTelnet, Bazaar, Mercurial,<p>Applications written in java:\nLimewire, Maple (the mathematics software), FreeMind, Azureus, jEdit, Eclipse, Spark IM, matlab(along with a pile of other languages),",1290368093
52,1927675,comment,1927656.0,1927656.0,0,0,devmonk,,,"I'm all for going just what needs to be done, but I think you are not giving good advice about ""hiring scrubs"". I worked for a successful company that had a younger less experienced developer write the original code. But he was not a ""scrub"". His code could have easily have been written by another developer with a few more years experience. Yes, he made some rookie mistakes in the code, but it worked and was close enough to keep the company going.<p>However, you often get what you pay for, and that goes for both hiring inexperienced developers and offshore/contracted development.<p>If you do hire young/inexperienced, make sure they have a mentor that enforces good practices or have code review/are pairing and that these developers seem to be learning good practices.<p>There is a difference between bad and ""good enough"".",1290368047
53,1927674,comment,1927096.0,1927604.0,0,0,RiderOfGiraffes,,,"Only countably many points ""arrive"" at their destination in a finite number of steps.  There are uncountably many points that never ""arrive,"" but whose limit is on the circle.<p>The usual picture given to non-mathematicians about sequences and limits can end up being strongly misleading in cases like this.  Just because a sequence never ""gets there,"" the limit is still the limit.  This is the same kind of murky area that talks about 0.999... recurring never ""getting to"" 1.  It doesn't have to ""get to"" 1 because it's never travelling.<p>It's also the kind of problems that arise when talking about proof by induction.  Talking about dominoes falling down is, in the longer term, very misleading.  We prove P(1), and we prove that P(n) => P(n+1), then they are all true.  They don't become true one by one, they are simply all true - it is what it is.<p>I hope that helps.<p>I'm thinking of starting a blog to talk about things like this - it falls between the levels of the non-mathematician and true researcher.",1290368039
54,1927673,comment,1927275.0,1927275.0,0,0,julius_geezer,,,"Really, if there were a point to the essay, she might have included ""I'm not prejudiced, but..."" after which some feel free to let go with remarks to give Ben Tillman pause.",1290367995
55,1927672,story,,,1,2,bherms,Ask HN: Software almost done... What next?,,"I came up with a pretty good idea for a ""startup"" -- really just a SaaS application to generate some supplementary income -- and started building non-stop.  I'm a few weeks from being ready to launch -- planning to let my beta test businesses get going free while offering signup for a discounted rate -- but I don't know what steps I need to take to launch properly.  What are some necessary things I need to do and what tips/precautions do you have for me?<p>Do I need a lawyer?  Do I need to file for LLC status and open a new bank account?  I am using recurly for payments, but I know I need a payment gateway -- any tips for the cheapest/easiest way to go about this?  I was also planning on hosting on heroku for now.<p>These are just a few general questions I have for now, so feel free to offer any advice.  Thanks!",1290367977
56,1927671,comment,1927268.0,1927268.0,0,0,jasonmcalacanis,,,"The ad network business is very crowded, the margins are getting lower and Google is crushing it in display ads of late.<p>There is very little room for new player in this space, and the players who have reached scale are very well funded.<p>Ad Networks will be a 'winner take most' market, and I do not suggest trying to play in it unless you have:<p>a) deep pockets\nb) some amazing technology that is really innovative and groundbreaking\nc) a disruptive business model \nd) massive domain knowledge (which you just said you don't have).<p>This is not the best beach to surf IMO. Any niche you've found that reaches any kind of scale will be taken by the bigger players who have hundreds of sales executives each.<p>The opportunity for bootstrapped ad networks is long over.",1290367875
57,1927670,comment,1927552.0,1927648.0,0,0,Groxx,,,try googling for:<p><pre><code>  cache:url\n</code></pre>\n:),1290367874
58,1927669,story,,,1,0,ippisl,TV and the Myth of Disruptive Internet Technology,http://www.atomicdirect.com/blog/uncategorized/tv-and-the-myth-of-disruptive-internet-technology/,,1290367846
59,1927668,comment,1927659.0,1927659.0,0,0,Muzza,,,"""Stealing potential money""? Are you insane?",1290367837
60,1927667,comment,1927370.0,1927370.0,0,0,jonezy,,,"it's your turn to be the mentor, find someone and do for them what your father did for you.<p>I'll bet that was his intention all along.",1290367792
61,1927666,comment,1927552.0,1927644.0,0,0,stefano,,,"The VB ""interpreter"" emits opcode for the .NET VM. This codes is then optimized and jitted. This means that both these interpreters run native code in the end, with the difference that the VB version can take advantage of the optimizations implemented by the .NET JIT.",1290367771
62,1927665,story,,,15,27,marv_in,Ask HN: Is it possible for a third world country to have a Silicon Valley?,,"Sorry if I'm linking to my downvoted AskReddit submission. I just thought you guys might want to get a sense of why I'm asking this question.<p>I actually don't know how to program but I really wanted to get a more neutral but detailed information on how much work it takes before reaching the promised land for local third world developers/start-ups.<p>As one commentor used as an example:<p>""So many times have I heard people here look down on pinoy artists and game developers and look up to Korean artists and game developers, but the irony here is that A LOT OF PINOY ARTISTS AND DEVELOPERS ARE WORKING FOR KOREAN GAME COMPANIES.""<p>I hope you don't mind me morphing this issue into a tech-related subject. Aside from Reddit, HN and Metafilter are the only two other major social media sites I know of that are well known for their quality comments. I failed to generate Reddit's interests and I don't have a MetaFilter account and this is the last place I have of asking aside from local sites, many of whom I'm not familiar of and many more who might not have as grand a knowledge as to the pros and cons and history of the web 2.0 boom as a global audience.<p>http://www.reddit.com/r/AskReddit/comments/e9jmo/could_the_philippines_seriously_have_become_the/",1290367768
63,1927664,story,,,39,3,slig,L-99: Ninety-Nine Lisp Problems,http://www.ic.unicamp.br/~meidanis/courses/mc336/2006s2/funcional/L-99_Ninety-Nine_Lisp_Problems.html,,1290367761
64,1927663,comment,1927447.0,1927563.0,0,0,itg,,,Did the same thing. There are extensions out there that convert from flash even if youtube doesn't offer the html5 version.,1290367730
65,1927662,comment,1926515.0,1927288.0,0,0,jeff95350,,,"Even assuming the teacher was lazy, or plagiarized the test, that's simply no excuse.<p>Anyone who sees questions that they had early access to from some special source (a source not available to all students) has a clear ethical responsibility to inform the teacher that they had special access.<p>It might be slightly ambiguous when, by happenstance, a few questions are the same or similar. But when all of the questions are the same, what are these students thinking? They know that other students are seeing these particular questions for the first time even if they studied intensely.<p>Students can choose how they learn. But the professors choose how the students are tested, and this test was clearly compromised due to student dishonesty. You can throw other factors in if you want, but dishonest is dishonest.",1290367690
66,1927661,comment,1926504.0,1926504.0,0,0,jasonmcalacanis,,,Ahhhhh... I wish I could answer this.,1290367677
67,1927660,comment,1927212.0,1927632.0,0,0,diziet,,,I do not even see where 'walking and drinking' comes in. The poster clearly said he took a drink of water out of his water bottle.,1290367677
68,1927658,comment,1926515.0,1927253.0,0,0,roadnottaken,,,"So if, for example, a student hacks into the professor's computer and steals the test-question to study from, this is OK as long as it wasn't expressly forbidden?  I'm not saying they should <i>only</i> study from materials that are provided... but in this case they were <i>clearly</i> using materials that they shouldn't have had access to.",1290367649
69,1927656,story,,,6,11,mathgladiator,Avoid DRY for Product Development,http://blog.mathgladiator.com/2010/11/avoid-dry-for-product-development.html,,1290367447
70,1927655,comment,1927552.0,1927552.0,0,0,Groxx,,,"Oh come on.<p><pre><code>  gcc simvm.c\n  time ./a.out\n  857419840\n\n  real	0m0.374s\n  user	0m0.359s\n  sys	0m0.003s\n</code></pre>\nmeanwhile:<p><pre><code>  gcc -O3 simvm.c -o fast.out\n  time ./fast.out \n  857419840\n  \n  real	0m0.006s\n  user	0m0.001s\n  sys	0m0.003s\n</code></pre>\nComparing optimized compiled code against unoptimized compiled code is worthless.  .NET does some optimizations as it runs, and JITs, your standard `gcc` does very few.<p>/me goes to comment on the blog.<p>edit: bah!  Foiled!<p>><i>Hmmm, your comment seems a bit spammy. We're not real big on spam around here.<p>Please go back and try again.</i><p>edit2: holy cow, that spam filter <i>hates</i> me.  I can't get <i>anything</i> to post...",1290367445
71,1927654,comment,1927319.0,1927319.0,0,0,mathgladiator,,,"I completely agree. I think DRY is a very single-developer orientated aspect. There is value in repeating your self or copy and paste programming as that can enable further polish and customizing where DRY causes more intense mental activity to keep everything clean.<p>Inspired new blog article: <a href=""http://blog.mathgladiator.com/2010/11/avoid-dry-for-product-development.html"" rel=""nofollow"">http://blog.mathgladiator.com/2010/11/avoid-dry-for-product-...</a>",1290367426
72,1927653,comment,1925884.0,1926755.0,0,0,philwelch,,,"<i>You should read the debates Objectivists had over the NYC mosque issue, for example.</i><p>Applying Objectivism to the NYC mosque issue is a little more sophisticated. That doesn't address my point, though, which is that it's trivial to apply Objectivism to the idea of a guaranteed minimum income.<p><i>I'm interested in hearing what your most fundamental criticisms actually are.</i><p>I get this a lot. I'd invite you to email me (and certainly won't complain if you do), but answering this question properly would frankly involve a lot of hard philosophical work that I don't have the time or focus for at the moment.",1290367330
73,1927652,story,,,1,0,briandoll,Thoughts on Software Development as Performance,http://pragprog.com/magazines/2010-11/writing-and-performing,,1290367305
74,1927650,story,,,1,0,crazymik3,"""Remember To Watch"" - Free SMS Reminders before a TV Show airs",http://remembertowatch.com,,1290367276
75,1927649,story,,,244,52,sahillavingia,Obvious to you. Amazing to others.,http://sivers.org/obvious,,1290367272
76,1927648,comment,1927552.0,1927552.0,0,0,pmjordan,,,Anyone got a cache of this? Site seems to be getting hammered.,1290367239
77,1927647,story,,,3,0,dkd903,Mozilla Plans A Mobile App Store For All Mobile Devices,http://digitizor.com/2010/11/22/mozilla-app-store/,,1290367159
78,1927646,comment,1926951.0,1927476.0,0,0,dkarl,,,"Unfortunately, there's a body warm-up, too.  Your spine is particularly vulnerable to injury right after you get out of bed because fluid accumulates in the discs overnight.  As far as I know, running is fine for people with no existing back injuries, but anything that loads or rotates your spine is iffy.  You're 90% back to normal an hour after getting up, though, so if you can find something to do in the meantime without falling asleep again, you're golden.",1290367140
79,1927645,comment,1927526.0,1927617.0,0,0,swannodette,,,"This includes program verification, there's some fascinating work about combining Prolog w/ Smalltalk to:<p><pre><code>  * check whether a piece of source code matches a certain pattern\n  * find all pieces of source code that match a pattern\n  * search for all occurrences of a given pattern that were \n    used to program a piece of source code\n  * detect violations of the usage of a pattern \n  * enforce the consistent use of some pattern throughout a program\n  * generate code that matches a certain pattern\n</code></pre>\nMore about Logic Meta Programming here, <a href=""http://soft.vub.ac.be/SOUL/"" rel=""nofollow"">http://soft.vub.ac.be/SOUL/</a>",1290367096
80,1927644,comment,1927552.0,1927552.0,0,0,steveklabnik,,,So... who wants to take a crack at why this would be?,1290367083
81,1927643,comment,1927286.0,1927286.0,0,0,Z3UX,,,"I use Live Mesh and this happened to me once but every time it syncs, it moves the ""old"" file to the recycle bin... It just doesn't deletes it! I have to manually delete it, so if shit happens, I can always just look in the recycle bin. Did you search there? =\",1290367004
82,1927642,story,,,11,3,garethr,A new weekly email newsletter about devops ,http://devopsweekly.com/,,1290366995
83,1927641,comment,1927412.0,1927412.0,0,0,joe_the_user,,,I like how the web makes this kind of thing harder...,1290366967
84,1927640,comment,1927412.0,1927412.0,0,0,ZeroMinx,,,"Would be funnier if it wasn't so true in a lot of areas (mobile phone operators spring to mind. I don't know how it is in other parts of the world, but in the places I've lived in Europe, most operators have different pricing depending on time of day, day of week and the operator of the person you're calling(!))",1290366944
85,1927639,comment,1927153.0,1927153.0,0,0,tzs,,,"On the other hand, what if you refuse to do an NDA, and so the project goes to someone else, and it turns out to be really valuable, and they become the Microsoft of your field, and you become the Digital Research? That would suck.<p>A lot of times the company requesting the NDA isn't worried that you might steal their app idea, but rather are trying to keep other aspects of the project secret.<p>For instance, suppose Microsoft decided they wanted to make iPad versions of Word and Excel. If it became general knowledge that they were doing this, it could undermine their own phone platform, and also Windows tablet PCs. Such products would have to be introduced carefully. Accordingly their NDA would be aimed at prohibiting you to tell of the existence of their project or their involvement in word processing or spreadsheets on the iPhone. They would not be worried that you might decide to write your own word processor or spreadsheet.",1290366869
86,1927637,comment,1927152.0,1927152.0,0,0,ig1,,,"It's hard for startups everywhere to hire developers. SF, Boston, London, Cambridge, etc. There's a huge global shortage of developers.<p>I don't think people realize how fast the global demand for software developers is growing. In the UK it's now the 16th most common full-time occupation for men.  The UK simply isn't producing developers anywhere fast enough to keep up with growth. I doubt any other country can either.",1290366857
87,1927636,comment,1926515.0,1927085.0,0,0,electromagnetic,,,"Why shouldn't a community of students be able to cache and reuse responses to cached and reused questions?<p>Laziness begets laziness. I don't see how you can claim it's ethical for teachers to forfeit 1/2 of their job to a question cache. Cheating in this definition is using someone else's work to benefit yourself and by definition the teacher cheated too by using someone else's questions to form ""his"" alleged test. IE benefiting himself by not having to do the actual legwork to write his own test.<p>I don't think HNers are pro-cheating, I think we're pro-effort. We all work our fucking assess off at things we love, it's a little disrespectful for some shit-ass professor to claim his students are cheating by using <i>HIS</i> method to save time and effort. I call that his students learning a little too much from him.",1290366840
88,1927635,comment,1925744.0,1927612.0,0,0,Mz,,,"I have no idea what you mean.  I've done a lot of research to come up with solutions which work for me.  I don't see how that is irrational or superstitious (though perhaps you aren't suggesting I am, it sounds to me kind of like that is what you are implying).  All I am saying is that if Americans are fundamentally different in their physiology/basic wiring, then the things that work for some other group may not work for them.  Even if people cannot explain that very well, they can have some awareness that the expectations other people try to impose on them routinely cause more harm than good.  I have also worked extremely hard to resolve my problems in spite of most of the world actively telling me it cannot be done. I don't see how that indicates I am making bad decisions but want other people to fix it.<p>Anyway, I really have no idea what your point is.  So probably no point in going on.<p>EDIT:  In regards to the PS you added after I replied, since diet and lifestyle changes have been my primary means of getting well and I have not seen a doctor in several years, I don't much care what the US does about the ""healthcare system"".",1290366831
89,1927634,comment,1927370.0,1927370.0,0,0,cowmixtoo,,,"mattblalock: My business mentor / great friend died a little over a year ago and its been very hard to adjust. There really isn't anything to say that will help except for it will take time to adjust and move on. In my case I was ""lucky"" because my associate died of cancer so I was able to say final ""goodbyes"", etc. In fact, he final gift to me was being able to describe the process of dying and how he felt at each stage.<p>BTW, it turns out there ARE atheists in foxholes.",1290366825
90,1927633,comment,1927096.0,1927096.0,0,0,gyom,,,Same issue as with fractals. What's the length of Britain's coast ? Infinity ?,1290366795
91,1927632,comment,1927212.0,1927291.0,0,0,radu_floricica,,,"I started to write a reply to your comment expressing my confusion, when I realized I had wrongly assumed you were in the car and the police officer on foot. Once I realized the situation was reversed, I immediately agreed.<p>Which makes me think there are two kinds of crimes. Crimes which are bad for their effects, and preventive measures. \nOf course there are grey areas, but driving and drinking is very close to doing actual damage, while walking and drinking is pretty much harmless.<p>I think it's a shame no law system makes any difference between the two. It would also put a lot of the drug legislation in a different light.",1290366787
92,1927631,comment,1925871.0,1926659.0,0,0,AlexMuir,,,"Pretty sure it's Woot.  Coincidences?<p>1. See if you can find anything on the VCs who backed Woot.  There's nothing on Crunchbase and nothing on Google.  No-one is trumpeting it as a success, or even mentioning it in their (previous) portfolios.<p>2. Purchase price was reportedly $110m in cash - exact same number as in this post.<p>3. Post says firm was founded by close friends.  He seems to live in Seattle, which is where Woot is/was based.<p>4. Current CEO of Woot, and presumably CEO at the time, has protected his tweets.",1290366782
93,1927630,comment,1927286.0,1927286.0,0,0,u48998,,,"SugarSync is not bad either, 5GB for free compared to Dropbox's 2.",1290366771
94,1927629,comment,1927275.0,1927492.0,0,0,lwhi,,,"Exactly.<p>I'd read this as; the person actually did enjoy the movie .. but could have enjoyed it more if it wasn't so OTT.  No deception involved.<p>To read this kind of thing, it's always important to think about what the person's intent is.  If someone's behaving in a Machiavellian way, it's _all_ about intent (and possible incentive).",1290366768
95,1927628,comment,1920909.0,1921046.0,0,0,Daverk,,,Could it be possible to have emails time tag to be correct?,1290366734
96,1927627,comment,1927370.0,1927370.0,0,0,transmit101,,,"Three months is not much time at all to deal with a situation of this magnitude. Be patient with yourself, and give yourself a lot more time. In my own personal experience, it took 2 years to deal with losing somebody close to me. Even after that of course, things were never the same as before, but I eventually felt myself again, and could enjoy the memories I held.\nAgain personally, but I found keeping a journal a great release. Good luck",1290366719
97,1927626,comment,1926556.0,1926556.0,0,0,gte910h,,,"I am flagging because I hate AMA, if I wanted reddit, I'd read reddit.",1290366666
98,1927625,story,,,2,0,whyenot,Wild tigers could be extinct in 12 years if unprotected,http://www.sfgate.com/cgi-bin/article.cgi?f=/n/a/2010/11/21/international/i053734S90.DTL,,1290366654
99,1927624,comment,1927188.0,1927391.0,0,0,iends,,,"fyi, Black is also not a very strong player.",1290366637
100,1927623,comment,1925574.0,1927427.0,0,0,AlexandrB,,,"I did not smoke marijuana, but I tend to fall into a state of intense reflection when I'm stressed and at some point I wasn't able to come back out even though the stress went away.<p>My biggest cause of stress is procrastination. When I put off things I need to do I stress myself out and then start down this path - maybe that's why the todo list thing helped.",1290366631
101,1927622,story,,,16,4,TamDenholm,The Ultimate Productivity Blog,http://productiveblog.tumblr.com/,,1290366609
102,1927621,comment,1927275.0,1927414.0,0,0,lwhi,,,"This isn't an example of a lie, it's an example of a threat.",1290366570
103,1927620,comment,1925744.0,1926843.0,0,0,Retric,,,I don't think tithing a small percentage of your income to help society's poor is a socialist concept.  Traditionally you gave the church 10% and they spent much of that on the poor.,1290366559
104,1927619,comment,1927275.0,1927531.0,0,0,kenjackson,,,"Actually putting, ""I'm not saying the deal is off..."" makes me think the deal might be off if I don't 3 & 4.  Your other statement, without the qualifier, simply makes me think we need to work on 3 & 4.<p>The qualifier in this case seems to be an attempt to prime the listener with the fact that this deal is not a sure thing still.",1290366557
105,1927618,comment,1927275.0,1927275.0,0,0,jonpaul,,,"This reminds me of ""Sorry-buts""...<p>When someone almost always says ""I'm sorry, but..."" they are never usually that sorry. I've noticed these phrases often used by those who have a hard time taking responsibility for their actions or failures.",1290366546
106,1927617,comment,1927526.0,1927526.0,0,0,ses,,,"Very nice, Prolog is a vastly under rated language which is very useful for a lot of logic and decision making programming problems.",1290366501
107,1927616,comment,1927305.0,1927305.0,0,0,cowmixtoo,,,"Previously..<p><a href=""http://news.ycombinator.com/item?id=1865249"" rel=""nofollow"">http://news.ycombinator.com/item?id=1865249</a>",1290366471
108,1927615,comment,1927213.0,1927213.0,0,0,kurtosis,,,"This confuses me. If it is impossible to time the market, then why does he think it is ""pretty clear that the market is getting overheated""?  [edit: in the comments he explains that he's looking at ""revenues and cash flow and discounted cash\nflow to get values"", but if these are only weak predictors that don't enable one to time the market, why worry?]",1290366437
109,1927614,comment,1927275.0,1927275.0,0,0,lwhi,,,"'With all due respect', does usually come with the caveat that no respect is deserved.",1290366429
110,1927613,comment,1927188.0,1927528.0,0,0,lazyant,,,"OK, I see the clock now but it doesn't work like the traditional one, I played a 5 min ""blitz"" game and I would have like 5:05, is it using perhaps the Fisher's clock?",1290366411
111,1927612,comment,1925744.0,1926943.0,0,0,Retric,,,"What I find interesting is how well you indirectly answer the question.<p><i>Americans are irrational.  We are superstitious and confuse things like the availability of early treatment with being forced to use it.  We are also selfish and unwilling to live with the results of our poor decision making process.</i><p>PS: It's not hard to demonstrate that universal heath care would cost less and be more useful than are current system.  However, most people already decided to do something else so people are not going to change their mind over something as silly as a rational argument.",1290366395
112,1927611,comment,1927188.0,1927329.0,0,0,mikek,,,Especially on the iPhone!,1290366295
113,1927610,comment,1926515.0,1926932.0,0,0,WalterBright,,,"What I suspect is that half of the questions on the test came from the test bank, and half were original to the professor. Therefore, the cheaters can be detected as ones who got the first half nearly 100% correct, and the second half maybe 50% correct.",1290366290
114,1927609,comment,1925253.0,1927507.0,0,0,jbooth,,,"Yeah, but the procedures are basically a whole bunch of subjective stuff added up.  ""Ok we're dividing this task into these subtasks, we're gonna put a deadline on each one and if you miss too many deadlines then we need to talk"".  That's way more fuzzy and subjective than a standardized test.  You might sum up the subjective judgments in a quantitative way, but ultimately it's built on subjective assessments.  Unless they're actually doing kloc or something.",1290366271
115,1927608,comment,1925030.0,1925874.0,0,0,studer,,,"Posting an active exploit to their hosting service is a pretty massive violation of the blogger ToS, though...",1290366252
116,1927607,comment,1925744.0,1927272.0,0,0,maukdaddy,,,He owns macrumors.com which generates enough income to cover his lifestyle,1290366251
117,1927606,comment,1927231.0,1927256.0,0,0,ZeroMinx,,,"Hey<p>Sorry but I don't understand this answer. I too like to hear reasons for decisions to stay away from non-relational databases.<p>Your first point, that you'll be using JSON, feels strange. When I build stuff, the data storage and the usage of the data are very separate areas. The web part using the JSON doesn't know or give a damn if the data is stored in MySQL or MongoDB or written in sand and translated to computer-speak by monkeys.<p>Second - Maybe I'm misunderstanding you, but isn't this tree structure a number of entities that have relationships with other entities (as parent / child / sibling / whatever). How is that not applicable to a relational database?",1290366229
118,1927605,comment,1927381.0,1927451.0,0,0,electromagnetic,,,"Agreed, I think it's much more likely that the Palinites are simply maxing out the votes they're allowed to make IE 10 calls (per phone number - note that a psycho fan in your average household could easily pull off 50 votes by using their cell, their spouses their kids and their home phone), texts, emails, etc.<p>I remember back in the UK the reality shows used to limit it to 1 vote per type, but they still suffered huge problems like this. It sometimes seemed like the best person often failed on the Idol shows, but were picked up by a huge agent on a better contract than the actual winner (IE better sign on bonus, not forced into tours, etc.). IIRC Simon Cowell actually wanted a non-compete clause put into the contracts to prevent this, however I don't think anything came of it and he's now leaving American Idol - likely in part because of this.",1290366221
119,1927604,comment,1927096.0,1927368.0,0,0,defen,,,Wouldn't you only get a countably infinite number of points on the circle?  N.B. I'm not a mathematician,1290366209
120,1927603,story,,,1,0,hariis,Trick you eyes - video,http://www.facebook.com/video/video.php?v=99712351611,,1290366185
121,1927602,comment,1927275.0,1927275.0,0,0,sbaqai,,,"They didn't cover this one, which I think is pretty common as well:<p>""You're probably going to [exaggerate other person's negative reaction], but...""<p>This will usually dampen the other person's negative reaction. You've presumed the person will react unfavorably to whatever it is you're about to say. You, in a way, have suggested the person will have a bias to be negative, before you've even stated anything.<p>No one likes to hear that about themselves, so people will tend to overcompensate by being even more dispassionate than they normally are. Before anything is ever said.<p>""You're probably going to hate me for saying this, but...""<p>""You're going to think this is silly, but...""<p>""You're going to think I'm a jerk, but...""<p>I think in each case, you'll find the listener consciously or subconsciously suppress their reactions so as to not to come off as hating the other person, or thinking they are silly or a jerk.",1290366151
122,1927601,comment,1927188.0,1927188.0,0,0,cicada,,,"This is nice. I was a little saddened that the replay and analyse option after games did not actually analyse games, but with the export I can download the games into my favourite chess engine and have it analyse the games for me.<p>[edit: noticed that there is a forum, don't go there. While someone occasionally posts an interesting game like <a href=""http://lichess.org/analyse/0mbole"" rel=""nofollow"">http://lichess.org/analyse/0mbole</a> the level of conversation is roughly what you'd expect from a 4chan /chess/ board.]",1290366123
123,1927600,comment,1927275.0,1927399.0,0,0,webignition,,,"Remove meaningless words such as ""to be honest"" or ""in fact"". Brevity!",1290366102
124,1927599,comment,1925030.0,1926281.0,0,0,studer,,,And you know for sure that he contacted them that way?,1290366085
125,1927598,story,,,8,2,hariis,Google Engineer Gets $6 Million For Not Going To Facebook,http://digg.com/story/r/google_engineer_gets_6_million_for_not_going_to_facebook,,1290366064
126,1927597,comment,1927275.0,1927540.0,0,0,rdtsc,,,"The article does do that. Towards the middle of it.<p>---<p>Once someone has said “It’s (really) none of my business, but...” it’s entirely permissible (if slightly rude) to reply “You’re right, it is none of your business.” It’s also reasonable to reply “Well, then, don’t!” to someone who says “I don’t want to make you feel uncomfortable, but...”<p>---<p>That doesn't work as well for others, Imagine ""I am not racist but ... "" <interrupt> ""Oh, but you are racist"". So now you accused someone of being a racist. Sure you have stood up and called them on their racism, but you also created an enemy. Sometimes it is worth it, sometimes it isn't. Depending on the situation.<p>Or for example ""To be perfectly honest ... "" <interrupt> ""Oh but you are not honest"". Well now you are the one accusing them of dishonestly simply because they started the phrase with a stupid ""but-head"".<p>I think the point of the article is that some such phrases should raise red flags. They are not 100% proofs of lying or deceit.",1290366049
