,col0,col1,col2,col3,col4,col5,col6,col7,col8,col9,col10,col11,col12,col13,col14,col15,col16,col17,col18,col19
0,a063d72a-9bad-11eb-a8a2-19ed5c03f8d3,genus,Luttrellia,,,Shearer,,1978,conserved,Mycologia 70(3): 692 (1978),,,,a063d72a-9bad-11eb-a8a2-19ed5c03f8d3,,,,,2954,"Nom. cons., see Art. 14 "
1,108ff9ee-9bad-11eb-a8a2-19ed5c03f8d3,species,estuarina,Luttrellia,,Shearer,,1978,,Mycologia 70(3): 693 (1978),,,,108ff9ee-9bad-11eb-a8a2-19ed5c03f8d3,,,,,317023, 
2,5de85e9e-9bac-11eb-a8a2-19ed5c03f8d3,species,guttulata,Luttrellia,,A. Ferrer & Shearer,,2007,,Mycologia 99(1): 145 (2007),,,,5de85e9e-9bac-11eb-a8a2-19ed5c03f8d3,,,,,504785, 
3,5de89d64-9bac-11eb-a8a2-19ed5c03f8d3,species,halonata,Luttrellia,,A. Ferrer & Shearer,,2007,,Mycologia 99(1): 146 (2007),,,,5de89d64-9bac-11eb-a8a2-19ed5c03f8d3,,,,,504786, 
4,08cb51c2-9bad-11eb-a8a2-19ed5c03f8d3,species,monoceras,Luttrellia,,(Drechsler) Khokhr.,Q21517476,1978,invalid,"in Azbukina et al. (eds) in Gornostai, Vodorosli, Griby i Mkhi Dal'nego Vostoka (Vladivostok) 81 (1978)",,,,d29ba07a-9bac-11eb-a8a2-19ed5c03f8d3,,,,,116301,"Nom. inval., Art. 33.3 Lutrellia"
5,2e2ea758-9bac-11eb-a8a2-19ed5c03f8d3,species,oryzae,Luttrellia,,(Breda de Haan) Gornostai,,1978,invalid,"in Azbukina et al. (eds), Vodorosli, Griby i Mkhi Dal'nego Vostoka (Vladivostok) 81 (1978)",,,,,,,,,116302,"Nom. inval., Art. 33.3 Lutrellia"
6,5de8fcaa-9bac-11eb-a8a2-19ed5c03f8d3,species,parvulospora,Luttrellia,,A. Ferrer & Shearer,,2007,,Mycologia 99(1): 146 (2007),,,,5de8fcaa-9bac-11eb-a8a2-19ed5c03f8d3,,,,,504787, 
7,2e2ed8ae-9bac-11eb-a8a2-19ed5c03f8d3,species,rostrata,Luttrellia,,(Drechsler) Gornostai,,1978,invalid,"in Azbukina et al. (eds), Vodorosli, Griby i Mkhi Dal'nego Vostoka (Vladivostok) 81 (1978)",,,,d3311006-9bac-11eb-a8a2-19ed5c03f8d3,,,,,116303,"Nom. inval., Art. 33.3 Lutrellia"
8,2e1e3b98-9bac-11eb-a8a2-19ed5c03f8d3,species,turcica,Luttrellia,,(Pass.) Khokhr.,"Q2084039,Q21517476",1978,,"in Gornostai in Azbukina et al. (Eds), Vodorosli, Griby i Mkhi Dal'nego Vostoka (Vladivostok) 81 (1978)",,,,d08ef6e2-9bac-11eb-a8a2-19ed5c03f8d3,,,,,116247, Lutrellia
