,col0,col1,col2,col3,col4,col5,col6,col7,col8,col9,col10,col11,col12,col13,col14,col15,col16,col17,col18,col19
0,e6cab8b0-8fd1-11eb-924d-9cd76263cbd0,genus,Mitragyna,,,Korth.,Q442109,1839,,Observ. Naucl. Indic. 19. 1839.,,,,,,327864-2,wfo-4000024425,2900452,,
1,e3e79bbe-8fcb-11eb-924d-9cd76263cbd0,species,africana,Mitragyna,,(Willd.) Korth.,"Q76353,Q442109",1839,,Observ. Naucl. Indic. 19 1839,,,,,,756290-1,wfo-0000244923,2900465,,
2,e3e7b892-8fcb-11eb-924d-9cd76263cbd0,species,brunonis,Mitragyna,,(Wall. ex G.Don) Craib,"Q730310,Q1381245,Q4243070",1932,,Fl. Siam. 2: 11 1932,,,,,,756291-1,wfo-0000244924,2900481,,
3,e3e7f0d2-8fcb-11eb-924d-9cd76263cbd0,species,chevalieri,Mitragyna,,K.Krause,Q5961003,1909,,Bot. Jahrb. Syst. 43: 135 1909,,,,,,546630-1,wfo-0000244926,2896581,,
4,e3e80d74-8fcb-11eb-924d-9cd76263cbd0,species,ciliata,Mitragyna,,Aubrév. & Pellegr.,"Q516807,Q4348287",1936,,Bull. Soc. Bot. France 83: 36 1936,,Q55757346,,,,756292-1,wfo-0000244927,2896578,,
5,e3e82886-8fcb-11eb-924d-9cd76263cbd0,species,diversifolia,Mitragyna,,(Wall. ex G.Don) Havil.,"Q730310,Q1381245,Q5538380",1897,,"J. Linn. Soc., Bot. 33: 71 1897",,Q55760387,,,,756293-1,wfo-0000244928,2900469,,
6,e3e84492-8fcb-11eb-924d-9cd76263cbd0,variety,microphylla,Mitragyna,diversifolia,(Kurz) Craib,"Q2587569,Q4243070",1911,,Bull. Misc. Inform. Kew 1911: 386 1911,,,,,,,wfo-0000244929,2900489,,
7,e3e85f68-8fcb-11eb-924d-9cd76263cbd0,species,hirsuta,Mitragyna,,Havil.,Q5538380,1897,,"J. Linn. Soc., Bot. 33: 72 1897",,Q55760387,,,,756294-1,wfo-0000244930,2900477,,
8,e3e87c78-8fcb-11eb-924d-9cd76263cbd0,species,inermis,Mitragyna,,(Willd.) Kuntze,"Q76353,Q62853",1891,,Revis. Gen. Pl. 1: 228 1891,,,,,,756296-1,wfo-0000244931,2900458,,
9,e3e89942-8fcb-11eb-924d-9cd76263cbd0,species,javanica,Mitragyna,,Koord. & Valeton,"Q4232763,Q2335410",1902,,Meded. Lands Plantentuin 59: 38 1902,,,,,,756297-1,wfo-0000244932,2900474,,
10,e3e8b558-8fcb-11eb-924d-9cd76263cbd0,variety,microphylla,Mitragyna,javanica,(Kurz) Craib,"Q2587569,Q4243070",1932,,Fl. Siam. 2: 12 1932,,,,,,,wfo-0000244933,2900491,,
11,e3e8d1a0-8fcb-11eb-924d-9cd76263cbd0,species,ledermannii,Mitragyna,,(K.Krause) Ridsdale,"Q5961003,Q4394497",1978,,Blumea 24: 68 1978,,Q96027350,,,,756298-1,wfo-0000244934,2896576,,
12,e3e8f004-8fcb-11eb-924d-9cd76263cbd0,species,macrophylla,Mitragyna,,Hiern,Q3568881,1877,,Fl. Trop. Afr. 3: 41 1877,,,,,,756299-1,wfo-0000244935,2896585,,
13,e3e9496e-8fcb-11eb-924d-9cd76263cbd0,species,parvifolia,Mitragyna,,(Roxb.) Korth.,"Q748967,Q442109",1839,,Observ. Naucl. Indic. 19 1839,,,,,,756300-1,wfo-0000244938,2900484,,
14,e3e9e39c-8fcb-11eb-924d-9cd76263cbd0,variety,microphylla,Mitragyna,parvifolia,(Kurz) Ridsdale,"Q2587569,Q4394497",1978,,Blumea 24: 64 1978,,Q96027350,,,,890415-1,wfo-0000244939,2900488,,
15,e3ea68a8-8fcb-11eb-924d-9cd76263cbd0,species,rotundifolia,Mitragyna,,(Roxb.) Kuntze,"Q748967,Q62853",1891,,Revis. Gen. Pl. 1: 289 1891,,,,,,756301-1,wfo-0000244941,2900479,,
16,e3eaa5de-8fcb-11eb-924d-9cd76263cbd0,species,rubrostipulata,Mitragyna,,(K.Schum.) Havil.,"Q63545,Q5538380",1897,,"J. Linn. Soc., Bot. 33: 73 1897",,,,2de9e98c-8fcd-11eb-924d-9cd76263cbd0,,,wfo-0000244942,2896590,,
17,e3eac35c-8fcb-11eb-924d-9cd76263cbd0,species,speciosa,Mitragyna,,(Korth.) Havil.,"Q442109,Q5538380",1897,,"J. Linn. Soc., Bot. 33: 69 1897",,,,,,,wfo-0000244943,7461054,,
18,e3eae148-8fcb-11eb-924d-9cd76263cbd0,species,stipulosa,Mitragyna,,(DC.) Kuntze,"Q123057,Q62853",1891,,Revis. Gen. Pl. 1: 289 1891,,,,e69f615c-8fcb-11eb-924d-9cd76263cbd0,,756304-1,wfo-0000244944,2896586,,
19,e3eafdae-8fcb-11eb-924d-9cd76263cbd0,species,tubulosa,Mitragyna,,(Arn.) Kuntze,"Q730292,Q62853",1891,,Revis. Gen. Pl. 1: 288 1891,,,,e6a1ead0-8fcb-11eb-924d-9cd76263cbd0,,756305-1,wfo-0000244945,2900475,,
