,col0,col1,col2,col3,col4,col5,col6,col7,col8,col9,col10
0,0,boundary,Static,Black,128.0,-2.5,0.0,256.0,5.0,,
1,1,boundary,Static,Black,-2.5,128.0,0.0,5.0,256.0,,
2,2,boundary,Static,Black,128.0,258.5,0.0,256.0,5.0,,
3,3,boundary,Static,Black,258.5,128.0,0.0,5.0,256.0,,
4,4,bar,Static,Purple,128.0,2.559999942779541,0.0,256.0,5.12,,
5,5,bar,Static,Black,77.14065551757812,114.18083953857422,6.1959190368652335,16.0,5.12,,
6,6,bar,Static,Black,93.52600860595705,114.18083953857422,0.0872664600610733,16.0,5.12,,
7,7,circle,Dynamic,Green,85.33333587646484,128.77352905273438,,,,,12.5
8,8,User Circle,Dynamic,Red,113.0,199.0,,,,,32.0
