,col0,col1,col2,col3,col4,col5,col6,col7,col8,col9,col10,col11,col12,col13,col14,col15,col16,col17,col18,col19,col20,col21,col22,col23,col24,col25,col26,col27
0,7,Opuntia oricola,46392,-115.17777779999999,28.111111100000002,,False,1,-3.67,Equisetopsida,Caryophyllales,Cactaceae,,Terrestre,1971,,2017-12,http://www.snib.mx/snibgeoportal/Ejemplar.php?id=21cfd93e24d23781589819d22c8dccd1,21cfd93e24d23781589819d22c8dccd1,Si,No,NoDisponible,No,Si,,,,
1,14,Opuntia oricola,46439,-115.17757379999999,28.3031719,,False,2,4.5,Equisetopsida,Caryophyllales,Cactaceae,82.0,Terrestre,2015,,2017-12,http://www.snib.mx/snibgeoportal/Ejemplar.php?id=22d1a4f83b16235ef3650a12e3868616,22d1a4f83b16235ef3650a12e3868616,Si,No,NoDisponible,No,Si,,,,
2,15,Opuntia oricola,113914,-106.4429999,23.2989999,,True,0,-16.17,Equisetopsida,Caryophyllales,Cactaceae,29.0,Terrestre,2017,,2017-12,http://www.snib.mx/snibgeoportal/Ejemplar.php?id=28d2fa8a5dce923fabf2daee308ecfe1,28d2fa8a5dce923fabf2daee308ecfe1,Si,No,NoDisponible,No,No,,,,
3,8,Opuntia oricola,46392,-115.17777779999999,28.111111100000002,,False,1,-3.67,Equisetopsida,Caryophyllales,Cactaceae,,Terrestre,1971,,2017-12,http://www.snib.mx/snibgeoportal/Ejemplar.php?id=3713cf5750c273b3c64dbee9d79c4f09,3713cf5750c273b3c64dbee9d79c4f09,Si,No,NoDisponible,No,Si,,,,
4,4,Opuntia oricola,37920,-116.4652778,31.572222200000002,,False,1,-2.08,Equisetopsida,Caryophyllales,Cactaceae,118.0,Terrestre,1998,,2017-12,http://www.snib.mx/snibgeoportal/Ejemplar.php?id=7fb7da7396ab6c9ebf557f6c1d1fb4fe,7fb7da7396ab6c9ebf557f6c1d1fb4fe,No,,NoDisponible,,,,,,
5,2,Opuntia oricola,42130,-116.075883,30.9665441,,False,1,0.27,Equisetopsida,Caryophyllales,Cactaceae,108.0,Terrestre,2017,,2017-12,http://www.snib.mx/snibgeoportal/Ejemplar.php?id=8bb2e0764ea3ac3a8b19a22ab0bd9d5f,8bb2e0764ea3ac3a8b19a22ab0bd9d5f,No,,NoDisponible,,,,,,
6,1,Opuntia oricola,42130,-116.0891667,30.9716667,,False,1,0.27,Equisetopsida,Caryophyllales,Cactaceae,95.0,Terrestre,1998,SI,2017-12,http://www.snib.mx/snibgeoportal/Ejemplar.php?id=8bc5930ab11fd22d0fa13cce7e5a6681,8bc5930ab11fd22d0fa13cce7e5a6681,No,,NoDisponible,,,,,,
7,9,Opuntia oricola,34141,-117.08305559999998,32.5,,False,2,3.08,Equisetopsida,Caryophyllales,Cactaceae,165.0,Terrestre,1960,,2017-12,http://www.snib.mx/snibgeoportal/Ejemplar.php?id=9754e8f9bf64e3651a57e2291d5173e0,9754e8f9bf64e3651a57e2291d5173e0,No,,NoDisponible,,,,,,
8,16,Opuntia oricola,46438,-115.24166670000001,28.358333299999998,,False,2,5.2,Equisetopsida,Caryophyllales,Cactaceae,14.0,Terrestre,1964,,2017-12,http://www.snib.mx/snibgeoportal/Ejemplar.php?id=ac3c3bcde6cf249ac3229346d8bda30a,ac3c3bcde6cf249ac3229346d8bda30a,Si,No,NoDisponible,No,Si,,,,
9,3,Opuntia oricola,37920,-116.45833329999999,31.575,,False,1,-2.08,Equisetopsida,Caryophyllales,Cactaceae,193.0,Terrestre,1998,,2017-12,http://www.snib.mx/snibgeoportal/Ejemplar.php?id=adb9ce449d34dc9857a2d8ae2a1934e9,adb9ce449d34dc9857a2d8ae2a1934e9,No,,NoDisponible,,,,,,
10,13,Opuntia oricola,55825,-114.38333,29.386390000000002,,False,1,-1.08,Equisetopsida,Caryophyllales,Cactaceae,663.0,Terrestre,1986,,2017-12,http://www.snib.mx/snibgeoportal/Ejemplar.php?id=b915ef3948785e56dda63a50400d27a1,b915ef3948785e56dda63a50400d27a1,Si,No,NoDisponible,No,Si,,,,
11,0,Opuntia oricola,42130,-116.09166670000002,30.975,,False,1,0.27,Equisetopsida,Caryophyllales,Cactaceae,103.0,Terrestre,1998,,2017-12,http://www.snib.mx/snibgeoportal/Ejemplar.php?id=bce3988cb7038a9e05837cf293fb8452,bce3988cb7038a9e05837cf293fb8452,No,,NoDisponible,,,,,,
12,6,Opuntia oricola,46437,-115.25833329999999,28.2916667,,False,2,2.4,Equisetopsida,Caryophyllales,Cactaceae,38.0,Terrestre,1994,,2017-12,http://www.snib.mx/snibgeoportal/Ejemplar.php?id=c989638192cf7f353f5232c8961bd666,c989638192cf7f353f5232c8961bd666,Si,No,NoDisponible,No,Si,,,,
13,12,Opuntia oricola,78113,-111.2011111,25.5594444,,True,0,-12.47,Equisetopsida,Caryophyllales,Cactaceae,366.0,Terrestre,1998,,2017-12,http://www.snib.mx/snibgeoportal/Ejemplar.php?id=d01c2e69230ccce8b28314fa86403ea7,d01c2e69230ccce8b28314fa86403ea7,Si,No,NoDisponible,No,No,,,,
14,10,Opuntia oricola,34141,-117.08305559999998,32.5,,False,2,3.08,Equisetopsida,Caryophyllales,Cactaceae,165.0,Terrestre,1960,,2017-12,http://www.snib.mx/snibgeoportal/Ejemplar.php?id=d840ccfa92d2abe5c0829e2ea897cae6,d840ccfa92d2abe5c0829e2ea897cae6,No,,NoDisponible,,,,,,
15,11,Opuntia oricola,73532,-111.54111110000001,25.932777800000004,,True,0,-13.46,Equisetopsida,Caryophyllales,Cactaceae,489.0,Terrestre,1975,,2017-12,http://www.snib.mx/snibgeoportal/Ejemplar.php?id=fbc2f5c49ec199bdedb282ac6d30b069,fbc2f5c49ec199bdedb282ac6d30b069,Si,No,NoDisponible,No,No,,,,
16,5,Opuntia oricola,46437,-115.25833329999999,28.2916667,,False,2,2.4,Equisetopsida,Caryophyllales,Cactaceae,38.0,Terrestre,1994,,2017-12,http://www.snib.mx/snibgeoportal/Ejemplar.php?id=fd7fb3740fc544e4ff18e4259b7db25c,fd7fb3740fc544e4ff18e4259b7db25c,Si,No,NoDisponible,No,Si,,,,
