,col0,col1,col2,col3,col4,col5,col6,col7,col8,col9,col10
0,92491,comment,92388.0,92388.0,0,0,8plot,,,"I like munin better than nagios: <a href=""http://munin.projects.linpro.no/"" rel=""nofollow"">http://munin.projects.linpro.no/</a>",1198529963
1,92490,story,,,5,3,nickb,Dutch Guy Hacks Traffic Sign (vid),http://www.youtube.com/watch?v=-hzJZU5Nt2s,,1198529866
2,92489,comment,92343.0,92453.0,0,0,maurycy,,,What magazines. ;),1198529049
3,92488,comment,92441.0,92441.0,0,0,iamwil,,,"At first I thought there was a meaning to the colored numbers, but then I noticed they alternated.  Too bad.  It'd be neat to indicate how fast a story is moving up the list.  However, it'd be completely inaccessible to color blind people.  <p>Anyway, Happy Holidays all.",1198528875
4,92487,comment,92295.0,92438.0,0,0,henning,,,"The profit-loss patterns weren't good enough to be ready for real-life trading.<p>I'd be much more willing to tinker with it if I could do it with someone else's money. The hedge fund motto is ""other people's lives, other people's money.""",1198528482
5,92486,comment,92295.0,92374.0,0,0,henning,,,Correct. There can be permanent changes in market structure that make historical data irrelevant. The term for this is regime change. That and model risk.,1198528424
6,92485,comment,92234.0,92302.0,0,0,pfedor,,,I think he was referring to garbage collecting. Not that it makes this statement any more justified or anything.,1198528243
7,92484,comment,92291.0,92291.0,0,0,apathy,,,"Do you need a 'community site' with drop-in modules for stuff like 'post this to Reddit/del.icio.us/YCnews' and 'upload a photo'?   Drupal is good.<p>Is it a custom application with tightly scoped, somewhat unique functionality?  Then use something like Rails or Django.<p><i>DO NOT</i> attempt to use Rails/Radiant for a full CMS, or Drupal for a mostly-AJAX browser-based app.  Trust me on this.  You have been warned.",1198528153
8,92483,story,,,1,0,Jd,Language Matters: A Summary and Response to Steve Yegge,http://www.dharmadeveloper.com/?p=35,,1198527944
9,92482,comment,92388.0,92403.0,0,0,apathy,,,"Nagios is excellent once you get comfortable with it.  People have written check scripts for all sorts of bizarre hardware, interfaces (RS-232 polling, X10, etc.), and so forth.  You can turn the babysitting proactive by writing event scripts, eg. when a MySQL slave goes out of sync or memcached wedges, the event handler notices, kicks it, and if it doesn't recover after a few tries, <i>THEN</i> you get a page.  Obviously you need to be careful about what you put in an event handler, but used judiciously, they're great.<p>Cacti, ganglia, and so forth are useful adjuncts for routers, clusters, and the like.  But Nagios is a time-tested warhorse with a lot of community support.  It's ugly but it works and works well.<p>PXE + cfengine + nagios can be pulled together for Real Ultimate Power, or at least a simulacrum of what goes on at places like Google (whose scripts are custom Python monstrosities for the most part, but the functionality is pretty similar, with several levels and types of babysitter systems funneling into a more proactive statistical resource allocation type of analysis framework since the scale is so vast; at least that's the track that development was on when I left, and Urs is still in charge so I doubt it's swerved much).  <p>See here for an article on adaptive state monitoring: <a href=""http://www.onlamp.com/pub/a/onlamp/2006/05/25/self-healing-networks.html"" rel=""nofollow"">http://www.onlamp.com/pub/a/onlamp/2006/05/25/self-healing-n...</a>  with Nagios and Cfengine.  Add something like PXE reimaging of dead nodes to the mix and you cut down workloads by an order of magnitude on large installations.<p>If you are a sysadmin and haven't experimented with self-healing systems, you should fix that gap in your skill set.  If you have a sysadmin who can't or won't, fire him.",1198527702
10,92481,comment,92470.0,92470.0,0,0,shimon,,,"Nifty!  These scripts work by going through the document's img elements, and turning any that are flagged with certain CSS classes into canvas elements.  The image is then loaded into the canvas and manipulated with the proper effects using javascript on the canvas object.<p>Good for hackers who want nice visual effects but hate Flash.  Unfortunately, not free (commercial use restricted).",1198527694
11,92480,story,,,1,0,dawie,Looking Back: The Year in Web 2.0 ,http://gigaom.com/2007/12/24/web-2-0-recap-2007/,,1198526577
