,col0,col1,col2,col3,col4
0,Unutilized Abstraction,Azure.Core.Testing,AsyncOnlyAttribute,D:\research\architectureSmells\repos\Azure_azure-sdk-for-net\sdk\core\Azure.Core\tests\TestFramework\AsyncOnlyAttribute.cs,The tool detected the smell in this class because this class is potentially unused.   (Please ignore the smell if the reported class is auto-generated and/or used to serve a specific known purpose.)
1,Unnecessary Abstraction,Azure.Core.Testing,ClientValidation<TClient>,D:\research\architectureSmells\repos\Azure_azure-sdk-for-net\sdk\core\Azure.Core\tests\TestFramework\ClientTestBase.cs,The tool detected the smell in this class because the class contains only a few data members without any method implementation' that indicates that the abstraction might not be required. Following fields and properties are declared in this class: ' Validated' ValidationException
2,Unutilized Abstraction,Azure.Core.Testing,LiveOnlyAttribute,D:\research\architectureSmells\repos\Azure_azure-sdk-for-net\sdk\core\Azure.Core\tests\TestFramework\LiveOnlyAttribute.cs,The tool detected the smell in this class because this class is potentially unused.   (Please ignore the smell if the reported class is auto-generated and/or used to serve a specific known purpose.)
3,Duplicate Abstraction,Azure.Core.Testing,MockRequest,D:\research\architectureSmells\repos\Azure_azure-sdk-for-net\sdk\core\Azure.Core\tests\TestFramework\MockRequest.cs,The tool detected the smell in this class because a set of code clones has been found and at least one of the clones found in this class. List of code clones with start and end line numbers are:  MockRequest (D:\research\architectureSmells\repos\Azure_azure-sdk-for-net\sdk\core\Azure.Core\tests\TestFramework\MockRequest.cs' [51' 88])' MockResponse (D:\research\architectureSmells\repos\Azure_azure-sdk-for-net\sdk\core\Azure.Core\tests\TestFramework\MockResponse.cs' [50' 87])
4,Unutilized Abstraction,Azure.Core.Testing,RandomExtensions,D:\research\architectureSmells\repos\Azure_azure-sdk-for-net\sdk\core\Azure.Core\tests\TestFramework\RandomExtensions.cs,The tool detected the smell in this class because this class is potentially unused.   (Please ignore the smell if the reported class is auto-generated and/or used to serve a specific known purpose.)
5,Unutilized Abstraction,Azure.Core.Testing,TaskExtensions,D:\research\architectureSmells\repos\Azure_azure-sdk-for-net\sdk\core\Azure.Core\tests\TestFramework\TaskExtensions.cs,The tool detected the smell in this class because this class is potentially unused.   (Please ignore the smell if the reported class is auto-generated and/or used to serve a specific known purpose.)
6,Unutilized Abstraction,Azure.Core.Testing,TestAsyncEnumerableExtensions,D:\research\architectureSmells\repos\Azure_azure-sdk-for-net\sdk\core\Azure.Core\tests\TestFramework\TestAsyncEnumerableExtensions.cs,The tool detected the smell in this class because this class is potentially unused.   (Please ignore the smell if the reported class is auto-generated and/or used to serve a specific known purpose.)
7,Unutilized Abstraction,Azure.Core.Testing,TestEventListener,D:\research\architectureSmells\repos\Azure_azure-sdk-for-net\sdk\core\Azure.Core\tests\TestFramework\TestEventListener.cs,The tool detected the smell in this class because this class is potentially unused.   (Please ignore the smell if the reported class is auto-generated and/or used to serve a specific known purpose.)
8,Duplicate Abstraction,Azure.Core.Testing,TestEventListener,D:\research\architectureSmells\repos\Azure_azure-sdk-for-net\sdk\core\Azure.Core\tests\TestFramework\TestEventListener.cs,The tool detected the smell in this class because two or more abstractions have identical names. The abstractions with identical names are: Azure.Core.Testing.TestEventListener' Azure.Storage.Test.TestEventListener
9,Unutilized Abstraction,Azure.Core.Testing,TestEventListenerExtensions,D:\research\architectureSmells\repos\Azure_azure-sdk-for-net\sdk\core\Azure.Core\tests\TestFramework\TestEventListenerExtensions.cs,The tool detected the smell in this class because this class is potentially unused.   (Please ignore the smell if the reported class is auto-generated and/or used to serve a specific known purpose.)
10,Unutilized Abstraction,Azure.Core.Testing,TestRetryHelper,D:\research\architectureSmells\repos\Azure_azure-sdk-for-net\sdk\core\Azure.Core\tests\TestFramework\TestRetryHelper.cs,The tool detected the smell in this class because this class is potentially unused.   (Please ignore the smell if the reported class is auto-generated and/or used to serve a specific known purpose.)
11,Imperative Abstraction,Azure.Core.Testing,UseSyncMethodsInterceptor,D:\research\architectureSmells\repos\Azure_azure-sdk-for-net\sdk\core\Azure.Core\tests\TestFramework\UseSyncMethodsInterceptor.cs,The tool detected the smell in this class because it looks like that an operation is turned into a class. This class contains only the following public method: Intercept
12,Unutilized Abstraction,Azure.Core.Tests,ClientDiagnosticListener,D:\research\architectureSmells\repos\Azure_azure-sdk-for-net\sdk\core\Azure.Core\tests\TestFramework\ClientDiagnosticListener.cs,The tool detected the smell in this class because this class is potentially unused.   (Please ignore the smell if the reported class is auto-generated and/or used to serve a specific known purpose.)
13,Unnecessary Abstraction,Azure.Core.Tests,ProducedDiagnosticScope,D:\research\architectureSmells\repos\Azure_azure-sdk-for-net\sdk\core\Azure.Core\tests\TestFramework\ClientDiagnosticListener.cs,The tool detected the smell in this class because the class contains only a few data members without any method implementation' that indicates that the abstraction might not be required. Following fields and properties are declared in this class: Name' Activity' IsCompleted' Exception' Links
14,Unnecessary Abstraction,System.Diagnostics.CodeAnalysis,AllowNullAttribute,D:\research\architectureSmells\repos\Azure_azure-sdk-for-net\sdk\core\Azure.Core\src\Shared\NullableAttributes.cs,The tool detected the smell in this class because the class contains only a few data members without any method implementation' that indicates that the abstraction might not be required. Following fields and properties are declared in this class: 
15,Unutilized Abstraction,System.Diagnostics.CodeAnalysis,AllowNullAttribute,D:\research\architectureSmells\repos\Azure_azure-sdk-for-net\sdk\core\Azure.Core\src\Shared\NullableAttributes.cs,The tool detected the smell in this class because this class is potentially unused.   (Please ignore the smell if the reported class is auto-generated and/or used to serve a specific known purpose.)
16,Unnecessary Abstraction,System.Diagnostics.CodeAnalysis,DisallowNullAttribute,D:\research\architectureSmells\repos\Azure_azure-sdk-for-net\sdk\core\Azure.Core\src\Shared\NullableAttributes.cs,The tool detected the smell in this class because the class contains only a few data members without any method implementation' that indicates that the abstraction might not be required. Following fields and properties are declared in this class: 
17,Unutilized Abstraction,System.Diagnostics.CodeAnalysis,DisallowNullAttribute,D:\research\architectureSmells\repos\Azure_azure-sdk-for-net\sdk\core\Azure.Core\src\Shared\NullableAttributes.cs,The tool detected the smell in this class because this class is potentially unused.   (Please ignore the smell if the reported class is auto-generated and/or used to serve a specific known purpose.)
18,Unnecessary Abstraction,System.Diagnostics.CodeAnalysis,MaybeNullAttribute,D:\research\architectureSmells\repos\Azure_azure-sdk-for-net\sdk\core\Azure.Core\src\Shared\NullableAttributes.cs,The tool detected the smell in this class because the class contains only a few data members without any method implementation' that indicates that the abstraction might not be required. Following fields and properties are declared in this class: 
19,Unutilized Abstraction,System.Diagnostics.CodeAnalysis,MaybeNullAttribute,D:\research\architectureSmells\repos\Azure_azure-sdk-for-net\sdk\core\Azure.Core\src\Shared\NullableAttributes.cs,The tool detected the smell in this class because this class is potentially unused.   (Please ignore the smell if the reported class is auto-generated and/or used to serve a specific known purpose.)
20,Unnecessary Abstraction,System.Diagnostics.CodeAnalysis,NotNullAttribute,D:\research\architectureSmells\repos\Azure_azure-sdk-for-net\sdk\core\Azure.Core\src\Shared\NullableAttributes.cs,The tool detected the smell in this class because the class contains only a few data members without any method implementation' that indicates that the abstraction might not be required. Following fields and properties are declared in this class: 
21,Unutilized Abstraction,System.Diagnostics.CodeAnalysis,NotNullAttribute,D:\research\architectureSmells\repos\Azure_azure-sdk-for-net\sdk\core\Azure.Core\src\Shared\NullableAttributes.cs,The tool detected the smell in this class because this class is potentially unused.   (Please ignore the smell if the reported class is auto-generated and/or used to serve a specific known purpose.)
22,Unutilized Abstraction,System.Diagnostics.CodeAnalysis,MaybeNullWhenAttribute,D:\research\architectureSmells\repos\Azure_azure-sdk-for-net\sdk\core\Azure.Core\src\Shared\NullableAttributes.cs,The tool detected the smell in this class because this class is potentially unused.   (Please ignore the smell if the reported class is auto-generated and/or used to serve a specific known purpose.)
23,Unutilized Abstraction,System.Diagnostics.CodeAnalysis,NotNullWhenAttribute,D:\research\architectureSmells\repos\Azure_azure-sdk-for-net\sdk\core\Azure.Core\src\Shared\NullableAttributes.cs,The tool detected the smell in this class because this class is potentially unused.   (Please ignore the smell if the reported class is auto-generated and/or used to serve a specific known purpose.)
24,Unutilized Abstraction,System.Diagnostics.CodeAnalysis,NotNullIfNotNullAttribute,D:\research\architectureSmells\repos\Azure_azure-sdk-for-net\sdk\core\Azure.Core\src\Shared\NullableAttributes.cs,The tool detected the smell in this class because this class is potentially unused.   (Please ignore the smell if the reported class is auto-generated and/or used to serve a specific known purpose.)
25,Unnecessary Abstraction,System.Diagnostics.CodeAnalysis,DoesNotReturnAttribute,D:\research\architectureSmells\repos\Azure_azure-sdk-for-net\sdk\core\Azure.Core\src\Shared\NullableAttributes.cs,The tool detected the smell in this class because the class contains only a few data members without any method implementation' that indicates that the abstraction might not be required. Following fields and properties are declared in this class: 
26,Unutilized Abstraction,System.Diagnostics.CodeAnalysis,DoesNotReturnAttribute,D:\research\architectureSmells\repos\Azure_azure-sdk-for-net\sdk\core\Azure.Core\src\Shared\NullableAttributes.cs,The tool detected the smell in this class because this class is potentially unused.   (Please ignore the smell if the reported class is auto-generated and/or used to serve a specific known purpose.)
27,Unutilized Abstraction,System.Diagnostics.CodeAnalysis,DoesNotReturnIfAttribute,D:\research\architectureSmells\repos\Azure_azure-sdk-for-net\sdk\core\Azure.Core\src\Shared\NullableAttributes.cs,The tool detected the smell in this class because this class is potentially unused.   (Please ignore the smell if the reported class is auto-generated and/or used to serve a specific known purpose.)
28,Unutilized Abstraction,Azure.Storage.Test,ConsistencyTests,D:\research\architectureSmells\repos\Azure_azure-sdk-for-net\sdk\storage\Azure.Storage.Common\tests\ConsistencyTests.cs,The tool detected the smell in this class because this class is potentially unused.   (Please ignore the smell if the reported class is auto-generated and/or used to serve a specific known purpose.)
29,Unnecessary Abstraction,Azure.Storage.Test,HttpPipelineTests,D:\research\architectureSmells\repos\Azure_azure-sdk-for-net\sdk\storage\Azure.Storage.Common\tests\HttpPipelineTests.Logging.cs,The tool detected the smell in this class because the class contains only a few data members without any method implementation' that indicates that the abstraction might not be required. Following fields and properties are declared in this class: 
30,Unutilized Abstraction,Azure.Storage.Test,HttpPipelineTests,D:\research\architectureSmells\repos\Azure_azure-sdk-for-net\sdk\storage\Azure.Storage.Common\tests\HttpPipelineTests.Logging.cs,The tool detected the smell in this class because this class is potentially unused.   (Please ignore the smell if the reported class is auto-generated and/or used to serve a specific known purpose.)
31,Unutilized Abstraction,Azure.Storage.Test,TestResponseClassifier,D:\research\architectureSmells\repos\Azure_azure-sdk-for-net\sdk\storage\Azure.Storage.Common\tests\Shared\TestResponseClassifier.cs,The tool detected the smell in this class because this class is potentially unused.   (Please ignore the smell if the reported class is auto-generated and/or used to serve a specific known purpose.)
32,Unutilized Abstraction,Azure.Storage.Test,StorageConnectionStringTests,D:\research\architectureSmells\repos\Azure_azure-sdk-for-net\sdk\storage\Azure.Storage.Common\tests\StorageConnectionStringTests.cs,The tool detected the smell in this class because this class is potentially unused.   (Please ignore the smell if the reported class is auto-generated and/or used to serve a specific known purpose.)
33,Unutilized Abstraction,Azure.Storage.Test,StorageRequestFailedExceptionTests,D:\research\architectureSmells\repos\Azure_azure-sdk-for-net\sdk\storage\Azure.Storage.Common\tests\StorageRequestFailedExceptionTests.cs,The tool detected the smell in this class because this class is potentially unused.   (Please ignore the smell if the reported class is auto-generated and/or used to serve a specific known purpose.)
34,Unutilized Abstraction,Azure.Storage.Test,UtilityTests,D:\research\architectureSmells\repos\Azure_azure-sdk-for-net\sdk\storage\Azure.Storage.Common\tests\UtilityTests.cs,The tool detected the smell in this class because this class is potentially unused.   (Please ignore the smell if the reported class is auto-generated and/or used to serve a specific known purpose.)
35,Unutilized Abstraction,Azure.Storage.Tests,GeoRedundantReadPolicyTests,D:\research\architectureSmells\repos\Azure_azure-sdk-for-net\sdk\storage\Azure.Storage.Common\tests\GeoRedundantReadPolicyTests.cs,The tool detected the smell in this class because this class is potentially unused.   (Please ignore the smell if the reported class is auto-generated and/or used to serve a specific known purpose.)
36,Unutilized Abstraction,Azure.Storage.Tests,StorageResponseClassifierTests,D:\research\architectureSmells\repos\Azure_azure-sdk-for-net\sdk\storage\Azure.Storage.Common\tests\StorageResponseClassifierTests.cs,The tool detected the smell in this class because this class is potentially unused.   (Please ignore the smell if the reported class is auto-generated and/or used to serve a specific known purpose.)
37,Unutilized Abstraction,Azure.Storage.Test.Shared,DebuggingStream,D:\research\architectureSmells\repos\Azure_azure-sdk-for-net\sdk\storage\Azure.Storage.Common\tests\Shared\DebuggingStream.cs,The tool detected the smell in this class because this class is potentially unused.   (Please ignore the smell if the reported class is auto-generated and/or used to serve a specific known purpose.)
38,Unutilized Abstraction,Azure.Storage.Test.Shared,FaultyDownloadPipelinePolicy,D:\research\architectureSmells\repos\Azure_azure-sdk-for-net\sdk\storage\Azure.Storage.Common\tests\Shared\FaultyDownloadPipelinePolicy.cs,The tool detected the smell in this class because this class is potentially unused.   (Please ignore the smell if the reported class is auto-generated and/or used to serve a specific known purpose.)
39,Unutilized Abstraction,Azure.Storage.Test.Shared,FaultyHttpContent,D:\research\architectureSmells\repos\Azure_azure-sdk-for-net\sdk\storage\Azure.Storage.Common\tests\Shared\FaultyHttpContent.cs,The tool detected the smell in this class because this class is potentially unused.   (Please ignore the smell if the reported class is auto-generated and/or used to serve a specific known purpose.)
40,Unutilized Abstraction,Azure.Storage.Tests.Shared,MockStream,D:\research\architectureSmells\repos\Azure_azure-sdk-for-net\sdk\storage\Azure.Storage.Common\tests\Shared\MockStream.cs,The tool detected the smell in this class because this class is potentially unused.   (Please ignore the smell if the reported class is auto-generated and/or used to serve a specific known purpose.)
41,Unutilized Abstraction,Azure.Storage,SampleTest,D:\research\architectureSmells\repos\Azure_azure-sdk-for-net\sdk\storage\Azure.Storage.Common\tests\Shared\SampleTest.cs,The tool detected the smell in this class because this class is potentially unused.   (Please ignore the smell if the reported class is auto-generated and/or used to serve a specific known purpose.)
42,Unutilized Abstraction,Azure.Storage,TestExtensions,D:\research\architectureSmells\repos\Azure_azure-sdk-for-net\sdk\storage\Azure.Storage.Common\tests\Shared\TestExtensions.cs,The tool detected the smell in this class because this class is potentially unused.   (Please ignore the smell if the reported class is auto-generated and/or used to serve a specific known purpose.)
43,Deficient Encapsulation,Azure.Core.Testing,ClientValidation<TClient>,D:\research\architectureSmells\repos\Azure_azure-sdk-for-net\sdk\core\Azure.Core\tests\TestFramework\ClientTestBase.cs,The tool detected the smell in this class because the class exposes fields belonging to it with public accessibility. Following fields are declared with public accessiblity: Validated' ValidationException
44,Deficient Encapsulation,Azure.Core.Testing,ClientValidation<TClient>,D:\research\architectureSmells\repos\Azure_azure-sdk-for-net\sdk\core\Azure.Core\tests\TestFramework\ClientTestBase.cs,The tool detected the smell in this class because the class declares global (public static) fields. Following fields are declared with public static modifiers: Validated' ValidationException
45,Deficient Encapsulation,Azure.Core.Testing,RecordMatcher,D:\research\architectureSmells\repos\Azure_azure-sdk-for-net\sdk\core\Azure.Core\tests\TestFramework\RecordMatcher.cs,The tool detected the smell in this class because the class exposes fields belonging to it with public accessibility. Following fields are declared with public accessiblity: ExcludeHeaders' VolatileHeaders' VolatileResponseHeaders
46,Broken Modularization,Azure.Core.Tests,ProducedDiagnosticScope,D:\research\architectureSmells\repos\Azure_azure-sdk-for-net\sdk\core\Azure.Core\tests\TestFramework\ClientDiagnosticListener.cs,The tool detected the smell in this class because it contains only data members without any method implementation. Following fields and properties are declared in this class: Name' Activity' IsCompleted' Exception' Links
47,Broken Modularization,Azure.Storage.Test,SasConstants,D:\research\architectureSmells\repos\Azure_azure-sdk-for-net\sdk\storage\Azure.Storage.Common\tests\Shared\TestConstants.cs,The tool detected the smell in this class because it contains only data members without any method implementation. Following fields and properties are declared in this class: KeyObjectId' KeyTenantId' KeyService' KeyVersion' KeyValue' Protocol' Version' Account' Identifier' CacheControl' ContentDisposition' ContentEncoding' ContentLanguage' ContentType' AccountKey' StartTime' ExpiryTime' StartAddress' EndAddress' IPRange' KeyStart' KeyExpiry' SharedKeyCredential
48,Insufficient Modularization,Azure.Storage.Test,StorageConnectionStringTests,D:\research\architectureSmells\repos\Azure_azure-sdk-for-net\sdk\storage\Azure.Storage.Common\tests\StorageConnectionStringTests.cs,The tool detected the smell in this class becuase the class has bloated interface (large number of public methods). Total public methods in the class: 20 public methods
49,Rebellious Hierarchy,Azure.Core.Testing,MockRequest,D:\research\architectureSmells\repos\Azure_azure-sdk-for-net\sdk\core\Azure.Core\tests\TestFramework\MockRequest.cs,The tool detected the smell in this class because method(s) of this class reject the methods provided by its supertypes. The method(s) that reject the suptertype's method are: EnumerateHeaders' ToString
50,Rebellious Hierarchy,Azure.Core.Testing,MockResponse,D:\research\architectureSmells\repos\Azure_azure-sdk-for-net\sdk\core\Azure.Core\tests\TestFramework\MockResponse.cs,The tool detected the smell in this class because method(s) of this class reject the methods provided by its supertypes. The method(s) that reject the suptertype's method are: EnumerateHeaders
51,Rebellious Hierarchy,Azure.Core.Testing,MockTransport,D:\research\architectureSmells\repos\Azure_azure-sdk-for-net\sdk\core\Azure.Core\tests\TestFramework\MockTransport.cs,The tool detected the smell in this class because method(s) of this class reject the methods provided by its supertypes. The method(s) that reject the suptertype's method are: CreateRequest
52,Rebellious Hierarchy,Azure.Core.Testing,NonSeekableMemoryStream,D:\research\architectureSmells\repos\Azure_azure-sdk-for-net\sdk\core\Azure.Core\tests\TestFramework\NonSeekableMemoryStream.cs,The tool detected the smell in this class because method(s) of this class reject the methods provided by its supertypes. The method(s) that reject the suptertype's method are: Seek
53,Broken Hierarchy,Azure.Core.Testing,RecordedTestBase,D:\research\architectureSmells\repos\Azure_azure-sdk-for-net\sdk\core\Azure.Core\tests\TestFramework\RecordedTestBase.cs,The tool detected a potential instance of the smell because this type does not implement or override any method from it's supertype(s): Azure.Core.Testing.ClientTestBase
54,Broken Hierarchy,Azure.Storage.Test,CommonTestBase,D:\research\architectureSmells\repos\Azure_azure-sdk-for-net\sdk\storage\Azure.Storage.Common\tests\CommonTestBase.cs,The tool detected a potential instance of the smell because this type does not implement or override any method from it's supertype(s): Azure.Storage.Test.Shared.StorageTestBase
55,Broken Hierarchy,Azure.Storage.Test,StorageSharedKeyCredentialsTests,D:\research\architectureSmells\repos\Azure_azure-sdk-for-net\sdk\storage\Azure.Storage.Common\tests\StorageSharedKeyCredentialsTests.cs,The tool detected a potential instance of the smell because this type does not implement or override any method from it's supertype(s): Azure.Storage.Test.CommonTestBase
56,Rebellious Hierarchy,Azure.Storage.Test.Shared,DebuggingStream,D:\research\architectureSmells\repos\Azure_azure-sdk-for-net\sdk\storage\Azure.Storage.Common\tests\Shared\DebuggingStream.cs,The tool detected the smell in this class because method(s) of this class reject the methods provided by its supertypes. The method(s) that reject the suptertype's method are: Flush' Read' Seek' SetLength' Write' Dispose
57,Rebellious Hierarchy,Azure.Storage.Test.Shared,FaultyHttpContent,D:\research\architectureSmells\repos\Azure_azure-sdk-for-net\sdk\storage\Azure.Storage.Common\tests\Shared\FaultyHttpContent.cs,The tool detected the smell in this class because method(s) of this class reject the methods provided by its supertypes. The method(s) that reject the suptertype's method are: CreateContentReadStreamAsync' SerializeToStreamAsync
58,Rebellious Hierarchy,Azure.Storage.Test.Shared,FaultyStream,D:\research\architectureSmells\repos\Azure_azure-sdk-for-net\sdk\storage\Azure.Storage.Common\tests\Shared\FaultyStream.cs,The tool detected the smell in this class because method(s) of this class reject the methods provided by its supertypes. The method(s) that reject the suptertype's method are: CopyToAsync' Flush' FlushAsync' Seek' SetLength' Write' WriteAsync
59,Rebellious Hierarchy,Azure.Storage.Test.Shared,StorageRecordMatcher,D:\research\architectureSmells\repos\Azure_azure-sdk-for-net\sdk\storage\Azure.Storage.Common\tests\Shared\StorageRecordMatcher.cs,The tool detected the smell in this class because method(s) of this class reject the methods provided by its supertypes. The method(s) that reject the suptertype's method are: IsEquivalentUri' IsBodyEquivalent
60,Broken Hierarchy,Azure.Storage.Test.Shared,StorageTestBase,D:\research\architectureSmells\repos\Azure_azure-sdk-for-net\sdk\storage\Azure.Storage.Common\tests\Shared\StorageTestBase.cs,The tool detected a potential instance of the smell because this type does not implement or override any method from it's supertype(s): Azure.Core.Testing.RecordedTestBase
61,Rebellious Hierarchy,Azure.Storage.Tests.Shared,MockStream,D:\research\architectureSmells\repos\Azure_azure-sdk-for-net\sdk\storage\Azure.Storage.Common\tests\Shared\MockStream.cs,The tool detected the smell in this class because method(s) of this class reject the methods provided by its supertypes. The method(s) that reject the suptertype's method are: Flush' Read' Seek' SetLength' Write
