,col0,col1,col2,col3,col4,col5,col6
0,3,Career Readiness,"Key Field 1, Key Field 2, This is a longer key field value.","AL, AS",EdCounsel,"This is what occured

This is the note&nbsp; Link To CCSSO
",2017-03-06
1,4,"Assessment, Educator Workforce","Key Field 2, Key Field 3","AK, CO",Chiefs for Change,"This is a test entry with a link.
This is the link",2017-03-15
2,5,"Assessment, Educator Workforce",Key Field 2,AZ,Chiefs for Change,This is my sample note.&nbsp; This is a link to my sample doucment.,2017-03-16
3,6,"Assessment, English Language Learners",Key Field 2,AZ,"Achievement Network, Learning Policy Institute","Another test note. Lorem ipsum dolor sit amet, consectetur adipiscing elit. Curabitur placerat dui non nibh efficitur, at gravida justo dictum. Aliquam tincidunt turpis id libero dignissim, sit amet accumsan dolor vulputate. Suspendisse convallis quis nunc id rutrum. Proin dapibus a ex in tempor.&nbsp;",2017-03-26
4,7,Early Childhood Education,Key Field 2,"AK, AR, CO, AZ, DoDEA",Migration Policy Institute,"Curabitur maximus tempus diam efficitur fermentum. Suspendisse quis condimentum sapien. Maecenas ac commodo elit, tristique blandit erat. Quisque eu tellus nisl. Aliquam in volutpat odio. Donec nulla leo, blandit non sapien ac, suscipit faucibus arcu. http://www.ccsso.org",2017-03-18
5,8,"Assessment, Data and Information Systems","Key Field 2, Key Field 3","AL, MA, DoDEA","American Institutes for Research (AIR), DeliverED","Lorem ipsum dolor sit amet, consectetur adipiscing elit. Nullam ut neque semper, ultrices ligula sit amet, euismod nisl. Praesent volutpat, dolor nec hendrerit tristique, ante ligula auctor est, a rutrum massa justo id sem.",2017-03-17
6,9,Assessment,"Key Field 1, Key Field 2, Key Field 3","AK, GA, AS","Achievement Network, Chiefs for Change","Lorem ipsum dolor sit amet, consectetur adipiscing elit. Nullam ut neque semper, ultrices ligula sit amet, euismod nisl. Praesent volutpat, dolor nec hendrerit tristique, ante ligula auctor est, a rutrum massa justo id sem.",2017-03-17
7,10,Assessment,Key Field 2,"AS, GA, IL","Bellwether Education Partners, Education First",Note,2017-03-21
8,11,Early Childhood Education,Key Field 3,AZ,DeliverED,Note 2,2017-03-22
