,col0,col1,col2,col3,col4,col5,col6,col7
0,access_crossovered_budget,crossovered.budget,model_crossovered_budget,account.group_account_manager,1,0,0,0
1,access_account_budget_post,account.budget.post,model_account_budget_post,account.group_account_manager,1,0,0,0
2,access_account_budget_post_accountant,account.budget.post accountant,model_account_budget_post,account.group_account_user,1,1,1,1
3,access_crossovered_budget_accountant,crossovered.budget accountant,model_crossovered_budget,account.group_account_user,1,1,1,1
4,access_crossovered_budget_lines_accountant,crossovered.budget.lines accountant,model_crossovered_budget_lines,account.group_account_user,1,1,1,1
5,access_budget,crossovered.budget.lines manager,model_crossovered_budget_lines,base.group_user,1,1,1,0
