,col0,col1,col2,col3,col4,col5,col6,col7,col8,col9,col10,col11,col12,col13,col14,col15,col16,col17,col18,col19
0,e522d0a6-8fd1-11eb-924d-9cd76263cbd0,genus,Isidorea,,,A.Rich. ex DC.,"Q340247,Q123057",1830,,Prodr. 4: 405. 1830.,,,,,,34764-1,wfo-4000019243,2899605,,
1,6ea92530-8fca-11eb-924d-9cd76263cbd0,species,acunae,Isidorea,,(Borhidi) Borhidi,Q548434,1980,,Acta Bot. Acad. Sci. Hung. 26: 266 1980,,,,,,,wfo-0000217748,2899607,,
2,6eb6b2f4-8fca-11eb-924d-9cd76263cbd0,species,amoena,Isidorea,,A.Rich. ex DC.,"Q340247,Q123057",1830,,Prodr. 4: 406 1830,,,,,,753656-1,wfo-0000217749,2899623,,
3,6ec42812-8fca-11eb-924d-9cd76263cbd0,species,brachyantha,Isidorea,,Urb.,Q64845,1922,,Ark. Bot. 17(7): 57 1922,,,,,,130348-2,wfo-0000217750,2899626,,
4,6ed23542-8fca-11eb-924d-9cd76263cbd0,species,brachycarpa,Isidorea,,(Urb.) Aiello,"Q64845,Q8200247",1979,,J. Arnold Arbor. 60: 114 1979,,Q100559428,,,,130349-2,wfo-0000217751,2899609,,
5,6edfbdf2-8fca-11eb-924d-9cd76263cbd0,species,cubensis,Isidorea,,Standl.,Q1333160,1918,,N. Amer. Fl. 32: 15 1918,,,,,,130350-2,wfo-0000217752,2911243,,
6,6efb6142-8fca-11eb-924d-9cd76263cbd0,species,elliptica,Isidorea,,Alain,Q783158,1959,,Contr. Ocas. Mus. Hist. Nat. Colegio ''De La Salle'' 17: 4 1959,,,,,,130351-2,wfo-0000217754,2899615,,
7,6f093164-8fca-11eb-924d-9cd76263cbd0,species,gonavensis,Isidorea,,Aiello & Borhidi,"Q8200247,Q548434",1986,,Acta Bot. Hung. 32: 221 1986,,,,,,931353-1,wfo-0000217755,2899627,,
8,6f17319c-8fca-11eb-924d-9cd76263cbd0,species,leonardii,Isidorea,,Urb.,Q64845,1923,,Repert. Spec. Nov. Regni Veg. 19: 8 1923,,Q55753296,,,,130352-2,wfo-0000217756,2899611,,
9,6f252716-8fca-11eb-924d-9cd76263cbd0,species,leonis,Isidorea,,Alain,Q783158,1959,,Contr. Ocas. Mus. Hist. Nat. Colegio ''De La Salle'' 17: 5 1959,,,,,,130353-2,wfo-0000217757,2899616,,
10,6f3329ba-8fca-11eb-924d-9cd76263cbd0,species,leptantha,Isidorea,,Urb.,Q64845,1912,,Symb. Antill. 7: 391 1912,,,,,,130354-2,wfo-0000217758,2899628,,
11,6f40fd7e-8fca-11eb-924d-9cd76263cbd0,species,microphylla,Isidorea,,Borhidi,Q548434,1980,,Acta Bot. Acad. Sci. Hung. 26: 268 1980,,,,,,130355-2,wfo-0000217759,2899612,,
12,6f4e893a-8fca-11eb-924d-9cd76263cbd0,species,oblanceolata,Isidorea,,(Urb.) Aiello,"Q64845,Q8200247",1979,,J. Arnold Arbor. 60: 115 1979,,Q100559428,,,,130356-2,wfo-0000217760,2899617,,
13,6f5c5614-8fca-11eb-924d-9cd76263cbd0,species,ophiticola,Isidorea,,(Borhidi) Borhidi,Q548434,1980,,Acta Bot. Acad. Sci. Hung. 26: 267 1980 publ. 1981,,,,,,908996-1,wfo-0000217761,2899629,,
14,6f6a3676-8fca-11eb-924d-9cd76263cbd0,species,pedicellaris,Isidorea,,Urb. & Ekman,"Q64845,Q541549",1927,,Ark. Bot. 21A(5): 65 1927,,,,,,130358-2,wfo-0000217762,2899613,,
15,6f782c68-8fca-11eb-924d-9cd76263cbd0,species,polyneura,Isidorea,,(Urb.) Aiello,"Q64845,Q8200247",1979,,J. Arnold Arbor. 60: 115 1979,,Q100559428,,,,130359-2,wfo-0000217763,2899619,,
16,6f93a13c-8fca-11eb-924d-9cd76263cbd0,species,pungens,Isidorea,,(Lam.) B.L.Rob.,"Q82122,Q817600",1910,,Proc. Amer. Acad. Arts 45: 401 1910,,,,,,130360-2,wfo-0000217765,2899621,,
17,6fa16a56-8fca-11eb-924d-9cd76263cbd0,species,rheedioides,Isidorea,,Borhidi,Q548434,1977,,"Növenyrendsz. Novényföldr. Tansz., Eötvös Loránd Tudományegyet. Budapest 5: 37 1977",,,,,,896052-1,wfo-0000217766,2899606,,
18,6faf1fb6-8fca-11eb-924d-9cd76263cbd0,species,tetramera,Isidorea,,Urb. & Ekman,"Q64845,Q541549",1927,,Ark. Bot. 21A(5): 66 1927,,,,,,130361-2,wfo-0000217767,2899614,,
19,6fbd2796-8fca-11eb-924d-9cd76263cbd0,species,veris,Isidorea,,Ekman ex Aiello & Borhidi,"Q541549,Q8200247,Q548434",1986,,Acta Bot. Hung. 32: 222 1986,,,,,,931354-1,wfo-0000217768,2899625,,
