,col0,col1,col2,col3,col4,col5,col6,col7,col8,col9,col10,col11,col12,col13,col14,col15,col16,col17,col18,col19
0,e4564e8c-8fd1-11eb-924d-9cd76263cbd0,genus,Haemodorum,,,Sm.,Q458004,1798.0,,Trans. Linn. Soc. London 4: 213. 1798.,,Q55760688,,,,19465-1,wfo-4000016691,2765649,,
1,62517a2e-8fcc-11eb-924d-9cd76263cbd0,species,austroqueenslandicum,Haemodorum,,Domin,Q1109649,1915.0,,Biblioth. Bot. 85: 527 1915,,,,,,429720-1,wfo-0000434252,2765674,,
2,62525e58-8fcc-11eb-924d-9cd76263cbd0,species,brasiliense,Haemodorum,,(Nees & Mart.) Spreng.,"Q76349,Q77131,Q62829",1827.0,,Syst. Veg. 4(2): 24 1827,,,,62a20900-8fbb-11eb-924d-9cd76263cbd0,,429721-1,wfo-0000434259,2774330,,
3,6253b3f2-8fcc-11eb-924d-9cd76263cbd0,species,brevicaule,Haemodorum,,F.Muell.,Q708002,1858.0,,Fragm. 1: 64 1858,,,,,,429722-1,wfo-0000434267,2765663,,
4,6254972c-8fcc-11eb-924d-9cd76263cbd0,species,brevisepalum,Haemodorum,,Benth.,Q731808,1873.0,,Fl. Austral. 6: 420 1873,,,,,,429723-1,wfo-0000434274,2765675,,
5,6255f6b2-8fcc-11eb-924d-9cd76263cbd0,species,coccineum,Haemodorum,,R.Br.,Q155764,1810.0,,Prodr. Fl. Nov. Holl. 300 1810,,Q7247677,,,,429724-1,wfo-0000434282,2765651,,
6,62574e90-8fcc-11eb-924d-9cd76263cbd0,species,corymbosum,Haemodorum,,Vahl,Q353283,1805.0,,Enum. Pl. Obs. 2: 179 1805,,,,,,429725-1,wfo-0000434290,2765664,,
7,6258b5c8-8fcc-11eb-924d-9cd76263cbd0,variety,gracilescens,Haemodorum,corymbosum,Domin,Q1109649,1915.0,,Biblioth. Bot. 85: 528 1915,,,,,,,wfo-0000434294,2765652,,
8,6259dd4a-8fcc-11eb-924d-9cd76263cbd0,species,discolor,Haemodorum,,T.D.Macfarl.,Q5665130,1987.0,,in Fl. Australia 45: 464 1987,,,,,,932527-1,wfo-0000434301,2765666,,
9,625c2c9e-8fcc-11eb-924d-9cd76263cbd0,species,distichophyllum,Haemodorum,,Hook.,Q472639,1851.0,,Hooker's Icon. Pl. 9: t. 866 1851,,,,,,429726-1,wfo-0000434311,2765654,,
10,625f0018-8fcc-11eb-924d-9cd76263cbd0,species,edule,Haemodorum,,Lehm. ex Endl.,"Q62981,Q78605",1846.0,,Pl. Preiss. 2: 15 1846,,,,,,,wfo-0000434321,2765662,,
11,62617712-8fcc-11eb-924d-9cd76263cbd0,species,ensifolium,Haemodorum,,F.Muell.,Q708002,1858.0,,Fragm. 1: 64 1858,,,,,,429728-1,wfo-0000434330,2765676,,
12,626403d8-8fcc-11eb-924d-9cd76263cbd0,species,flaviflorum,Haemodorum,,W.Fitzg.,Q6167753,1918.0,,J. Proc. Roy. Soc. Western Australia 3: 128 1918,,,,,,429729-1,wfo-0000434339,2765658,,
13,62667ea6-8fcc-11eb-924d-9cd76263cbd0,species,gracile,Haemodorum,,T.D.Macfarl.,Q5665130,1987.0,,in Fl. Australia 45: 464 1987,,,,,,932528-1,wfo-0000434348,2765667,,
14,6268d9b2-8fcc-11eb-924d-9cd76263cbd0,species,laxum,Haemodorum,,R.Br.,Q155764,1810.0,,Prodr. Fl. Nov. Holl. 300 1810,,Q7247677,,,,429730-1,wfo-0000434355,2765678,,
15,626b1f4c-8fcc-11eb-924d-9cd76263cbd0,species,leptostachyum,Haemodorum,,Benth.,Q731808,1873.0,,Fl. Austral. 6: 423 1873,,,,,,429731-1,wfo-0000434363,2765657,,
16,626d4f2e-8fcc-11eb-924d-9cd76263cbd0,species,longifolium,Haemodorum,,W.Fitzg.,Q6167753,1918.0,,J. Proc. Roy. Soc. Western Australia 3: 127 1918,,,,,,429732-1,wfo-0000434370,2765677,,
17,626fe022-8fcc-11eb-924d-9cd76263cbd0,species,loratum,Haemodorum,,T.D.Macfarl.,Q5665130,1987.0,,in Fl. Australia 45: 464 1987,,,,,,932529-1,wfo-0000434378,2765655,,
18,627277a6-8fcc-11eb-924d-9cd76263cbd0,species,paniculatum,Haemodorum,,Lindl.,Q378629,1839.0,,Sketch Veg. Swan R. 44 1839,,,,,,429733-1,wfo-0000434388,2765668,,
19,62751ac4-8fcc-11eb-924d-9cd76263cbd0,species,parviflorum,Haemodorum,,Benth.,Q731808,1873.0,,Fl. Austral. 6: 123 1873,,,,,,429734-1,wfo-0000434399,2765656,,
20,627795ec-8fcc-11eb-924d-9cd76263cbd0,species,planifolium,Haemodorum,,R.Br.,Q155764,1810.0,,Prodr. Fl. Nov. Holl. 300 1810,,Q7247677,,,,429735-1,wfo-0000434408,2765670,,
21,6278bd82-8fcc-11eb-924d-9cd76263cbd0,species,polycephalum,Haemodorum,,Endl.,Q78605,1846.0,,Pl. Preiss. 2: 16 1846,,,,,,429736-1,wfo-0000434415,2765660,,
22,627a9058-8fcc-11eb-924d-9cd76263cbd0,species,simplex,Haemodorum,,Lindl.,Q378629,1839.0,,Sketch Veg. Swan R. 44 1839,,,,,,429737-1,wfo-0000434423,2765659,,
23,627cc030-8fcc-11eb-924d-9cd76263cbd0,species,simulans,Haemodorum,,F.Muell.,Q708002,1871.0,,Fragm. 7: 117 1871,,,,,,,wfo-0000434429,2765671,,
24,627d8588-8fcc-11eb-924d-9cd76263cbd0,species,sparsiflorum,Haemodorum,,F.Muell.,Q708002,1871.0,,Fragm. 7: 117 1871,,,,,,,wfo-0000434434,2765650,,
25,627efaa8-8fcc-11eb-924d-9cd76263cbd0,species,spicatum,Haemodorum,,R.Br.,Q155764,1810.0,,Prodr. Fl. Nov. Holl. 300 1810,,Q7247677,,,,429740-1,wfo-0000434439,2765661,,
26,62810334-8fcc-11eb-924d-9cd76263cbd0,species,strictum,Haemodorum,,Endl.,Q78605,1846.0,,Pl. Preiss. 2: 15 1846,,,,,,429741-1,wfo-0000434447,2765669,,
27,628263fa-8fcc-11eb-924d-9cd76263cbd0,species,subvirens,Haemodorum,,F.Muell.,Q708002,1858.0,,Fragm. 1: 63 1858,,,,,,429742-1,wfo-0000434452,2765653,,
28,62840552-8fcc-11eb-924d-9cd76263cbd0,species,tenuifolium,Haemodorum,,A.Cunn. ex Benth.,"Q545888,Q731808",1873.0,,Fl. Austral. 6: 423 1873,,,,,,429743-1,wfo-0000434459,2765672,,
29,628687f0-8fcc-11eb-924d-9cd76263cbd0,species,teretifolium,Haemodorum,,R.Br.,Q155764,1810.0,,Prodr. Fl. Nov. Holl. 300 1810,,Q7247677,,,,429744-1,wfo-0000434466,2765665,,
30,62878812-8fcc-11eb-924d-9cd76263cbd0,species,venosum,Haemodorum,,T.D.Macfarl.,Q5665130,1987.0,,in Fl. Australia 45: 464 1987,,,,,,932530-1,wfo-0000434473,2765673,,
31,08f7015a-8fcd-11eb-924d-9cd76263cbd0,species,arboreum,Haemospermum,,Reinw. ex Blume,"Q63165,Q76816",,,Bijdr. 1018 1827,,,,,,546488-1,wfo-0000714169,4018870,,
32,08f71d8e-8fcd-11eb-924d-9cd76263cbd0,species,moluccanum,Haemospermum,,Zipp. ex Blume,"Q2643365,Q76816",1850.0,,Mus. Bot. 1: 240 1850,,,,,,546489-1,wfo-0000714170,4018863,,
