,col0,col1,col2,col3,col4,col5,col6,col7,col8,col9,col10
0,659695,story,,,4,0,rarrrrrr,Fall in 2009 Global Food Production ,http://www.globalresearch.ca/index.php?context=viewArticle&code=DEC20090210&articleId=12252,,1245135451
1,659694,comment,659642.0,659668.0,0,0,enomar,,,Someone in the TC comments suggests that it's a joke.  Perhaps it's to remind people of a search initiative?,1245135166
2,659693,story,,,2,1,omarv,Ask HN: Recommended visualization software?,,Can anyone recommend inexpensive (or free) visualization software like iRise? Or some program that can help non-programmers create flows and business logic for websites mock-ups?,1245135102
3,659690,comment,659642.0,659642.0,0,0,brooksbp,,,"The only thing I object to is the lack of privacy.  In a cube, I am not distracted by outside motion.  At those desks, it would be near impossible to get in the zone in a room that huge.",1245135053
4,659689,comment,659271.0,659271.0,0,0,shimi,,,"If MS would have enforce such a strict policy on Windows, imagine how many stability and security issues would have been solved in an instance.<p>But this is just a pipe dream, there is no way MS would be let to get away with such practices, on the other hand Apple are well with in their right to do so.",1245135028
5,659688,comment,658770.0,658770.0,0,0,lacker,,,"Appjet shut down, you know. So there isn't even a good web app that lets you do what appjet used to let you do!",1245135004
6,659687,comment,658482.0,658528.0,0,0,lacker,,,Once there was this project which increased Google's ad revenues by 1.5%....,1245134898
7,659686,comment,659506.0,659506.0,0,0,fauigerzigerk,,,"I got 99% ""yes"" even though I'm almost certain that my idea is not viable in its current form. None of the questions even touched on the hairy issues. This is probably not the kind of question that's suitable for hunch.<p>I did another quiz asking where I should go on vacation. That lead to an interesting result. I should go to Tokyo. Next time I'm going to ask whether my startup idea can succeed in Tokyo. If it says no, but it could work in Shanghai, I think I'm hooked ;-)",1245134860
8,659685,comment,659589.0,659589.0,0,0,johnnybgoode,,,"Arrington is wrong, because he's said something along the lines of, ""Hey I support free speech but Holocaust denial is so bad that I make an exception."" Be consistent, Mike. Free speech isn't just for the stuff you like. If you're against free speech, just say so.<p>Facebook is wrong if they think this is a First Amendment issue. It's not. They are well within their rights to remove any comments that deny the Holocaust. However, it seems inconsistent for them to call pictures of breastfeeding mothers ""offensive"" and remove them if they're going to allow Holocaust denial on their site.",1245134712
9,659684,comment,659428.0,659504.0,0,0,elai,,,"And get paid western wages.  If you live in thailand you get paid thailand wages, and thailand connections for the most part, which are locally adjusted for the cost of living downwards.",1245134660
10,659683,comment,659428.0,659607.0,0,0,gexla,,,"I do it.  My base expenses are less than $500 / month in the Philippines.<p>10,000 furnished apartment.\n~5,000 food\n~2,500 visa\n~1,300 internet\n~1,200 electricity<p>Total: 20,000 / 47.5 = $421<p>I'm probably forgetting some things.  There are misc expenses which would bring me up to the $500.<p>That's not to say I actually live here for that though.  Those are my actual expenses and I can get by with just those but I choose to have a little more fun.  Beer is really cheap here but it adds up if you go out a lot.  A 1/4 lb McD's meal is 135 pesos, so your expenses go up if you eat out a lot.<p>You can nearly cut that rent fee in half if you go for an unfurnished apartment but you have to pay more initially to put in your own furnishing.<p>You won't be traveling on a budget that low but you have to leave the country once every 16 months (I think) for a visa run if you are on a tourist visa.<p>Another big one is taxes.  So if you are running your own business then you have to make $500 / month after taxes.<p>I would say that $750 is a pretty decent figure for a single person not living high on the hog.  As the article mentions, for $4,000 / month you can live like a king.<p>Anything I'm forgetting?<p>ETA:  This is for Dumaguete in the Philippines.  Cebu is more expensive and Manila is more expensive than Cebu.<p>ETA2:  I didn't add local travel expenses because if you stay in Dumaguete for a decent amount of time you might as well buy a motorcycle for around PHP 40,000.  Gas is cheap because you don't use much.  Dumaguete has banned taxis so your only option is a trike which typically costs a total of PHP 60 to go downtown and back.",1245134643
11,659682,comment,659498.0,659638.0,0,0,CrazedGeek,,,"Pidgin has a plugin that supports it, Adium has it built-in, and Meebo and Digsby officially support it.",1245134570
12,659681,story,,,1,0,seer,"Sex, Evolution, and User Ratings",http://visitmix.com/Opinions/Sex-Evolution-and-User-Ratings,,1245134550
13,659679,comment,659386.0,659386.0,0,0,mjr578,,,I thought perhaps it would work with the iPhone but that does not seem to be the case. Looks pretty neat and simple. As others have said similar to userfly.com.,1245134115
14,659678,comment,659040.0,659447.0,0,0,stcredzero,,,"I'd love an electric with 100 mile range, provided recharging after partial discharge didn't compromise battery life.  That would suit me just fine.  Once economy of scale starts working with the battery tech, this will work out better economically for a large fraction of consumers.<p>Even better, EVs with 100 mile range and an optional petro fuel or propane generator module to turn it into a series hybrid on long trips.  I only need the long-range capability of an internal combustion engine occasionally.  Why do I want to pay for the overhead of hauling such equipment around when I'm just commuting or running to the store?  Essentially, that's what many of us do with our internal combustion cars.  We drive a heavier, noisier, over-capable long range vehicle that's less appropriate for the short neighborhood trip, just so we have the long range capability available, even though we use it only occasionally.",1245134066
15,659677,comment,659642.0,659642.0,0,0,spitfire,,,"I honestly cannot imagine a worse place to work. \nOpen space equals no privacy and no place to sit and consider difficult problems. I get a very childish, highschoolish sense from that video.<p>Also, where are the old people? I can assure you people over 30 have a good amount of experience and knowledge they can contribute to a business like that. It's through old people who say ""Oh yes, this problem is exactly the same as they used to have in shipping goods on old trains, look in this book for the optimal answer, Brunel figured it out in 1840""\nthat you can short circuit the learning process and gain an edge.<p>Or in simpler words, you gain perspective. The very thing that all the dotcoms are shouting about.",1245133924
16,659676,comment,659642.0,659642.0,0,0,vaksel,,,that office space has zero personality,1245133912
17,659675,comment,659271.0,659546.0,0,0,gommm,,,I've always thought that the only difference between microsoft and apple on the point of view of behavior when keeping a monopoly is that apple hadn't been successful enough to actually be as aggressive as microsoft,1245133896
18,659674,comment,658688.0,658908.0,0,0,tdm911,,,"Does the T400 actually match IBM's claims though? My understanding is that the new sealed battery MB & MBP models achieve the number quoted by Apple, which is generally a rarity in notebook battery claims.",1245133823
19,659673,comment,659271.0,659492.0,0,0,redcap,,,"To be totally honest, I had to look up what tethering meant today as I had no idea what the term meant.<p>Disclaimer: The closest I own to a smart phone is one of these email/phone/web devices they sell in Japan that has a pita interface to use.",1245133783
20,659672,comment,659485.0,659485.0,0,0,webwright,,,"Just a thought-- you should tell more about yourself and provide links to places where people can vet you a bit.  Right now, this is akin to a personals ad saying, ""Looking for a wife.  I've had a great relationship in the past.  Please send me pictures and some detail about your last 4 or 5 relationships.""<p>Sounds like an interesting project-- g'luck with it and with the co-founder hunt!",1245133771
21,659671,comment,659303.0,659563.0,0,0,patio11,,,"Previously, in a comment on my blog, he mentioned that Bingo Card Creator has a higher conversion rate by ""more than an order of magnitude"" from him, which would imply his donation rate was at the time below .2%<p>He prefers to be circumspect with regards to exactly how much money he makes.  As I respect his privacy, I will not elaborate further on my earlier comment that he does quite well with donations.",1245133763
22,659669,comment,659647.0,659647.0,0,0,SwellJoe,,,"When I was very young, I told my parents and sister quite detailed stories about living in California on a ranch (I was born in South Carolina and didn't visit CA until I was in high school, and had never seen or visited a ranch).  My ""recollections"" were reportedly uncannily specific and realistic.  My sister was convinced it was only explainable by reincarnation.<p>Nonetheless, I don't believe in reincarnation.",1245133605
23,659668,comment,659642.0,659642.0,0,0,rw,,,"Creepy:<p>> ""Notice: work areas subject to search""<p><a href=""http://www.techcrunch.com/wp-content/uploads/2009/06/img_4089.jpg"" rel=""nofollow"">http://www.techcrunch.com/wp-content/uploads/2009/06/img_408...</a>",1245133492
24,659667,comment,658489.0,658733.0,0,0,Tichy,,,"Slightly related to HN: I liked the book ""How to change your life in 7 steps"" by John Bird. He is the founder of ""The Big Issue"", a newspaper the homeless sell in Britain. It  is rather short, but talks about the issues of working with homeless people.<p>One snippet I found interesting is that many would invent fake drama stories about why they ended up being homeless (""my wife and children died""), to cover up their own failure.<p><a href=""http://www.amazon.com/CHANGE-YOUR-STEPS-QUICK-READS/dp/0091907039/"" rel=""nofollow"">http://www.amazon.com/CHANGE-YOUR-STEPS-QUICK-READS/dp/00919...</a>",1245133434
25,659666,comment,659271.0,659294.0,0,0,lacker,,,"<i>The iPhone is a terrible platform for the vast, vast majority of developers.</i><p>No. You want a terrible platform, you try writing software for the Nokia platform. Or heck, try any other phone platform besides the iPhone. It's not a coincidence more apps are sold for the iPhone than for any other platform.<p>Apple has provided the best user experience and has the most users who are willing to buy apps. They are doing you a great service by allowing third party apps and promoting apps that hit their ""best of"" lists for free. Just because the experience isn't perfect doesn't mean Apple is ""fucking over iPhone devs"".",1245133426
26,659665,comment,659589.0,659589.0,0,0,anigbrowl,,,"SO much fucking bullshit. The 1st amendment says that CONGRESS shall make no law limiting freedom of speech. Facebook isn't the congress, it's a private company; one which apparently thinks the revenue from a few neanderthal racists outweighs that which might be lost from people who take offense. Facebook can do what they want, just as PG can wipe my account for swearing on HN if he sees fit. They own their site, which now includes playing host to a bunch of Nazis, most of whom would be happy to see Mark Zuckerberg die because of his surname.<p>I fucking hate September. GTFO my lawn.",1245133293
27,659664,story,,,3,0,jollojou,Presentation: The Science of Computing and the Engineering of Software,http://www.infoq.com/presentations/tony-hoare-computing-engineering,"Sir Tony Hoare discusses the relationship between the science of computing and the engineering of software. First, he looks at the general concerns of science (e.g. long term, ideal, formality) and engineering (e.g. short-term, adequacy, and dependability) before delving on the interdependencies of the two viewpoints. He concludes with a vision of what software will be like: ""Someday ..."".",1245133277
28,659663,comment,659304.0,659575.0,0,0,izaidi,,,"You're right in that technology hasn't done much to fuel the uprising itself, but with mainstream media outlets utterly failing to do their job, blogs and Twitter have proven to be pretty useful for disseminating information and making the world aware of what's happening.",1245133084
29,659662,comment,659271.0,659484.0,0,0,lacker,,,"I really can't understand why so many people are angry about the app store. No other company has managed to put together a market for phone software of comparable size and ease of development. Nokia, Windows Mobile, Blackberry, Android, Palm, they are all trying but failing to create a user experience within striking distance of the iPhone app store.<p>So how can you complain?? If it weren't for Apple it would be orders of magnitude harder to make money on phone software.",1245133020
30,659661,comment,659271.0,659561.0,0,0,GHFigs,,,"<i>I am not sure why you think its not true or nonsensical by any means.</i><p>It's a very simple point: there is a difference in the rights you have over hardware and software just as there is a difference in the rights you have over a book and the contents of the book.  Pretending that the rules of one should apply to the other is nonsensical.<p>The reason this distinction is important is that many people claim that Apple is impinging upon their rights with the restrictions built into the OS, but they don't actually <i>have</i> any rights over the OS and ownership of the hardware does not grant them any. By analogy, owning a book does not grant you any rights over the copyrighted contents.  People readily understand the latter, but seem to violently reject the former.<p><i>All they should do is void warranty if someone tempers with the OS.</i><p>That <i>is</i> all they do.  Why would you think otherwise?",1245132865
31,659660,comment,659303.0,659634.0,0,0,tomjen,,,"It doesn't reflect the value of a wordpress plugin, since the value of an item is the most the market will pay for it before going for an alternative.<p>The only thing this price means is that it is difficult to make money by giving away stuff for free.",1245132726
32,659659,comment,659271.0,659378.0,0,0,lacker,,,<i>Based on the stories I've read online it does sound like Apple isn't handling their iPhone app store well.</i><p>Those stories are the worst experiences and are not representative of the majority of iPhone development. The Apple app store is handled worlds better than any other phone. No other platform is even usable to the extent that you see people complain about it.,1245132681
33,659658,comment,659279.0,659279.0,0,0,scorpioxy,,,"I used to have an OO spreadsheet for that, but that quickly became cumbersome to use. Then i switched to a new application called wxbanker. It's quite limited in functionality for now, but that's how i like my application. Easy to use, easy to extend.",1245132579
34,659657,comment,658099.0,659358.0,0,0,johnnybgoode,,,"<i>I'm simply declaring an inflection point, a local maximum, around representative democracy.</i><p>What are the two forms on either side of the local maximum? If I understand you correctly, you're saying both of them are worse than representative democracy.<p><i>As a libertarian, I'd love to see more forms of government tried.</i><p>As a libertarian, wouldn't you have to require the <i>unanimous</i> consent of the governed to find a representative democracy acceptable?",1245132548
35,659656,comment,658916.0,659021.0,0,0,csbartus,,,"> people are confused because the sign up page looks like a log in page because it is so short. You can not log in to Tomorrow Market with any password.<p>That was the case. The title suggested if I login with my HN credentials I'll benefit ""inifinite private beta spots"". I login with my HN username and fake password which worked.<p>Then I was alerting HN users do not use their real credentials. And got my karma downvoted :D",1245132512
36,659655,comment,659647.0,659647.0,0,0,kevbin,,,Just wait until the Chrysler and GM reincarnations reach federal court.,1245132489
37,659654,comment,659189.0,659602.0,0,0,snprbob86,,,I don't think the project is public. I think it was highly dependent on internal infrastructure.,1245132176
38,659653,comment,657796.0,658371.0,0,0,madair,,,It's called Solidarity.,1245132173
39,659652,comment,658916.0,659212.0,0,0,csbartus,,,yes and it was working fine!,1245132169
40,659650,comment,658489.0,658489.0,0,0,Tichy,,,Don't they have social welfare in the Sims 3?,1245132121
41,659649,comment,659271.0,659478.0,0,0,nostrademons,,,I'm kinda curious how Apple would respond if someone <i>did</i> come up with a custom bootloader and OS that worked on the iPhone...<p>Ah well.  There's always Android.,1245132061
