,col0,col1,col2,col3,col4,col5,col6,col7,col8,col9,col10
0,2054685,comment,2050797.0,2052998.0,0,0,babeKnuth,,,"hi berntb,<p>you say ""Also, I noted it is easy to give examples where other countries are much worse, without Chomsky or anyone else caring"". if you watch the videos i mentioned you will get the reply you are looking for to this question and see that this claim is completely false.<p>thus also false is the claim of propaganda. all i can say is ""watch the vids"", and until you do there is no point in constantly repeating the above talking point since it's CLEARLY addressed and refuted in the vids mentioned.<p>again, now you're getting into the ""hidden intentions"" thing which is completely irrelevant with regards to my not being a fan of chomsky. all i can say is that the world is a complex place, some things i agree with and some things i disagree with. for me to say i'm a ""fan"" of chomsky is probably as (in)valid as saying that i'm ""not a fan"" of chomsky.",1293775169
1,2054683,comment,2053997.0,2054472.0,0,0,hboon,,,"What about what Rovio, the developers of Angry Birds faced? <a href=""http://www.rovio.com/index.php?mact=Blogs,cntnt01,showentry,0&cntnt01entryid=47&cntnt01returnid=58"" rel=""nofollow"">http://www.rovio.com/index.php?mact=Blogs,cntnt01,showentry,...</a>",1293775120
2,2054682,comment,2054521.0,2054674.0,0,0,richcollins,,,It's not a bad thing if they were bad investments to start with.  Mal-investment creates bubbles.,1293775090
3,2054681,comment,2054521.0,2054521.0,0,0,trotsky,,,"It's not very surprising that new investment into funds would tick down a bit in 2009, the year they are discussing. These investments aren't made on the spur of the moment, and the planning period of 2008-2009 was dead in the middle of the largest economic downturn in 80 years. All sorts of people took money off the table while they watched to see what would happen. It's actually more surprising that they point out various metrics that ""hadn't been this low"" since 99/97 etc - those were of course grand days for venture capitalists.<p>The article notes an uptick in 2010. With all of the stories about money chasing deals, big early valuations and term sheets being brought to first meetings, I'd bet that uptick is probably a bit more than slight.<p>The effect of individuals bypassing funds and investing directly in early rounds shouldn't be overlooked. The article is very dismissive of the practice, but it is taking its queues from research done by an association with venture capital in it's name...",1293775089
4,2054680,comment,2054521.0,2054521.0,0,0,btilly,,,"If all else were equal, I would agree.  Less money to invest means less money invested.<p>However the cost of doing a startup has also gone down.  By more than the availability of venture capital.  Therefore more startups can get going.  Also companies like Facebook and Google have more willingness than companies had in the past to buy small companies that otherwise might be looking for venture capital.<p>When you put these factors in, it is not at all clear to me that the situation is worse for entrepreneurs.",1293775083
5,2054679,comment,2054428.0,2054659.0,0,0,pyre,,,"The choice bits:<p><pre><code>  > During this time Makwana had root access to all of the main\n  > systems, credentials which the company failed to revoke until\n  > the evening of the day of his layoff.\n\n  > His intention was nothing short of replacing the entire financial\n  > data, including the backups, from all of the company's production\n  > servers, with zeroes.\n\n  > the admin appended malicious code to a legitimate script, leaving\n  > a page-worth of blank lines between the two in order to avoid\n  > detection.\n\n  > Had this malicious script executed, engineers expect it would\n  > have caused millions of dollars of damage and reduced if not\n  > shutdown operations at Fannie Mae for at least one week.</code></pre>",1293775071
6,2054677,comment,2054428.0,2054613.0,0,0,tbrownaw,,,"Or they have an automated system that has root access to everything (say, to push config changes), and he had access to that system, or he had a way to crash/corrupt their SAN, or they only do black-box testing and not full code reviews (and the next guy to get assigned a bug in that same program found it), or they have code reviews that can be dodged with faked documentation, or...",1293775022
7,2054676,comment,2053956.0,2053956.0,0,0,Luyt,,,"The combination of CherryPy, memcache, oursql and DBUtils. This is a kind of lean and mean Python webapp stack.",1293775017
8,2054675,comment,2053228.0,2053228.0,0,0,emilepetrone,,,"BBC video on chip & pin findings: <a href=""http://www.youtube.com/watch?v=_yyfcHSXZLc"" rel=""nofollow"">http://www.youtube.com/watch?v=_yyfcHSXZLc</a>",1293774952
9,2054674,comment,2054521.0,2054521.0,0,0,todd101scout,,,"Several people have remarked that this doesn't seem to be affecting technology entrepreneurship much, which seems true from what I've seen of software technology startups in my area.  However, not being able to get funding profoundly impacts other types of startups that have higher initial/research/production costs: green energy, manufacturing, basically anything that isn't just a website and iPhone app.  And that's really a bad thing, because it seems that far too many entrepreneurs are now going the cool webapp/facebook plugin route because there's a seemingly high potential for profit in the area.  But honestly, we need non-software startups too, and for that we need venture capital!",1293774929
10,2054673,comment,2052852.0,2054108.0,0,0,rbranson,,,"It's not as lop-sided as this article might have you believe and has largely been mitigated as of late. This is because Cassandra uses read repair, which is a big component of it's strategy to make both reads and writes to scale linearly while also ensuring durability.<p>What is your suggestion otherwise? Any distributed database that is going to be inexpensive, performant, scalable, and durable will need to use some kind of quorum read repair system. Riak, Voldemort, and Dynamo all use read repair with high levels of production success.",1293774911
11,2054672,story,,,3,0,XH,Undesigned: The Symbiotic Relationship Of Steve Jobs And Jonathan Ive,http://www.npr.org/blogs/alltechconsidered/2010/12/30/132477388/undesigned-the-symbiotic-relationship-of-steve-jobs-and-jonathan-ive?sc=fb&cc=fp,,1293774880
12,2054671,comment,2054431.0,2054635.0,0,0,shazow,,,"I was trying to benchmark the actual speed of updating the canvas, in hopes that it was doing something clever behind the scenes. I can see that it's not a fair comparison, but a fair comparison is completely redundant with grid_array_1d (except a needlessly larger array).",1293774753
13,2054670,comment,2053956.0,2054177.0,0,0,nsm,,,"I'm doing something pretty similar to rumpetroll (it is fully functional rumpetroll now, but we will add more features) using Backbone Model View Collections as my 'Sprites'. The code isn't public yet, but me and a friend have some plans for it. The only thing different is that we've completely dropped use of Backbone.sync, for the sole reason that the method based approach does not fit very cleanly into what we are doing and websockets. So we have one model as a 'dispatcher' instead, to which all models send messages which are transmitted over websockets. All sprites communicate via attribute change events which is a really good use of Backbone. On the server a tiny node.js wrapper uses Redis pub-sub to relay messages out to other clients.<p>The code is 'out there' but private, so if you want to take a peek at it, please contact me directly.<p>Thanks for a great framework.",1293774713
14,2054669,comment,2053962.0,2054251.0,0,0,gtcode,,,"This makes sense, thanks.  No, I do not have it, but I am going to look into it.<p>May I ask how much you pay for yours, and what kind of coverage does it provide?  Just looking for some type of baseline.  Any recommendations on insurance companies to research?",1293774692
15,2054668,comment,2053952.0,2054571.0,0,0,zavulon,,,I guess one of their goals is to change this stigma by having more legitimate Nigerian online presence,1293774673
16,2054667,comment,2054428.0,2054428.0,0,0,ja27,,,"41 months seems exceptionally high given that it was discovered before execution. It would take me an hour to dig it all up, but there are federal sentencing guidelines based on the dollar amount of damages. I don't think they take potential damages into account.",1293774605
17,2054666,comment,2054431.0,2054637.0,0,0,shazow,,,"Ah, you're right about that! I'll fix it when I have a chance, though it wont affect the performance.<p>You're welcome to clone the repo, make changes, and run the tests yourself (just open index.html in a browser).<p>I was surprised too, but my rationalization is that the engine has been very optimized towards DOM-like operations for the past decade that doing math is comparatively slower. And another thing could be is that the 2d array could be effectively partitioning the space that the engine has to search in case it's doing something stupid underneath.<p>One day when I'm brave enough I'll look into the V8 code for arrays and objects.",1293774596
18,2054665,comment,2054521.0,2054617.0,0,0,smokey221,,,"We need to remember that Ruby on Rails is still a relatively obscure technology in the grand scheme of things. The average CS grad straight out of college does not know RoR. Most of them are looking for jobs with Java, PHP or some other language they learned in school. The demand for Ruby on Rails developers is greater than the supply. I don't think it has anything to do with VC funding.",1293774590
19,2054664,comment,2053642.0,2053642.0,0,0,lazy_nerd,,,I am part of a b2b software startup. Please get in touch with me - you can find my email address in my profile.,1293774590
20,2054663,comment,2053197.0,2054565.0,0,0,chipsy,,,"Yes and no. The world is a lot more populated, but also increasingly urban, which by its nature(more communication and transportation services in town) means a larger proportion of people are easy to access.<p>As well, the proliferation of cell phones into rural areas is a inestimable breakthrough in communication. We've only started to see the impact of this.",1293774569
21,2054662,comment,2054559.0,2054559.0,0,0,todd101scout,,,"ah, but did it outperform Amazon? :)",1293774517
22,2054661,story,,,1,2,StevenHodson,"When Apple figures out social networking, and they will, they’ll make a killing",http://www.inquisitr.com/94301/when-apple-figures-out-social-networking-and-they-will-theyll-make-a-killing/,,1293774494
23,2054660,comment,2054521.0,2054521.0,0,0,mycroftiv,,,"The majority of the statistical data used to support the article's thesis is from 2009. The effects of the financial crisis of 2008 obviously had a major impact on investment decisions and results. If we choose a different metric for how to measure the opportunities for entrepreneurs, real world economic potential, the ongoing growth trends of social networking services, new internet based businesses like Groupon, and the explosion of mobile device app markets demonstrate that tech sector investments still have massive upside potential.",1293774484
24,2054659,comment,2054428.0,2054613.0,0,0,blinkingled,,,"More info here - <a href=""http://news.softpedia.com/news/Rogue-IT-admin-Close-to-Shutting-Down-Mortgage-Giant-103292.shtml"" rel=""nofollow"">http://news.softpedia.com/news/Rogue-IT-admin-Close-to-Shutt...</a>",1293774476
25,2054657,comment,2051288.0,2051288.0,0,0,davidj,,,"turn on mysql connection pooling and install Google Web Accelerator, you'll have to switch to apache to do Google Web Accelerator though.",1293774431
26,2054656,comment,2054521.0,2054630.0,0,0,sleight42,,,"Ah, thanks. I hadn't considered just how much cheaper cloud computing is making starting a business -- even though I've actually experienced same myself.  Excellent points!",1293774431
27,2054655,story,,,5,1,todd101scout,Search site to find out what type of body scanners airports use,http://www.thescanningauthority.com/,,1293774427
28,2054654,comment,2053956.0,2054365.0,0,0,rgrieselhuber,,,I love Jekyll. It fits into my workflow perfectly and made it really easy to translate the entire site into Japanese for that market. The whole thing took 3 days.,1293774422
29,2054652,comment,2054521.0,2054521.0,0,0,_delirium,,,"The ""angel investors won't make up the slack"" part wasn't totally convincing. It might be true, but quoting average investment by a single angel versus a single VC isn't really the important number. It'd be more convincing to see aggregate figures: total VC dollars are down $x billion, are angel dollars up more or less than that amount? The article quotes figures for total VC dollars, but none for total angel dollars.",1293774322
30,2054651,comment,2054428.0,2054498.0,0,0,shashank261,,,Just imagine if that guy had been successful. Americans would have been debt free!!,1293774305
31,2054650,story,,,46,9,emilepetrone,Node.js v0.2.6 Released,http://groups.google.com/group/nodejs/browse_thread/thread/b1e7196eb6e4a990,,1293774285
32,2054649,comment,2054297.0,2054623.0,0,0,michaelchisari,,,"I'll admit that I probably have a higher standard of social responsibility and idealism than most.<p>For instance, the various privacy issues that have plagued the company from the beginning, to start.<p>Also, Facebook has been in a really good position to push for an open, distributed social networking protocol, but instead have focused on maintaining a closed, walled garden.  So it's instead up to us in the open source world, severely under-funded and overworked, to build an alternative.<p>A socially responsible CEO wouldn't sell out their user's privacy for the sake of advertisers, and set a strong, positive precedence right from the beginning of the rise of popular social networking.  An idealist would help build an open, decentralized protocol, document it well, and push for it to be adopted as a standard by the W3C.<p>What Zuckerberg does with his billions doesn't really change any of that for me.",1293774283
33,2054648,story,,,3,0,fezzl,Spam - Probably the Biggest Problem of Social Commerce,http://blog.zuupy.com/spam-probably-the-biggest-problem-of-social-c,,1293774257
34,2054647,comment,2054428.0,2054428.0,0,0,shashank261,,,How in the world can you stop that and why did the company have only 1 person handle such an important task?,1293774243
35,2054646,comment,2053197.0,2053943.0,0,0,bsk,,,">> Your post, on the other hand, is reductive and boring.<p>So mean and bad mannered ;)<p>This guy, Parag Khanna, have been shown in school and Hollywood movies an extremely simplified model of the 19th and 20th centuries world. A model where all events are explained through the state politics and big business is ignored. Based on that stupid assumption he is saying that now the world is different, because there are powers outside the states.",1293774225
36,2054645,comment,2051437.0,2052884.0,0,0,mahmud,,,"Don't know how long it takes me, but it's usually from the moment I want up until 3PM or so. I usually get up craving research (when I am on the up and up; other days I hate research and miss the bits and bytes, starting my day in Emacs.)<p>I rarely read the abstracts. I find interesting papers in the references of other interesting papers.<p>I usually skip the first 15% of the introductory prose, go to the meat, jump to the conclusions and ""future work"", and if I think the paper covers enough ground, I fast forward to its references and see if the authors are aware of the seminal works. Only then do I actually read it.<p>For the truly important ones, you're already aware for their findings from texts, since they're cited often. For the useless ones (the majority) you're just interested in one idea, technique, finding or implementation method, and it's easy to zoom in. But from time to time you will come across a diamond in the rough that isn't as well known as it should.",1293774214
37,2054644,comment,2054297.0,2054297.0,0,0,smokey221,,,If Zuckerberg was a more likable guy like Leo Laporte or Kevin Rose I'd feel sympathy for him. The Winklewosses might be tools but Zuckerberg is hardly more sympathetic.,1293774208
38,2054643,story,,,1,0,jaybol,What We Know About Apple's Data Center,http://www.ismashphone.com/2010/12/apple-paving-the-way-for-their-future-in-media-distribution.html,,1293774184
39,2054642,comment,2054297.0,2054297.0,0,0,bl4k,,,"It seems you can't be successful, especially in tech/web, without a dozen people hanging onto your coattails claiming that you stole the idea or that you were lucky.<p>MySpace were written off as lucky spammers, Zuck a theif, Bill Gates stole MS-DOS, etc. etc.",1293774172
40,2054641,comment,2053956.0,2054165.0,0,0,jaxtapose,,,"The iPad is an entirely new type of computer? You mean, like a pad computer as suggested by Wieser in the 90s?<p>> turned out to be substantially better than anyone imagined<p>By anyone you mean analysts, right?",1293774148
41,2054640,comment,2054521.0,2054521.0,0,0,blantonl,,,"Lack of huge upfront $$ to cloud an idea's success is not a problem.<p>I think it is good for a CEO to start from scratch (relative term, but..), since it teaches some important core business principles that many seems to be oblivious to.  Like, make more money than you spend.  Immediately.<p>One of the things I really enjoy that comes out of 37Signals is their Bootstrapped, Profitable, & Proud Blog.<p>Those posts hit the spot every time for me.",1293774129
42,2054639,comment,2054217.0,2054588.0,0,0,allenbrunson,,,"so it looks like you only released your game about ten days ago? that's not enough time to tell if it's a success or not.<p>i also released a low-key iphone game. it has been in the store for about a year. it has made me a little less than $7,000 to date. i am calling that a middling success.<p><a href=""http://www.platinumball.net/hearts/"" rel=""nofollow"">http://www.platinumball.net/hearts/</a><p>i can't ever predict what the sales are going to be. along about august, when i had given it up for dead, i suddenly had my best month ever: over a thousand bucks. i have no idea why. right now it's down to about $250.00 a month. i hope it will go back up a bit, once i release some much-needed updates.<p>i don't have a lot of users, but a few of them are rabidly loyal. one guy did a favorable video review and posted it to youtube. another has been bugging me incessantly to add game center integration. yeah yeah yeah, i'm working on it.",1293774124
43,2054638,comment,2054217.0,2054588.0,0,0,davidj,,,"maybe if you tried putting a better screenshot on your game, with enemies or something, live action fire or whatever you game does it might be more downloads? I don't have an app so I don't really know, just a guess.",1293774114
44,2054637,comment,2054431.0,2054627.0,0,0,liuliu,,,"That's correct. But I noticed a bigger problem:<p>you passed in [x,y] where x is from w to 0 and y is from h to 0. But in your indexing code of grid_1d, it is pos[0] * w + pos[1] which translates to x * w + y. however, since x is from w to 0 and y is from h to 0, the correct code should be something like y * w + x. I am sorry if I pushed too hard on the correctness of this code, but I am just not quite buying the fact that indexing a 1d array will be slower than indexing an array of arrays.",1293774108
45,2054636,comment,2053197.0,2054149.0,0,0,evanrmurphy,,,"My US-made computer keyboard: <a href=""http://pckeyboards.stores.yahoo.net/cus101usenon.html"" rel=""nofollow"">http://pckeyboards.stores.yahoo.net/cus101usenon.html</a>.<p>On second thought, this isn't a major product at all. It's actually quite obscure. I just like it a lot.",1293774064
46,2054635,comment,2054431.0,2054558.0,0,0,bgrins,,,"Calling fillRect is massively slower than calculating the an index in the array.  As a general rule, it is more efficient to modify native data structures directly, while updating the DOM as infrequently as possible.<p>I understand that you may have been <i>wanting</i> to benchmark the actual speed of updating the canvas, but it really isn't a fair comparison with updating arrays.<p>Invalidating the canvas 24 times a second doesn't help with the benchmark, but it would make the example usable, in that it would actually update the canvas element on your screen.<p>On my computer, the example from jdavid ran in 287ms, instead of the original which ran in 7427ms.",1293773963
47,2054634,comment,2053869.0,2054546.0,0,0,bl4k,,,"Yes, they are all in a race to the bottom, mimicking each other.<p>I wish one of the blogs would hire a good roster of tech writers and put out 2-3 good articles a day, instead of 10-15 gossipy and poorly written articles a day.",1293773937
48,2054632,comment,2053197.0,2053197.0,0,0,btilly,,,"Yet another comparison is temperature.  The 12th century was in the medieval warm period.  See <a href=""http://en.wikipedia.org/wiki/Medieval_Warm_Period"" rel=""nofollow"">http://en.wikipedia.org/wiki/Medieval_Warm_Period</a> for more on that.",1293773853
49,2054631,comment,2052852.0,2053989.0,0,0,rbranson,,,"Not in the same sense as an SQL database. You can freely add columns and rows, just not Column Families or Keyspaces. This is because a KS+CF combo is stored in it's own file, in a certain order, so that it can be efficiently traversed using natural ordering. If you don't have this need and just need a flat K/V database, you can use a single KS+CF for everything.",1293773850
50,2054630,comment,2054521.0,2054617.0,0,0,bretpiatt,,,"Before the majority of the investment went towards capital expenses to build infrastructure.  Now most of the invested capital goes towards salaries for the development of the idea.<p>If the idea is successful then cloud computing is utilized to grow the business.  If sufficient scale is reached then you'll see companies take large late rounds to build their own data centers and infrastructure out (such as Zynga and Facebook).<p>So while total invested dollars are down, the cost to invest is down significantly and ""big money"" doesn't need to be spent until you know you have a success.  VCs are poised to make much better returns over the next decade if they manage their funds correctly.",1293773812
51,2054629,comment,2049105.0,2050182.0,0,0,shashank261,,,"Exactly. Also, why isn't he trying out with different keywords. Placing all the eggs in a single basket wont get you much. If he diversifies ad campaign across different categories, he will see better results.\nIf he not happy with cost per click mode, he can switch to CPM advertising where ther are lesser chances of fraud.",1293773689
52,2054628,comment,2054428.0,2054513.0,0,0,mahmud,,,You would be debt-free for the 48 minutes it takes to restore from backups.,1293773643
53,2054627,comment,2054431.0,2054562.0,0,0,shazow,,,"The loop is from w-1 to 0 and h-1 to 0.<p><a href=""https://github.com/shazow/grid-benchmark.js/blob/master/index.html#L60"" rel=""nofollow"">https://github.com/shazow/grid-benchmark.js/blob/master/inde...</a>",1293773641
54,2054626,comment,2053952.0,2054481.0,0,0,andre,,,but look at how much revenue they're going to lose by not making .ng available.... .ly is a good example,1293773578
55,2054625,comment,2053952.0,2054481.0,0,0,consultutah,,,I went searching for a registrar as well.  There are a couple of ng domains that might be interesting to use though I'd still be worried about the Nigerian scam stigma.,1293773560
56,2054623,comment,2054297.0,2054589.0,0,0,dschobel,,,"How you conclude ""a severe lack of idealism and social responsibility"" for Zuckerberg, a guy who turned down $1.4B in the early days of FB and has already pledged to give away the majority of his fortune, is beyond me.",1293773485
57,2054622,comment,2054555.0,2054555.0,0,0,gruseom,,,"You'd probably get better results for free just by hanging out in the right communities and asking for feedback on your work. I don't know what those are for Schemes but they shouldn't be hard to find (and don't forget IRC). That also solves the problem of how to judge the reviewer - your reviewer is the community as a whole. If someone gives you bad advice, someone else is likely to correct it.",1293773472
58,2054621,comment,2052521.0,2053814.0,0,0,danielayele,,,"agreed, but in no other case is an income tax levied twice on the same owners of capital...hence why people refer to it as double taxation.<p>interestingly, the total federal rate paid on dividends = 1-(.65*.85) = 44.75%. I wonder how this compares to the total individual income tax rate (including soc sec/medicare/etc) and at what points in the individual income tax schedule is one rate more favorable than the other.",1293773464
59,2054620,comment,2052852.0,2053594.0,0,0,blantonl,,,<i>Picking good technologies for your project is hard work</i><p>This is probably the most important and relevant point I've seen in a while.   Architects should take note...,1293773385
60,2054619,comment,2053956.0,2053956.0,0,0,enneff,,,Go. I've had more fun writing Go programs and working on the Go project than any engineering work I'd done before.,1293773360
61,2054618,comment,2054428.0,2054428.0,0,0,cuppster,,,I'll take a mortgage-reduction bomb any day...,1293773329
62,2054617,comment,2054521.0,2054521.0,0,0,sleight42,,,"I admit that what follows is tangential to the post.  However, as a freelance developer who, of late, works for startups, I've been mulling this a great deal.<p>Startups are acquiring money from somewhere.  While VCs may be raising less funds and funding fewer startups, the demand for technical hires is soaring!  In my particular areas of expertise, Ruby and Ruby on Rails, demand seems, frankly insane.<p>So what's going on?  If there's less VC money in play, unless people are exiting the software development market faster than new people are coming in, one would expect that we software developers would be suffering employment issues like the rest of the US.<p>And yet I know extremely few Ruby on Rails developers who are wanting for work.<p>Is it perhaps that my perspective is limited?  I know a fairly large group of developers.  The only ones who are looking for working (and we're always looking for that next gig) are freelancers.<p>Is this the Google/Facebook ""brain-drain"" effect at work?  That these megaliths have hired so many of the talented people that, despite reduced VC funding, startups are still suffering hiring issues?<p>What gives?",1293773324
63,2054616,comment,2054203.0,2054203.0,0,0,consultutah,,,"Interesting, I'd comtemplated writing a similar game using <a href=""http://anscamobile.com"" rel=""nofollow"">http://anscamobile.com</a> which is lua, but looks and works a lot like actionscript.<p>Now there will probably be a dozen other similar games though.  ;-)",1293773222
64,2054615,comment,2050807.0,2050807.0,0,0,joeshaw,,,Anybody have a copy of Netscape Navigator 2.0 to browse the site?  I'm noticing some bugs in Chrome 10.0.612.3 dev on a Mac.,1293773213
65,2054614,story,,,7,2,helwr,What is it like to always be the smartest person in the room?,http://www.quora.com/What-is-it-like-to-always-be-the-smartest-person-in-the-room/answer/Alex-Kamil,,1293773096
66,2054613,comment,2054428.0,2054428.0,0,0,blantonl,,,"Does anyone know what the actual ""logic bomb"" consisted of?<p>My money is on a crontab that executed a simple set of ssh command attacks on the specified date.<p>As per the article, to destroy ""all data, including financial, securities and mortgage information,"" it would be as simple as an ""rm -rf"" across multiple servers.  Except for one critical item, he would have to have root access on all those servers.<p>Either the scope of his potential damage was very small, or Fannie Mae had some terrible security and change management policies in place.<p>I cannot decide which to pick.",1293773092
67,2054611,comment,2051500.0,2052706.0,0,0,lionhearted,,,"I can understand why you'd be skeptical - most people are unwilling to put themselves in harm's way to break up a fight, protect people around them, or explore the slums of a city to understand more about the development of humanity.<p>I do do those things. I don't know exactly what to tell you if you want to doubt that - there was a guy yelling and spitting on the floor of the Tsim Sha Tsui McDonald's in the late night/early morning, yelling at the staff. He was with two of his buddies. I told him to knock it off. Shouting match ensued.<p>I've had three attempts to mug me in my life - once in Shanghai, once in London, and once in Saigon.<p>You can dislike me - that's your call - but I dunno man, I don't say things that are untrue.<p>> Thus far, I haven't found a single article that's genuinely helped me<p>That's too bad. You've obviously been around my site a fair bit, and I do try to make it of value to a visitor. I cover lots of stuff that a lot of people have found useful - what are you trying to do exactly? What have you tried that I've written/advocated on that didn't work for you?",1293773026
68,2054609,comment,2050754.0,2050784.0,0,0,Ranchotke,,,"They would have to decide if they believed in the vision, and if they believed in my ability to contribute something valuable that they could not.",1293772963
69,2054608,comment,2054297.0,2054589.0,0,0,strlen,,,"> One is new money, one is old money, but they both share a severe lack of idealism and social responsibility.<p>Disagree strongly. Old money usually came through parasitic exploitation. New money was earned in fair and honest ways: by building something. We like to talk about how our society it's meritocratic, but extra ordinary wealth earned at a young age is still looked down upon in our society. Witness the hatred of Yuppies and (outside of the Silicon Valley) dislike of startups: you're supposed to join $big_corp and work your way up through the ladder; if you shortcut by getting a high paying job right out of college you're a hated yuppie; if you shortcut by leaving for a startup, you're a traitor and a job hopper.<p>I barely use Facebook: I didn't enjoy high school (I have no desire to learn that the dude who slammed me into a locker just got engaged and is eating a sandwich) and I went to a small university where it's easy to keep in touch with classmates. I find other sites more interesting.<p>Facebook is not just Zuckerberg. It's now a corporation. The only social responsibility of a corporation (thank you Dr. Friedman) is to generate profit for their shareholders: this profit will channel into mutual funds which individuals use to retire, to philanthropic endeavours. The engineering work that goes on at Facebook (they're now endowing research fellowships) will go towards better machine learning algorithms, more efficient data centres, etc... It's almost certain that the work Facebook has put into Hadoop, for example, is helping make protein sequencing an easier task (e.g., HDFS RAID-node means being able to use a smaller replication factor, which means being able to store more data on less physical hardware!). That's the beauty of capitalism. Capitalism is sometimes horribly unfair and inefficient, but it's far better than the other systems (an immigrant from a communist country speaking here...).<p>Would the Winklevii had any interest in building our such a business? Their plan was to use hired help (what they think of you and I) to perhaps build it into a $100mm acquisition target that would rot at Yahoo, Microsoft or Newscorp; their plan wasn't to build a world class technology company.",1293772952
70,2054607,comment,2053956.0,2054028.0,0,0,sage_joch,,,I'd like Redis more if they had chosen the logo that had earned the most votes. :-),1293772939
71,2054606,comment,2054449.0,2054584.0,0,0,TomOfTTB,,,"Honestly you're probably right when put in that context (I had no idea who B. Traven was) but if that's the case this post is kind of odd.  It ignores the end result of every government based on Marx's theories that has ever existed in the history of man.<p>I mean really, does anyone think people living in communist Russia and being assigned an occupation based on an aptitude test weren't ""alienated"" from their work (to use Marx's term)?<p>Also it's odd to quote Jesus while defending Karl Marx (who famously called Religion the opiate of the masses and claimed true happiness could only be achieved when religion was abolished)<p>Anyway, as I said, you're almost certainly right I'm just saying my mistake wasn't entirely stupid ;)",1293772915
72,2054605,comment,2054428.0,2054428.0,0,0,blinkingled,,,"5000 Servers. A ""Senior Engineer"" discovered this script. Probably it was a cron job or something which they review regularly?<p>Would be useful to know how exactly they got to that one script. Must have real good review practices , audits and logging in place if they were able to find it before it did the damage and then collect evidence to trace it back to the perpetrator.",1293772889
73,2054604,story,,,3,0,kapilkaisare,Top 11 Technologies of the Decade,http://spectrum.ieee.org/at-work/innovation/top-11-technologies-of-the-decade,,1293772782
74,2054603,comment,2049105.0,2049105.0,0,0,Stormbringer,,,"Seems like Google's taking a leaf out of Paypal's book.<p>I think that a system where the only game in town has a financial incentive (they get to steal your money) to ban you is bound to be open to abuse.<p>====<p>But even apart from that I think the internet advertising model is all kinds of broken.  It seems your choices are:<p>(a) try to get real money for content<p>(b) try to get tiny money (micropayments) for content<p>(c) give it away free, and hope that the ads you slather it with don't drive away too many people (axiom: ads always suck, and are a drain on the goodwill of the people whose time you are wasting with them)<p>(d) abandon all hope of making a living",1293772777
75,2054602,story,,,3,0,Mithrandir,"Affidavit Details FBI ""Operation Payback"" Probe",http://www.thesmokinggun.com/documents/internet/affidavit-details-fbi-operation-payback-probe,,1293772741
76,2054600,comment,2053956.0,2053956.0,0,0,elviejo,,,Seaside - a WebFramework based on smalltalk and continuations that make developing complex WebApps extremely easy.\nSeaside led me to learn:<p>Smalltalk - What a powerful language. This is what OOP should look like.<p>Object Oriented Databases - Gemstone and db4o. Not having to deal with the OO and Relational mismatch is a breath of fresh air.,1293772724
77,2054599,story,,,1,0,trafficsqueezer,TS - Videos,http://trafficsqueezer.org/videos.php,,1293772629
78,2054598,comment,2053197.0,2053943.0,0,0,junkbit,,,"Actually, it is said that there are more slaves today than at any point in history<p><a href=""http://news.ycombinator.com/item?id=859770"" rel=""nofollow"">http://news.ycombinator.com/item?id=859770</a>",1293772574
79,2054597,story,,,4,0,bumbledraven,Kasparov vs The World (2007),http://michaelnielsen.org/blog/kasparov-versus-the-world/,,1293772555
80,2054596,comment,2054449.0,2054584.0,0,0,chrismealy,,,joe_the_user's exactly right.,1293772500
81,2054594,comment,2053228.0,2053525.0,0,0,p_nathan,,,The Brits often have <i>such</i> a way with words. Bless them.,1293772313
82,2054593,story,,,1,0,jagira,How we shared content in 2010 - Facebook  Gmail  Twitter,http://www.readwriteweb.com/archives/how_we_shared_content_in_2010_still_more_facebook.php,,1293772306
83,2054591,comment,2054567.0,2054567.0,0,0,SimonStahl,,,"you just wanna live there for a while not found a company there, right? then i would add these cities to your list:<p>madrid<p>zurich<p>perth<p>vancouver",1293772198
84,2054590,story,,,1,0,alexkon,How to preload CSS/JavaScript without parsing or execution,http://www.phpied.com/preload-cssjavascript-without-execution/,,1293772171
85,2054589,comment,2054297.0,2054552.0,0,0,michaelchisari,,,"<i>His initial technology choices may be disagreeable, but he's still one of us.</i><p>To be completely honest, I have no more affinity for Zuckerberg than I do for the Winklevii.  One is new money, one is old money, but they both share a severe lack of idealism and social responsibility.",1293772136
86,2054588,comment,2054217.0,2054217.0,0,0,consultutah,,,"The problem with any app, games included, is that designing , developing, and then marketing is hard.  My wetwork game ( <a href=""http://itunes.apple.com/us/app/wetwork/id410170565"" rel=""nofollow"">http://itunes.apple.com/us/app/wetwork/id410170565</a> ) for the iPhone took a lot of time to develop, but hasn't really gone anywhere in the app store.  I'll be the first to admit that it isn't the greatest thing since sliced bread, but it is upsetting that my dumber apps bring in considerably more money.<p>If anyone has any suggestions on how to market games, I'd really appreciate it.",1293772135
87,2054587,comment,2053941.0,2053941.0,0,0,dshankar,,,"This is really powerful. So many problems in this world, I wish I did something about them.<p>This isn't meant to be political, but that orphan kid who's entire family got shot at the American checkpoint in Iraq, the woman who was disfigured due to abuse by acid, the Haiti earthquake, Katrina ... I feel like I accomplished nothing in the past decade.",1293772126
88,2054586,story,,,1,0,AaronM,Hackers obtain PS3 crytography key due to epic failure,http://www.engadget.com/2010/12/29/hackers-obtain-ps3-private-cryptography-key-due-to-epic-programm/,,1293772113
89,2054585,story,,,2,0,PankajGhosh,World Airline Traffic (24-Hour Time Lapse),http://www.youtube.com/watch?v=yx7_yzypm5w,,1293772090
90,2054584,comment,2054449.0,2054533.0,0,0,joe_the_user,,,"Huh?<p>My reading of the text was that he was praising Marx's concept of work and more or less attacking liberals for not having it. He claims old Karl agree that creative, productive activity is superior to consumption. I see not mention of the Marxist concept of a planned economy in the text either.<p>There are strong indications that B. Traven was a revolutionary German Marxist who escaped the failed Sparticus rebellion after WWI, btw.",1293771971
91,2054583,comment,2052643.0,2054511.0,0,0,stcredzero,,,<i>write nontrivial programs and show me the code. Then we can talk.</i><p>I think there should be a development group rating organization based on this idea.,1293771900
92,2054581,comment,2052362.0,2053084.0,0,0,Retric,,,"I break things down into Developers and Hackers.  A Developer tends to create new foundations using existing and documented API's.  A Hacker works within a system, and focuses more on existing code and what it actually does than documentation.  Hackers tend to be worth more in the short term, Developers tend to be worth more in the long term.",1293771791
93,2054580,comment,2054567.0,2054567.0,0,0,dfrankow,,,"Seattle seems like a good place to start up, though I haven't lived there.",1293771631
