,col0,col1,col2,col3,col4,col5
0,"Nomura C.S., Oliveira P.V.",15035946300;7102098064;,2006,Quimica Nova,https://www.scopus.com/inward/record.uri?eid=2-s2.0-33645683872&partnerID=40&md5=5f2e4573b99d18d78bb661480bf63db5,2-s2.0-33645683872
1,"Meng H.-H., Caddy B.",7202278946;7004233264;,1997,Journal of Forensic Sciences,https://www.scopus.com/inward/record.uri?eid=2-s2.0-0030793488&partnerID=40&md5=915d1f40dd367b065908551af1262b10,2-s2.0-0030793488
2,"Wenz H.W., Lichtenberg W.J., Katterwe H.",7003936731;6603482173;6602581555;,1991,Fresenius' Journal of Analytical Chemistry,https://www.scopus.com/inward/record.uri?eid=2-s2.0-0040819876&doi=10.1007%2fBF00321540&partnerID=40&md5=28ee497ba9d728e9c4502fc57f40a8a2,2-s2.0-0040819876
3,"Bendicho C., De Loos-Vollebregt M.T.C.",57207812197;6701316064;,1991,Journal of Analytical Atomic Spectrometry,https://www.scopus.com/inward/record.uri?eid=2-s2.0-2742612666&doi=10.1039%2fJA9910600353&partnerID=40&md5=d1bb997bf9b8bfe1ffd70217ab9ecd1d,2-s2.0-2742612666
4,"Brettell T.A., Saferstein R.",6604035747;6603724137;,1989,Analytical Chemistry,https://www.scopus.com/inward/record.uri?eid=2-s2.0-33845183416&doi=10.1021%2fac00187a016&partnerID=40&md5=d3f6c6ff64baae7389ef95f26abb08e8,2-s2.0-33845183416
