,col0,col1,col2,col3,col4,col5
0,com.google.javascript.jscomp.testing.TestErrorReporter#boolean#hasEncounteredAllErrors#?#84,0.10721125348377948,0.0,0.10721125348377948,,_
1,"com.google.javascript.jscomp.parsing.ParserRunner#Node#parse#?,String,String,Config,ErrorReporter,Logger#107",0.08391813582966891,0.0,0.08391813582966891,,_
2,"com.google.javascript.jscomp.testing.TestErrorReporter#?#TestErrorReporter#?,String[],String[]#44",0.04271788288583805,0.0,0.04271788288583805,,_
3,"com.google.javascript.rhino.Node#int#mergeLineCharNo#?,int,int#1148",0.02119043594790645,0.02119043594790645,0.0423808718958129,-1<=0,_
4,"com.google.javascript.jscomp.parsing.IRFactory#int#position2charno#?,int#266",0.0133547180035834,0.022113289104342324,0.03546800710792572,position<0,_
5,"com.google.javascript.jscomp.parsing.TypeSafeDispatcher#T#process#?,AstNode#198",0.03537745688386125,0.0,0.03537745688386125,,_
6,"com.google.javascript.jscomp.parsing.IRFactory$TransformDispatcher#Node#processEmptyExpression#?,EmptyExpression#467",0.03537745688386125,0.0,0.03537745688386125,,_
7,"com.google.javascript.jscomp.parsing.IRFactory#int#transformTokenType#?,int#1196",0.014614511229864159,0.014614511229864159,0.029229022459728318,Token.BLOCK>=0,_
8,"com.google.javascript.rhino.Node#int#extractCharno#?,int#1176",0.013593181195675921,0.013634814313670873,0.027227995509346792,lineCharNo & COLUMN_MASK!=0,_
9,com.google.javascript.rhino.Node#int#getCharno#?#863,0.013102435641608368,0.013637349844016112,0.02673978548562448,extractCharno(sourcePosition)>0,_
10,"com.google.javascript.rhino.Node#int#extractLineno#?,int#1162",0.013297919370836938,0.013361869124847459,0.026595838741673875,-1<0,_
11,com.google.javascript.rhino.Node#int#getLineno#?#859,0.013102435641608368,0.013364255385983523,0.02646669102759189,extractLineno(sourcePosition)>0,_
12,com.google.javascript.rhino.Node#int#getType#?#536,0.01298591791445427,0.01298591791445427,0.02597183582890854,type>0,_
13,"com.google.javascript.jscomp.parsing.IRFactory$TransformDispatcher#Node#processFunctionNode#?,FunctionNode#526",0.022151233248863027,0.0,0.022151233248863027,,GT
14,"com.google.javascript.jscomp.parsing.IRFactory#Node#transform#?,AstNode#216",0.014885633885281128,0.0,0.014885633885281128,,_
15,"com.google.javascript.jscomp.parsing.IRFactory$TransformDispatcher#Node#processBlock#?,Block#399",0.014828245646514832,0.0,0.014828245646514832,,_
16,"com.google.javascript.jscomp.parsing.IRFactory$TransformDispatcher#Node#processGeneric#?,com.google.javascript.jscomp.mozilla.rhino.Node#280",0.014614511229864159,0.0,0.014614511229864159,,_
17,"com.google.javascript.rhino.Node#PropListItem#removeProp#?,PropListItem,int#782",0.013401406685472435,0.0,0.013401406685472435,,_
18,"com.google.javascript.jscomp.parsing.IRFactory$TransformDispatcher#Node#processName#?,Name#627",0.013371421847515276,0.0,0.013371421847515276,,_
19,"com.google.javascript.jscomp.parsing.IRFactory#Node#newStringNode#?,int,String#1276",0.0133690317461739,0.0,0.0133690317461739,,_
20,com.google.javascript.jscomp.parsing.ParserRunner#void#initResourceConfig#?#66,0.013326227906059036,0.0,0.013326227906059036,,_
21,"com.google.javascript.jscomp.parsing.IRFactory$TransformDispatcher#Node#processAstRoot#?,AstRoot#355",0.013319133826287714,0.0,0.013319133826287714,,_
22,"com.google.javascript.jscomp.parsing.IRFactory$TransformDispatcher#boolean#isDirective#?,Node#392",0.013319133826287714,0.0,0.013319133826287714,,_
23,"com.google.javascript.jscomp.parsing.IRFactory#JSDocInfo#handleJsDoc#?,AstNode#194",0.013313230739605759,0.0,0.013313230739605759,,_
24,com.google.javascript.jscomp.parsing.IRFactory#Node#createTemplateNode#?#119,0.013313230739605759,0.0,0.013313230739605759,,_
25,"com.google.javascript.jscomp.parsing.IRFactory#Node#newNode#?,int#1256",0.013313230739605759,0.0,0.013313230739605759,,_
26,"com.google.javascript.jscomp.parsing.IRFactory#Node#transformTree#?,AstRoot,String,Config,ErrorReporter#128",0.013313230739605759,0.0,0.013313230739605759,,_
27,"com.google.javascript.jscomp.parsing.IRFactory#?#IRFactory#?,String,String,Config,ErrorReporter#111",0.013313230739605759,0.0,0.013313230739605759,,_
28,"com.google.javascript.jscomp.parsing.IRFactory$TransformDispatcher#void#parseDirectives#?,Node#373",0.013313230739605759,0.0,0.013313230739605759,,_
29,"com.google.javascript.rhino.Node#void#setCharno#?,int#1137",0.013313230739605759,0.0,0.013313230739605759,,_
30,"com.google.javascript.jscomp.parsing.IRFactory#Node#justTransform#?,AstNode#274",0.013313230739605759,0.0,0.013313230739605759,,_
31,"com.google.javascript.jscomp.parsing.IRFactory#void#setFileOverviewJsDoc#?,Node#150",0.013313230739605759,0.0,0.013313230739605759,,_
32,"com.google.javascript.rhino.Node#void#setLineno#?,int#1131",0.01331205106384786,0.0,0.01331205106384786,,_
33,"com.google.javascript.rhino.Node#void#setIsSyntheticBlock#?,boolean#2012",0.013292044433783769,0.0,0.013292044433783769,,_
34,"com.google.javascript.jscomp.parsing.ParserRunner#Config#createConfig#?,boolean,boolean,boolean#59",0.013287350086318348,0.0,0.013287350086318348,,_
35,"com.google.javascript.rhino.Node#void#addChildToBack#?,Node#610",0.01326862231085688,0.0,0.01326862231085688,,_
36,com.google.javascript.rhino.Node#FileLevelJsDocBuilder#getJsDocBuilderForNode#?#1927,0.013262786101068994,0.0,0.013262786101068994,,_
37,"com.google.javascript.rhino.Node#void#setJSDocInfo#?,JSDocInfo#1968",0.013262786101068994,0.0,0.013262786101068994,,_
38,"com.google.javascript.rhino.Node#void#putBooleanProp#?,int,boolean#831",0.013207147529172122,0.0,0.013207147529172122,,_
39,"com.google.javascript.rhino.Node$PropListItem#?#PropListItem#?,int,int,PropListItem#351",0.013207147529172122,0.0,0.013207147529172122,,_
40,"com.google.javascript.rhino.Node#void#putIntProp#?,int,int#837",0.013207147529172122,0.0,0.013207147529172122,,_
41,"com.google.javascript.rhino.Node#Node#newString#?,int,String#524",0.013203693325496157,0.0,0.013203693325496157,,_
42,com.google.javascript.rhino.Node#JSDocInfo#getJSDocInfo#?#1961,0.013200241830645526,0.0,0.013200241830645526,,_
43,"com.google.javascript.rhino.Node#Object#getProp#?,int#793",0.013199091933711365,0.0,0.013199091933711365,,_
44,"com.google.javascript.rhino.Node$StringNode#?#StringNode#?,int,String#278",0.013180734356074121,0.0,0.013180734356074121,,_
45,"com.google.javascript.rhino.Node#Node#clonePropsFrom#?,Node#756",0.01302330652676558,0.0,0.01302330652676558,,_
46,com.google.javascript.rhino.Node#Node#getFirstChild#?#548,0.013006771787532009,0.0,0.013006771787532009,,_
47,"com.google.javascript.rhino.Node#void#putProp#?,int,Object#826",0.0130034723907544,0.0,0.0130034723907544,,_
48,"com.google.javascript.rhino.Node$PropListItem#?#PropListItem#?,int,Object,PropListItem#355",0.0130034723907544,0.0,0.0130034723907544,,_
49,"com.google.javascript.rhino.Node#PropListItem#lookupProperty#?,int#741",0.012961896184130316,0.0,0.012961896184130316,,_
50,"com.google.javascript.jscomp.parsing.Config#Map<String,Annotation>#buildAnnotationNames#?,Set<String>#89",0.012883132528016615,0.0,0.012883132528016615,,_
51,"com.google.javascript.jscomp.parsing.Config#?#Config#?,Set<String>,Set<String>,boolean,boolean,boolean#69",0.012876722477435864,0.0,0.012876722477435864,,_
52,"com.google.javascript.rhino.Node$PropListItem#?#PropListItem#?,int,int,Object,PropListItem#362",0.012849055741528328,0.0,0.012849055741528328,,_
53,"com.google.javascript.rhino.Node#void#removeProp#?,int#764",0.01278379428442847,0.0,0.01278379428442847,,_
54,"com.google.javascript.rhino.Node#?#Node#?,int#370",0.012694894822438666,0.0,0.012694894822438666,,_
55,"com.google.javascript.jscomp.parsing.ParserRunner#Set<String>#extractList#?,String#75",0.0,0.0,0.0,,_
