,col0,col1,col2,col3
0,SobekCM_Core,SobekCM.Core.Aggregations,SobekCM.Core.MemoryMgmt.CachedDataManager_AggregationServices' SobekCM.Core.WebContent.HTML_Based_Content' SobekCM.Core.ApplicationState.Aggregation_Code_Manager,SobekCM.Core.Configuration.ContactForm_Configuration' SobekCM.Core.Configuration.Localization.Web_Language_Enum' SobekCM.Core.Configuration.Localization.Web_Language_Enum_Converter' SobekCM.Core.Navigation.Search_Type_Enum' SobekCM.Core.Navigation.Result_Display_Type_Enum' SobekCM.Core.Skins.Web_Skin_Object' SobekCM.Core.WebContent.HTML_Based_Content' SobekCM.Core.WebContent.HTML_Based_Content_Reader
1,SobekCM_Core,SobekCM.Core.ApplicationState,,SobekCM.Core.Aggregations.Item_Aggregation_Related_Aggregations' SobekCM.Core.iSerializationEvents' SobekCM.Core.Configuration.Localization.Web_Language_Enum
2,SobekCM_Core,SobekCM.Core.BriefItem,SobekCM.Core.FileSystems.iFileSystem' SobekCM.Core.FileSystems.SobekFileSystem' SobekCM.Core.FileSystems.PairTreeStructure' SobekCM.Core.MemoryMgmt.CachedDataManager_ItemServices' SobekCM.Core.ResultTitle.ResultTitle_DescriptiveTerm' SobekCM.Core.Configuration.BriefItemMapping_Mapper,
3,SobekCM_Core,SobekCM.Core.Builder,SobekCM.Core.Settings.Builder_Settings,
4,SobekCM_Core,SobekCM.Core.Configuration.Authentication,SobekCM.Core.Configuration.InstanceWide_Configuration,SobekCM.Core.Users.User_Object_Attribute_Mapping_Enum' SobekCM.Core.Users.User_Object_Attribute_Mapping_Enum_Converter
5,SobekCM_Core,SobekCM.Core.Configuration,SobekCM.Core.Aggregations.Item_Aggregation' SobekCM.Core.Aggregations.Complete_Item_Aggregation' SobekCM.Core.Settings.InstanceWide_Settings,SobekCM.Core.BriefItem.IBriefItemMapper' SobekCM.Core.Configuration.Localization.Web_Language_Translation_Lookup' SobekCM.Core.Users.User_Object_Attribute_Mapping_Enum' SobekCM.Core.Configuration.Localization.Web_Language_Enum_Converter' SobekCM.Core.Configuration.Localization.Web_Language_Translation_Value' SobekCM.Core.Users.User_Object_Attribute_Mapping_Enum_Converter' SobekCM.Core.Configuration.Authentication.Authentication_Configuration' SobekCM.Core.Configuration.Extensions.Extension_Configuration' SobekCM.Core.UI_Configuration.InstanceWide_UI_Configuration' SobekCM.Core.Configuration.Engine.Engine_Server_Configuration' SobekCM.Core.Configuration.OAIPMH.OAI_PMH_Configuration' SobekCM.Core.Configuration.Localization.Web_Language_Enum
6,SobekCM_Core,SobekCM.Core.Configuration.Extensions,SobekCM.Core.Settings.InstanceWide_Settings' SobekCM.Core.Configuration.InstanceWide_Configuration,
7,SobekCM_Core,SobekCM.Core.Message,,
8,SobekCM_Core,SobekCM.Core.Plugins,,
9,SobekCM_Core,SobekCM.Core.Settings.DbItemViewers,SobekCM.Core.Settings.InstanceWide_Settings,
10,SobekCM_Core,SobekCM.Core.EAD,SobekCM.Core.MemoryMgmt.CachedDataManager_ItemServices,
11,SobekCM_Core,SobekCM.Core.FileSystems,,SobekCM.Core.BriefItem.BriefItemInfo
12,SobekCM_Core,SobekCM.Core.Items,SobekCM.Core.MemoryMgmt.CachedDataManager_ItemServices,SobekCM.Core.MemoryMgmt.AdoNetHelper
13,SobekCM_Core,SobekCM.Core.MARC,SobekCM.Core.MemoryMgmt.CachedDataManager_ItemServices,
14,SobekCM_Core,SobekCM.Core.MemoryMgmt,SobekCM.Core.Items.SobekCM_Items_In_Title,SobekCM.Core.BriefItem.BriefItemInfo' SobekCM.Core.EAD.EAD_Transfer_Object' SobekCM.Core.Items.Item_Hierarchy_Details' SobekCM.Core.Items.Item_Monthly_Usage' SobekCM.Core.Items.Item_Tracking_Details' SobekCM.Core.Items.SobekCM_Items_In_Title' SobekCM.Core.MARC.MARC_Transfer_Record' SobekCM.Core.Navigation.Search_Precision_Type_Enum' SobekCM.Core.Navigation.Navigation_Object' SobekCM.Core.Results.iSearch_Title_Result' SobekCM.Core.Results.Results_Arguments' SobekCM.Core.Results.Search_Results_Statistics' SobekCM.Core.SiteMap.SobekCM_SiteMap' SobekCM.Core.Users.Public_User_Folder' SobekCM.Core.Aggregations.Aggregation_Hierarchy' SobekCM.Core.Aggregations.Complete_Item_Aggregation' SobekCM.Core.Aggregations.Item_Aggregation' SobekCM.Core.Configuration.Localization.Web_Language_Enum' SobekCM.Core.Configuration.Localization.Web_Language_Enum_Converter' SobekCM.Core.WebContent.HTML_Based_Content' SobekCM.Core.WebContent.Hierarchy.WebContent_Hierarchy' SobekCM.Core.Skins.Complete_Web_Skin_Object' SobekCM.Core.Skins.Web_Skin_Object
15,SobekCM_Core,SobekCM.Core.Settings,SobekCM.Core.UI_Configuration.MapEditor_Configuration' SobekCM.Core.UI_Configuration.MapEditor_Configuration_Collection,SobekCM.Core.Builder.Builder_Module_Setting' SobekCM.Core.Builder.Builder_Source_Folder' SobekCM.Core.Configuration.Database_Instance_Configuration' SobekCM.Core.Configuration.Extensions.ExtensionInfo' SobekCM.Core.Settings.DbItemViewers.DbItemViewerTypes' SobekCM.Core.iSerializationEvents' SobekCM.Core.Search.Metadata_Search_Field' SobekCM.Core.Users.User_Object' SobekCM.Core.Configuration.Localization.Web_Language_Enum' SobekCM.Core.Configuration.Localization.Web_Language_Enum_Converter
16,SobekCM_Core,SobekCM.Core.UI_Configuration.StaticResources,SobekCM.Core.UI_Configuration.InstanceWide_UI_Configuration,
17,SobekCM_Core,SobekCM.Core.UI_Configuration.Viewers,SobekCM.Core.UI_Configuration.InstanceWide_UI_Configuration,
18,SobekCM_Core,SobekCM.Core.UI_Configuration,SobekCM.Core.Configuration.InstanceWide_Configuration,SobekCM.Core.Settings.Simple_Setting' SobekCM.Core.UI_Configuration.StaticResources.StaticResources_Configuration' SobekCM.Core.UI_Configuration.Viewers.WriterViewerConfig' SobekCM.Core.UI_Configuration.Citation.CitationConfig' SobekCM.Core.UI_Configuration.TemplateElements.TemplateElementsConfig
19,SobekCM_Core,SobekCM.Core.Configuration.Engine,SobekCM.Core.Configuration.InstanceWide_Configuration,
20,SobekCM_Core,SobekCM.Core.Configuration.OAIPMH,SobekCM.Core.Configuration.InstanceWide_Configuration,
21,SobekCM_Core,SobekCM.Core.Configuration.Localization,SobekCM.Core.Aggregations.Complete_Item_Aggregation_Home_Page' SobekCM.Core.Aggregations.Item_Aggregation' SobekCM.Core.UI_Configuration.Citation.CitationFieldSet' SobekCM.Core.ApplicationState.Language_Support_Info' SobekCM.Core.UI_Configuration.Citation.CitationElement' SobekCM.Core.MemoryMgmt.CachedDataManager_AggregationServices' SobekCM.Core.Settings.System_Settings' SobekCM.Core.Navigation.Navigation_Object' SobekCM.Core.Skins.Complete_Web_Skin_Object' SobekCM.Core.Aggregations.Complete_Item_Aggregation_Comparer' SobekCM.Core.Navigation.UrlWriterHelper' SobekCM.Core.Aggregations.Complete_Item_Aggregation_Highlights' SobekCM.Core.Configuration.QualityControl_Configuration' SobekCM.Core.Configuration.QualityControl_Division_Config' SobekCM.Core.Aggregations.Complete_Item_Aggregation_Child_Page' SobekCM.Core.Aggregations.Complete_Item_Aggregation' SobekCM.Core.Configuration.ContactForm_Configuration' SobekCM.Core.Aggregations.Simple_Aggregation' SobekCM.Core.Configuration.ContactForm_Configuration_Element,
22,SobekCM_Core,SobekCM.Core,SobekCM.Core.ApplicationState.Multiple_Volume_Item' SobekCM.Core.ApplicationState.IP_Restriction_Ranges' SobekCM.Core.WebContent.Hierarchy.WebContent_Hierarchy' SobekCM.Core.ApplicationState.Aggregation_Code_Manager' SobekCM.Core.Users.User_Aggregation_Permissions' SobekCM.Core.Settings.InstanceWide_Settings' SobekCM.Core.WebContent.Single.Single_WebContent_Change_Report,
23,SobekCM_Core,SobekCM.Core.MicroservicesClient,,
24,SobekCM_Core,SobekCM.Core.Navigation,SobekCM.Core.Results.Results_Arguments' SobekCM.Core.Aggregations.Item_Aggregation' SobekCM.Core.Aggregations.Complete_Item_Aggregation' SobekCM.Core.Aggregations.Complete_Item_Aggregation_Comparer' SobekCM.Core.MemoryMgmt.CachedDataManager,SobekCM.Core.Configuration.Localization.Web_Language_Enum' SobekCM.Core.Configuration.Localization.Web_Language_Enum_Converter
25,SobekCM_Core,SobekCM.Core.OAI,,
26,SobekCM_Core,SobekCM.Core.ResultTitle,,SobekCM.Core.BriefItem.BriefItem_DescTermValue
27,SobekCM_Core,SobekCM.Core.Results,SobekCM.Core.MemoryMgmt.CachedDataManager,SobekCM.Core.Navigation.Search_Type_Enum' SobekCM.Core.Navigation.Search_Precision_Type_Enum
28,SobekCM_Core,SobekCM.Core.Search,SobekCM.Core.Settings.InstanceWide_Settings,
29,SobekCM_Core,SobekCM.Core.Serialization,,
30,SobekCM_Core,SobekCM.Core.SiteMap,SobekCM.Core.MemoryMgmt.CachedDataManager,
31,SobekCM_Core,SobekCM.Core.Skins,SobekCM.Core.MemoryMgmt.CachedDataManager_WebSkinServices' SobekCM.Core.Aggregations.Item_Aggregation' SobekCM.Core.Aggregations.Complete_Item_Aggregation,SobekCM.Core.Configuration.Localization.Web_Language_Enum
32,SobekCM_Core,SobekCM.Core.UI_Configuration.Citation,SobekCM.Core.UI_Configuration.InstanceWide_UI_Configuration,SobekCM.Core.Configuration.Localization.Web_Language_Enum' SobekCM.Core.Configuration.Localization.Web_Language_Translation_Value
33,SobekCM_Core,SobekCM.Core.UI_Configuration.TemplateElements,SobekCM.Core.UI_Configuration.InstanceWide_UI_Configuration,
34,SobekCM_Core,SobekCM.Core.Users,SobekCM.Core.MemoryMgmt.CachedDataManager' SobekCM.Core.Configuration.ContactForm_Configuration_Element' SobekCM.Core.Configuration.ContactForm_Configuration' SobekCM.Core.Configuration.Authentication.Shibboleth_Configuration_Mapping' SobekCM.Core.Configuration.Authentication.Shibboleth_Configuration' SobekCM.Core.Settings.InstanceWide_Settings' SobekCM.Core.WebContent.HTML_Based_Content,SobekCM.Core.iSerializationEvents
35,SobekCM_Core,SobekCM.Core.WebContent.Hierarchy,SobekCM.Core.MemoryMgmt.CachedDataManager_WebContentServices,SobekCM.Core.iSerializationEvents
36,SobekCM_Core,SobekCM.Core.WebContent,SobekCM.Core.Aggregations.Item_Aggregation' SobekCM.Core.MemoryMgmt.CachedDataManager_AggregationServices' SobekCM.Core.Aggregations.Complete_Item_Aggregation_Child_Page' SobekCM.Core.MemoryMgmt.CachedDataManager_WebContentServices' SobekCM.Core.WebContent.Admin.WebContent_Basic_Pages,SobekCM.Core.Aggregations.Item_Aggregation' SobekCM.Core.Users.User_Object
37,SobekCM_Core,SobekCM.Core.WebContent.Single,SobekCM.Core.WebContent.Admin.WebContent_Usage_Report,SobekCM.Core.Milestone_Entry
38,SobekCM_Core,SobekCM.Core.WebContent.Admin,,SobekCM.Core.WebContent.WebContent_Basic_Info' SobekCM.Core.WebContent.Single.WebContent_Page_Usage
39,SobekCM_Core,SobekCM.Core.XSLT,,
