,col0,col1,col2,col3,col4,col5,col6,col7,col8,col9,col10,col11,col12,col13,col14,col15,col16,col17,col18,col19
0,a49b19d4-9bad-11eb-a8a2-19ed5c03f8d3,genus,Scortechinia,,,Sacc.,Q707840,1891.0,,Syll. fung. (Abellini) 9: 604 (1891),,,,a49b19d4-9bad-11eb-a8a2-19ed5c03f8d3,,,,,22471.0, 
1,78fc9560-9bac-11eb-a8a2-19ed5c03f8d3,species,acanthostroma,Scortechinia,,(Mont.) Sacc. & Berl.,"Q1029228,Q707840,Q3629679",,,,,,,0606f6a8-9bad-11eb-a8a2-19ed5c03f8d3,,,,,164952.0, 
2,32e5f5e8-8fcd-11eb-924d-9cd76263cbd0,species,arborea,Scortechinia,,(Elmer) Merr.,"Q1105726,Q729926",1916.0,,"Philipp. J. Sci., C 11: 75 1916",,,,,,356152-1,wfo-0000800078,5378476.0,,
3,007d88f0-9bad-11eb-a8a2-19ed5c03f8d3,species,chaetomioides,Scortechinia,,(Penz. & Sacc.) Arx & E. Müll.,"Q3887349,Q707840",,,,,,,ba371306-9bad-11eb-a8a2-19ed5c03f8d3,,,,,305678.0, 
4,5dcb9e4e-9bac-11eb-a8a2-19ed5c03f8d3,species,conferta,Scortechinia,,(Schwein.) Subram. & Sekar,"Q1822110,Q21610001",1993.0,,Kavaka 18(1-2): 47 (1993),,,,,,,,,414140.0, Seortechinia
5,794813c8-9bac-11eb-a8a2-19ed5c03f8d3,species,culcitella,Scortechinia,,(Berk. & Ravenel) Speg.,"Q662338,Q3127757,Q648013",1888.0,,Anal. Soc. cient. argent. 26(1): 29 (1888),,,,0e2d191c-9bac-11eb-a8a2-19ed5c03f8d3,,,,,165486.0, 
6,03be6778-9bad-11eb-a8a2-19ed5c03f8d3,species,culicitella,Scortechinia,,,,,,,,,,03be6778-9bad-11eb-a8a2-19ed5c03f8d3,,,,,120278.0, 
7,007dbf28-9bad-11eb-a8a2-19ed5c03f8d3,species,euomphala,Scortechinia,,(Berk. & M.A. Curtis) Arx & E. Müll.,Q662338,1954.0,,Beitr. Kryptfl. Schweiz 11(no. 1): 380 (1954),,,,8535de7c-9bac-11eb-a8a2-19ed5c03f8d3,,,,,305679.0, 
8,0b0cd81c-8fcc-11eb-924d-9cd76263cbd0,species,forbesii,Scortechinia,,Hook.f.,Q157501,,,Hooker's Icon. Pl. 18: t. 1706 1887,,,,,,356153-1,wfo-0000307542,5378480.0,,
9,0b0cfa04-8fcc-11eb-924d-9cd76263cbd0,species,kingii,Scortechinia,,Hook.f.,Q157501,,,Hooker's Icon. Pl. 18: t. 1706 1887,,,,,,356155-1,wfo-0000307543,5378481.0,,
10,32e6126c-8fcd-11eb-924d-9cd76263cbd0,species,malayana,Scortechinia,,(Hook.f.) Ridl.,"Q157501,Q733709",1925.0,,Fl. Malay Penins. 5: 332 1925,,,,181f0278-8fcc-11eb-924d-9cd76263cbd0,,356156-1,wfo-0000800079,5378254.0,,
11,007e0302-9bad-11eb-a8a2-19ed5c03f8d3,species,massae,Scortechinia,,(Cif.) Arx & E. Müll.,Q4516707,,,,,,,618137e2-9bac-11eb-a8a2-19ed5c03f8d3,,,,,305680.0, 
12,0b0d17d2-8fcc-11eb-924d-9cd76263cbd0,species,nicobarica,Scortechinia,,Hook.f.,Q157501,,,Hooker's Icon. Pl. 18: t. 1706 1887,,,,,,356157-1,wfo-0000307544,5378477.0,,
13,32e62ee6-8fcd-11eb-924d-9cd76263cbd0,species,paniculata,Scortechinia,,Ridl.,Q733709,1925.0,,Fl. Malay Penins. 5: 332 1925,,,,,,356158-1,wfo-0000800080,5378478.0,,
14,32e66942-8fcd-11eb-924d-9cd76263cbd0,species,parvifolia,Scortechinia,,(Merr.) Merr.,Q729926,1916.0,,"Philipp. J. Sci., C 11: 76 1916",,,,,,356159-1,wfo-0000800082,5378479.0,,
15,007e5032-9bad-11eb-a8a2-19ed5c03f8d3,species,uniseriata,Scortechinia,,(Fitzp.) Arx & E. Müll.,,,,,,,,6d8dda04-9bac-11eb-a8a2-19ed5c03f8d3,,,,,305681.0, 
16,007f072a-9bad-11eb-a8a2-19ed5c03f8d3,species,usambarensis,Scortechinia,,(Rehm) Arx & E. Müll.,Q4393082,,,,,,,1b67a2be-9bac-11eb-a8a2-19ed5c03f8d3,,,,,305682.0, 
