,col0,col1,col2,col3,col4,col5,col6,col7,col8,col9,col10,col11,col12,col13,col14,col15,col16,col17,col18,col19,col20,col21,col22,col23,col24,col25,col26,col27,col28,col29,col30,col31
0,rs10226228,G,A,G,A,0.00737506,0.0259,0.370229,0.341948,False,False,False,ebi-a-GCST002245,7,32315613,0.0159,54162,0.1031,Alzheimer's disease (late onset),True,32315613,0.00106298,7,397732,4.0003699999999994e-12,ukb-b-17685,Maternal smoking around birth || id:ukb-b-17685,True,reported,igd,2,True
1,rs12405972,T,G,T,G,-0.00806153,0.0018,0.348302,0.324056,False,False,False,ebi-a-GCST002245,1,44097438,0.0164,54162,0.912,Alzheimer's disease (late onset),True,44097438,0.0010749000000000002,1,397732,6.4003e-14,ukb-b-17685,Maternal smoking around birth || id:ukb-b-17685,True,reported,igd,2,True
2,rs12923476,A,G,A,G,-0.00686495,0.0089,0.256949,0.256461,False,False,False,ebi-a-GCST002245,16,24798079,0.0174,54162,0.6078,Alzheimer's disease (late onset),True,24798079,0.00117285,16,397732,4.799989999999999e-09,ukb-b-17685,Maternal smoking around birth || id:ukb-b-17685,True,reported,igd,2,True
3,rs1323341,G,A,G,A,-0.00682946,-0.0644,0.781645,0.746521,False,False,False,ebi-a-GCST002245,9,14453010,0.0185,54162,0.0005139,Alzheimer's disease (late onset),True,14453010,0.00124268,9,397732,3.89996e-08,ukb-b-17685,Maternal smoking around birth || id:ukb-b-17685,True,reported,igd,2,True
4,rs2183947,A,G,A,G,-0.00784343,-0.0028,0.224954,0.21570599999999998,False,False,False,ebi-a-GCST002245,6,26159356,0.0183,54162,0.8784,Alzheimer's disease (late onset),True,26159356,0.00122528,6,397732,1.5e-10,ukb-b-17685,Maternal smoking around birth || id:ukb-b-17685,True,reported,igd,2,True
5,rs2428019,A,C,A,C,0.00702278,0.0342,0.23929099999999998,0.21272399999999997,False,False,False,ebi-a-GCST002245,11,113678423,0.0185,54162,0.06477999999999999,Alzheimer's disease (late onset),True,113678423,0.0012015999999999997,11,397732,5.1e-09,ukb-b-17685,Maternal smoking around birth || id:ukb-b-17685,True,reported,igd,2,True
6,rs35566160,G,A,G,A,0.00637328,-0.0031,0.27476999999999996,0.259443,False,False,False,ebi-a-GCST002245,2,164928199,0.0191,54162,0.873,Alzheimer's disease (late onset),True,164928199,0.00116502,2,397732,4.4999699999999996e-08,ukb-b-17685,Maternal smoking around birth || id:ukb-b-17685,True,reported,igd,2,True
7,rs36072649,A,T,A,T,-0.00717316,-0.0022,0.380845,0.365805,False,True,False,ebi-a-GCST002245,4,140939110,0.0161,54162,0.8899,Alzheimer's disease (late onset),True,140939110,0.00105655,4,397732,1.10002e-11,ukb-b-17685,Maternal smoking around birth || id:ukb-b-17685,True,reported,igd,2,True
8,rs4865667,T,C,T,C,-0.00581087,-0.0082,0.387775,0.363817,False,False,False,ebi-a-GCST002245,5,50748173,0.0159,54162,0.6051,Alzheimer's disease (late onset),True,50748173,0.00105303,5,397732,3.40001e-08,ukb-b-17685,Maternal smoking around birth || id:ukb-b-17685,True,reported,igd,2,True
9,rs576982,T,C,T,C,-0.00933094,0.0168,0.22786399999999998,0.244533,False,False,False,ebi-a-GCST002245,15,78870803,0.0184,54162,0.3618,Alzheimer's disease (late onset),True,78870803,0.00122232,15,397732,2.2998500000000002e-14,ukb-b-17685,Maternal smoking around birth || id:ukb-b-17685,True,reported,igd,2,True
10,rs6011779,T,C,T,C,-0.00993868,-0.0181,0.808714,0.809145,False,False,False,ebi-a-GCST002245,20,61984317,0.0274,54162,0.5089,Alzheimer's disease (late onset),True,61984317,0.00130401,20,397732,2.49977e-14,ukb-b-17685,Maternal smoking around birth || id:ukb-b-17685,True,reported,igd,2,True
11,rs62477310,C,T,C,T,-0.00577877,0.0139,0.48674300000000004,0.491054,False,False,False,ebi-a-GCST002245,7,114951541,0.016,54162,0.3873,Alzheimer's disease (late onset),True,114951541,0.0010297000000000001,7,397732,2e-08,ukb-b-17685,Maternal smoking around birth || id:ukb-b-17685,True,reported,igd,2,True
12,rs7002049,C,T,C,T,0.0075623,-0.015,0.7847,0.7833,False,False,False,ebi-a-GCST002245,8,93114414,0.0188,54162,0.4245,Alzheimer's disease (late onset),True,93114414,0.00124967,8,397732,1.4000099999999998e-09,ukb-b-17685,Maternal smoking around birth || id:ukb-b-17685,True,reported,igd,2,True
13,rs75596189,T,C,T,C,0.012052799999999999,-0.0193,0.10998599999999999,0.08946319999999999,False,False,False,ebi-a-GCST002245,9,136468701,0.0267,54162,0.47,Alzheimer's disease (late onset),True,136468701,0.00164225,9,397732,2.09991e-13,ukb-b-17685,Maternal smoking around birth || id:ukb-b-17685,True,reported,igd,2,True
14,rs7899608,T,C,T,C,0.0087823,-0.0123,0.141291,0.13817100000000002,False,False,False,ebi-a-GCST002245,10,104727304,0.0221,54162,0.5796,Alzheimer's disease (late onset),True,104727304,0.00147053,10,397732,2.3000100000000002e-09,ukb-b-17685,Maternal smoking around birth || id:ukb-b-17685,True,reported,igd,2,True
15,rs794356,A,G,A,G,-0.00607554,0.0076,0.442097,0.46719700000000003,False,False,False,ebi-a-GCST002245,7,75196531,0.0169,54162,0.6525,Alzheimer's disease (late onset),True,75196531,0.00108172,7,397732,1.89998e-08,ukb-b-17685,Maternal smoking around birth || id:ukb-b-17685,True,reported,igd,2,True
