,col0,col1,col2,col3,col4,col5,col6,col7,col8,col9,col10,col11,col12,col13,col14,col15,col16,col17,col18,col19
0,df41e136-8fd1-11eb-924d-9cd76263cbd0,genus,Amphitecna,,,Miers,Q575253,1868.0,,Trans. Linn. Soc. London 26: 163. 1868. (5 Mar-11 Apr 1868),,Q55808834,,,,3988-1,wfo-4000001744,3172582.0,,
1,2a3f12da-8fcd-11eb-924d-9cd76263cbd0,species,apiculata,Amphitecna,,A.H.Gentry,Q449930,1977.0,,Rhodora 79: 435 1977,,Q100413362,,,,11650-2,wfo-0000780933,4094111.0,,
2,2a3f2e3c-8fcd-11eb-924d-9cd76263cbd0,species,breedlovei,Amphitecna,,A.H.Gentry,Q449930,1977.0,,Rhodora 79: 432 1977,,Q100413362,,,,11651-2,wfo-0000780934,4094095.0,,
3,2a3f4bd8-8fcd-11eb-924d-9cd76263cbd0,species,costata,Amphitecna,,A.H.Gentry,Q449930,1977.0,,Rhodora 79: 431 1977,,Q100413362,,,,11652-2,wfo-0000780935,4094076.0,,
4,2a3f6762-8fcd-11eb-924d-9cd76263cbd0,species,donnell-smithii,Amphitecna,,(Sprague) L.O.Williams,"Q2422076,Q1871895",1973.0,,"Fieldiana, Bot. 36(4): 22 1973",,,,2abeb2e2-8fcd-11eb-924d-9cd76263cbd0,,11653-2,wfo-0000780936,4094061.0,,
5,2a3f83dc-8fcd-11eb-924d-9cd76263cbd0,species,gentryi,Amphitecna,,W.C.Burger,Q3568484,2000.0,,"Fieldiana, Bot. n.s., 41: 103 2000",,,,,,20001125-1,wfo-0000780937,4094049.0,,
6,aab5bd7a-8fd1-11eb-924d-9cd76263cbd0,species,haberi,Amphitecna,,A.H.Gentry,Q449930,,,,,,,,,,wfo-0001214902,7597158.0,,
7,2a3fa38a-8fcd-11eb-924d-9cd76263cbd0,species,isthmica,Amphitecna,,(A.H.Gentry) A.H.Gentry,Q449930,1976.0,,Taxon 25: 108 1976,,Q28954244,,,,108216-1,wfo-0000780938,4094040.0,,
8,2a3fbed8-8fcd-11eb-924d-9cd76263cbd0,species,kennedyi,Amphitecna,,(A.H.Gentry) A.H.Gentry,Q449930,1976.0,,Taxon 25: 108 1976,,Q28954244,,2acb1d34-8fcd-11eb-924d-9cd76263cbd0,,108217-1,wfo-0000780939,4094028.0,,
9,2a3ffa24-8fcd-11eb-924d-9cd76263cbd0,species,latifolia,Amphitecna,,(Mill.) A.H.Gentry,"Q312678,Q449930",1976.0,,Taxon 25: 108 1976,,Q28954244,,,,108218-1,wfo-0000780941,3172583.0,,
10,2a401658-8fcd-11eb-924d-9cd76263cbd0,species,lundellii,Amphitecna,,A.H.Gentry,Q449930,1982.0,,Wrightia 7: 83 1982,,,,,,11654-2,wfo-0000780942,4094001.0,,
11,2a403016-8fcd-11eb-924d-9cd76263cbd0,species,macrophylla,Amphitecna,,(Seem.) Miers ex Baill.,"Q64899,Q575253,Q461931",1882.0,,Rev. Hort. 54: 465 1882,,,,,,108219-1,wfo-0000780943,,,
12,2a404bf0-8fcd-11eb-924d-9cd76263cbd0,species,megalophylla,Amphitecna,,(Donn.Sm.) A.H.Gentry,"Q368277,Q449930",1980.0,,Fl. Neotrop. Monogr. 25(1): 71 1980,,,,295d7b5e-8fcd-11eb-924d-9cd76263cbd0,,11655-2,wfo-0000780944,4093957.0,,
13,2a4065ea-8fcd-11eb-924d-9cd76263cbd0,species,molinae,Amphitecna,,L.O.Williams,Q1871895,1973.0,,"Fieldiana, Bot. 36(4): 22 1973",,,,,,11656-2,wfo-0000780945,4093937.0,,
14,2a40862e-8fcd-11eb-924d-9cd76263cbd0,species,montana,Amphitecna,,L.O.Williams,Q1871895,1973.0,,"Fieldiana, Bot. 36(4): 22 1973",,,,,,11657-2,wfo-0000780946,4093922.0,,
15,2a40a32a-8fcd-11eb-924d-9cd76263cbd0,species,nigripes,Amphitecna,,(Linden) Baill.,"Q781362,Q461931",1882.0,,Rev. Hort. 1882: 465 1882,,,,2ac03b4e-8fcd-11eb-924d-9cd76263cbd0,,108223-1,wfo-0000780947,4093913.0,,
16,2a40bdb0-8fcd-11eb-924d-9cd76263cbd0,species,oblanceolata,Amphitecna,,L.O.Williams,Q1871895,1973.0,,"Fieldiana, Bot. 36(4): 23 1973",,,,,,11658-2,wfo-0000780948,4093892.0,,
17,2a40dcaa-8fcd-11eb-924d-9cd76263cbd0,species,obovata,Amphitecna,,(Benth.) L.O.Williams,"Q731808,Q1871895",1973.0,,"Fieldiana, Bot. 36(4): 25 1973",,,,,,11659-2,wfo-0000780949,4093875.0,,
18,2a40f9ba-8fcd-11eb-924d-9cd76263cbd0,species,parviflora,Amphitecna,,A.H.Gentry,Q449930,1980.0,,Fl. Neotrop. Monogr. 25(1): 75 1980,,,,,,11660-2,wfo-0000780950,4093855.0,,
19,2a41301a-8fcd-11eb-924d-9cd76263cbd0,species,regalis,Amphitecna,,(Linden) A.H.Gentry,"Q781362,Q449930",1980.0,,Fl. Neotrop. Monogr. 25(1): 76 1980,,,,,,11661-2,wfo-0000780952,4093838.0,,
20,2a414dfc-8fcd-11eb-924d-9cd76263cbd0,species,sessilifolia,Amphitecna,,(Donn.Sm.) L.O.Williams,"Q368277,Q1871895",1973.0,,"Fieldiana, Bot. 36(4): 25 1973",,,,,,11662-2,wfo-0000780953,4093820.0,,
21,2a41685a-8fcd-11eb-924d-9cd76263cbd0,species,silvicola,Amphitecna,,L.O.Williams,Q1871895,1973.0,,"Fieldiana, Bot. 36(4): 25 1973",,,,,,11663-2,wfo-0000780954,4093807.0,,
22,2a418560-8fcd-11eb-924d-9cd76263cbd0,species,spathicalyx,Amphitecna,,(A.H.Gentry) A.H.Gentry,Q449930,1976.0,,Taxon 25: 108 1976,,Q28954244,,2acc1374-8fcd-11eb-924d-9cd76263cbd0,,108230-1,wfo-0000780955,4093797.0,,
23,2a419f14-8fcd-11eb-924d-9cd76263cbd0,species,steyermarkii,Amphitecna,,(A.H.Gentry) A.H.Gentry,Q449930,1976.0,,Taxon 25: 108 1976,,Q28954244,,,,108231-1,wfo-0000780956,4093786.0,,
24,2a41ba80-8fcd-11eb-924d-9cd76263cbd0,species,tuxtlensis,Amphitecna,,A.H.Gentry,Q449930,1980.0,,Fl. Neotrop. Monogr. 25(1): 81 1980,,,,,,11664-2,wfo-0000780957,4093768.0,,
