,col0,col1,col2,col3,col4,col5,col6,col7,col8,col9,col10,col11,col12,col13,col14,col15,col16,col17,col18,col19
0,a4905dd2-9bad-11eb-a8a2-19ed5c03f8d3,genus,Racospermyces,,,J. Walker,,2001,,Australas. Mycol. 20(1): 13 (2001),,,,a4905dd2-9bad-11eb-a8a2-19ed5c03f8d3,,,,,28504, 
1,71ea7a02-9bad-11eb-a8a2-19ed5c03f8d3,species,angustiphyllodius,Racospermyces,,(D.E. Gardner) J. Walker,,2001,,Australas. Mycol. 20(1): 21 (2001),,,,318bbd36-9bad-11eb-a8a2-19ed5c03f8d3,,,,,483592, 
2,71ea0b9e-9bad-11eb-a8a2-19ed5c03f8d3,species,bicinctus,Racospermyces,,(McAlpine) J. Walker,,2001,,Australas. Mycol. 20(1): 16 (2001),,,,7b1fde0a-9bad-11eb-a8a2-19ed5c03f8d3,,,,,483589, 
3,71e9d638-9bad-11eb-a8a2-19ed5c03f8d3,species,digitatus,Racospermyces,,(G. Winter) J. Walker,,2001,,Australas. Mycol. 20(1): 13 (2001),,,,,,,,,483588, 
4,71ea3966-9bad-11eb-a8a2-19ed5c03f8d3,species,hyalosporus,Racospermyces,,(Sawada) J. Walker,Q21607805,2001,,Australas. Mycol. 20(1): 17 (2001),,,,7277b482-9bab-11eb-a8a2-19ed5c03f8d3,,,,,483590, 
5,b4c10cba-9bad-11eb-a8a2-19ed5c03f8d3,species,koae,Racospermyces,,(Arthur) J. Walker,Q1706753,2001,,Australas. Mycol. 20(1): 20 (2001),,,,5b79a186-9bac-11eb-a8a2-19ed5c03f8d3,,,,,483591, 
6,71ead204-9bad-11eb-a8a2-19ed5c03f8d3,species,tierneyi,Racospermyces,,J. Walker & R.G. Shivas,,2001,,Australas. Mycol. 20(1): 23 (2001),,,,71ead204-9bad-11eb-a8a2-19ed5c03f8d3,,,,,483593, 
