,col0,col1,col2,col3,col4,col5,col6,col7,col8,col9,col10
0,1212406,comment,1212003.0,1212298.0,0,0,sipior,,,"""Anybody"" is singular, so your last sentence should be: ""News agencies in China don't have anybody who writes proper English?""",1269327597
1,1212405,comment,1212300.0,1212318.0,0,0,chaosmachine,,,"Most USB devices aren't hardwired to a cable (except mice/keyboards). You just need to buy a few cables with these ends on them. It would also be possible to create an extension cable with one of these ends, for devices that are hardwired.",1269327548
2,1212404,comment,1212300.0,1212300.0,0,0,NateLawson,,,"I don't think this guy understands USB. It isn't a matter of not having passthrough connectors, it's a matter of one device per port is how it fundamentally works. Unless he is planning to put a small 2-port hub in each connector (one for the device, one for the downstream port), this kind of thing just won't work.<p>I'm guessing this is an issue of an industrial designer thinking ""those silly computer engineers, why didn't they think to add passthrough?"" without understanding how USB works.",1269327454
3,1212403,comment,1212051.0,1212394.0,0,0,olefoo,,,That sort of thing is why /root is now root's home directory.,1269327381
4,1212402,comment,1211938.0,1211938.0,0,0,jacoblyles,,,A human teacher isn't always available to demonstrate things. How can we duplicate the experience of teaching for people with nothing but a browser and desire?,1269327377
5,1212401,comment,1212279.0,1212279.0,0,0,jason_tko,,,"There are a few of us around.  Perhaps we should organise a Japan HN get-together.  Patio11 is out in Nagoya though I think, which might make things a bit difficult.<p>If anyone in Japan is interested in this, please contact me through my email address, and I'll organise a small event.",1269327274
6,1212400,comment,1211207.0,1211207.0,0,0,ostrichpincher,,,"A little comment on the Ghent mayor's office intentions:<p>The normal way of doing things is this: When a police officer notices an illegally put up poster, he has to do all the necessary paperwork to aid the public prosecutor in his legal actions against the person or organisation who put up the poster. That's, if the responsible person or organisation is known. If not, the police officer will have to do some inverstigative work. \nAfter that it has to go to trial and could cost the defendant 120 EURO per poster, while costing the community much much more. (cleaning, police hours...)<p>You can see the means and hours that would have to go into this...for a poster. Still, the city wants to get rid of the problem. Hence, this idea.<p>It's true that from a legal point of view, the city itself is culpable of putting up stickers where it's illegal to do that. They've admitted to that, but say that it's a choice between doing the 120 EURO fine thing or the quick and more cost effective way while getting public attention for the problem they want to address and create awareness for.<p>And since the story was all over the news...a job well done.<p>Take care,\nKarl (pinching the ostrich)",1269327124
7,1212399,comment,1212003.0,1212366.0,0,0,benologist,,,"They made a deliberate and conscious decision to move into the Chinese market, with full awareness of the laws and regulations they would be bound to.",1269327123
8,1212398,comment,1211567.0,1212299.0,0,0,indrax,,,"I realize this is going to seem a lot like a 'no true scotsman' argument, but I think there's a problem with saying consequentialism has bad consequences. If it has had bad consequences, they weren't doing it right. (or _possibly_ they just had very different values)<p>It's also possible to be consequentialist and still refuse to due certain things on principle, even if it seems like the right thing to do, because you know you are prone to be wrong about that kind of thing.<p><a href=""http://lesswrong.com/lw/uv/ends_dont_justify_means_among_humans/"" rel=""nofollow"">http://lesswrong.com/lw/uv/ends_dont_justify_means_among_hum...</a>",1269327109
9,1212397,story,,,3,2,roachsocal,Douglas Crockford + Chuck Norris = @CrockfordFacts,http://twitter.com/CrockfordFacts,,1269326838
10,1212396,comment,1212170.0,1212170.0,0,0,krav,,,"After taxes, that's about $32K.  If hacker lives in California, that's $15.2K.  Makes you wonder why more hackers don't run bot farms.",1269326759
11,1212395,comment,1211959.0,1212342.0,0,0,natrius,,,"For more information on the higher order planning faculties discussed in the above comment, google ""executive function"".",1269326667
12,1212394,comment,1212051.0,1212371.0,0,0,zellux,,,"AFAIK a single <i>cd</i> command will set current working directory to /root, and <i>rm -rf</i> will only remove everything under /root. Or does <i>cd</i> command had different behavior in Unix at that time, comparing to shells today?",1269326617
13,1212393,comment,1212051.0,1212371.0,0,0,olefoo,,,"""Because they are root and those are just files.""<p>Just because you are root doesn't mean you should be able to do whatever you like to the filesystem at any time. Most modern unix variants (including linux) support file attributes such as immutability, see the man page for chattr(1) if you want more. In BSD land there is additionally the concept of Secure Levels which limit the ability of root to change file attributes under different circumstances; generally you have to reboot into single user mode to overwrite files or directories marked as immutable or delete ones marked as append_only.",1269326564
14,1212392,comment,1212051.0,1212362.0,0,0,nash,,,"Sod any 'non-empty line'<p><pre><code>  /usr/bin/grep '^' > output\n</code></pre>\nOr even better, grep can be an editor with line filtering - if you make an mistake, have it throw away the line:<p><pre><code>  /usr/bin/grep -v '%' > output\n</code></pre>\n(Any line with a %, throw away, keep the rest - good for multi-line files)",1269326543
15,1212391,story,,,1,0,lisper,"4store: an efficient, scalable and stable RDF database",http://4store.org/,,1269326445
16,1212390,comment,1211898.0,1212142.0,0,0,derefr,,,"I think the problem is that, now, POST means something more like ""send the resource a message, as if it were an OOP-style object."" Anything can happen when you POST.<p>PATCH is just, well, a patch—;)—to get back to the original semantics of POST, since with people using POST the way they currently do, those semantics (for things like caching) are unreliable.",1269326444
17,1212389,comment,1212171.0,1212309.0,0,0,jamesgolick,,,"In retrospect, logging was absolutely the wrong example for this article. I intend to follow up with a better example.<p>In the case of logging, an observer may or may not be appropriate depending on the specifics of your application. In your Go app, it sounds like a NotificationObserver makes perfect sense.<p>The broader point that I was trying to make in the article was that coupling all of your business logic to your persistence objects is a bad idea. It couples all of the concerns together, and with larger codebases, makes for slow tests and code that's difficult to reason about and debug.<p>If your business logic lives outside of your persistence layer, service objects can be a great way to coordinate several objects necessary to complete some user action. Observers can work quite well too.<p>As long as business logic is decoupled from persistence, I think a big step has been made towards better code.",1269326429
18,1212388,story,,,2,1,daven11,The manifesto of the futurist programmers,http://www.graficaobscura.com/future/futman.html,,1269326327
19,1212386,comment,1208510.0,1208665.0,0,0,kingkilr,,,What I've heard is that facebook is using Cassandra exclusively for inboxes (and that they're using hbase for a bunch of other stuff).,1269326138
20,1212385,comment,1211328.0,1211841.0,0,0,adamtmca,,,"Debt in a company isn't like personal debt. Debt, used properly, is a lever to increase profitability. Even very profitable companies that have no ""need"" for debt will have a target capital structure that includes some debt. It's about maximizing returns for the shareholders. Or freedom or something..<p>I enjoyed Rework but I find the canonical way they try to pass of these opinions increasingly distasteful.",1269326112
21,1212383,story,,,1,0,pakafka,Chatroulette Piano Player Reinstated at YouTube,http://mediamemo.allthingsd.com/20100322/ben-folds-and-the-mystery-of-merton-the-chatroulette-piano-guy/,,1269325972
22,1212382,comment,1211898.0,1212142.0,0,0,alexandros,,,"POST is the wildcard verb when you can't use anything else. PATCHing seemed to be a common enough use case to warrant standardising. PATCH, combined with ETags, offers idempotentcy meaning that if you are unsure of success you can simply repeat the operation. This can really come in handy in a distributed system working over a network. (PUT and DELETE have this property, POST does not) Also, when intermediaries can understand what you're doing, they can handle caching much better, invalidating what they must, etc. Again, POST does not give you that luxury.",1269325967
23,1212381,comment,1212051.0,1212237.0,0,0,barrkel,,,"The choice of what snapshot to mount is part of the boot process, as chosen by grub. Nexenta's apt-clone creates a new snapshot for every system upgrade and adds a new boot entry for rolling back in case it doesn't work.",1269325900
24,1212379,comment,1212051.0,1212343.0,0,0,olefoo,,,Did that version of BSD have secure levels? Updating systems where the system binaries are marked immutable can sometimes be a pain; but the comfort level it provides is remarkable.,1269325843
25,1212378,comment,1212051.0,1212245.0,0,0,rdtsc,,,Perhaps just use shells with more builtin commands? Something like busybox. So if you ever do rm -rf * and don't close your shell you still have all the basic utilities available.,1269325825
26,1212375,comment,1212274.0,1212274.0,0,0,pan69,,,"""most of the people in the video didn’t know that they were becoming part of a viral video.""<p>If we only knew the formula for viral videos, ad agencies would be all over that. Unfortunately/Luckily, there is no such formula..",1269325710
27,1212373,comment,1210172.0,1210172.0,0,0,mattm,,,"When reading about interviews I always remember about a study mentioned in ""What Colour is Your Parachute?""  They said that HR professionals selecting candidates had a slightly LESS success rate than completely random choices when looking at the candidates' performances 6-12 months later.<p>The idea to always ""hire people smarter than you"" has never really made sense to me.  If you always hire people smarter than you, won't everyone eventually realise they're working for an idiot and leave?<p>The people I've enjoyed working the most for have been people around the same intelligence as me, IMO.",1269325647
28,1212371,comment,1212051.0,1212343.0,0,0,rdtsc,,,Because they are root and those are just files.<p>Perhaps they need to alias rm to 'rm -I' (-I : prompt once before removal)? I remember one of the MandrakeLinux versions had that enabled by default many years ago. It saved me a couple of times when I was still a Unix noobie.,1269325591
29,1212370,comment,1211898.0,1212199.0,0,0,kogir,,,"Ok, bad example.<p>Imagine an item for sale that has 100KB of text as a description.  Does it really make sense to link to the description text rather than keep it along with the name, price, etc?<p>Does it make sense to update it every time from say, a mobile client?",1269325560
30,1212369,comment,1212279.0,1212321.0,0,0,JacobAldridge,,,"As is, I believe, jrockway (<a href=""http://news.ycombinator.com/user?id=jrockway"" rel=""nofollow"">http://news.ycombinator.com/user?id=jrockway</a>)?",1269325525
31,1212368,comment,1211090.0,1211486.0,0,0,netcan,,,"That would have interesting implications. If Google relocated a large number of employees someplace with a pleasant immigration process, I mean.",1269325359
32,1212367,comment,1212300.0,1212300.0,0,0,potatolicious,,,This has always been the reason I liked Firewire more than USB...,1269325351
33,1212366,comment,1212003.0,1212118.0,0,0,runT1ME,,,"""Google was never forced to do anything.""<p>Lol wut.  You need to think about what you're saying.  Go ""not doing anything"" they would be serving up whatever content their algorithm deems relevant.<p>Its 'censoring' that is doing something, and they simply chose not to do it.",1269325317
34,1212365,story,,,2,0,shorbaji,Justin.tv: The Iphone App,http://blog.justin.tv/justintv-iphone-app/,,1269325288
35,1212364,comment,1210972.0,1211879.0,0,0,jon_dahl,,,"Looks like less - $26M according to Crunchbase.[1] Far less than the capital it raised. Maybe you mean FriendFeed?<p>[1] <a href=""http://www.crunchbase.com/company/friendster"" rel=""nofollow"">http://www.crunchbase.com/company/friendster</a>",1269325286
36,1212363,comment,1212051.0,1212349.0,0,0,rdtsc,,,Perhaps using grep to match anything and thus output the whole file?<p><pre><code>    grep '.*' file</code></pre>,1269325259
37,1212362,comment,1212051.0,1212349.0,0,0,olefoo,,,"Match any non-empty line.<p><pre><code>   /usr/bin/grep "".*"" /path/of/file</code></pre>",1269325249
38,1212360,story,,,1,0,deanerimerman,5 Hiring Tips For Startups,http://www.readwriteweb.com/start/2010/03/5-hiring-tips-for-startups.php#more,I'm the new one at RWW... I may have more time to listen than the others? ;),1269325168
39,1212359,comment,1211328.0,1211402.0,0,0,netcan,,,"What drives me crazy is that people take pots like this or Seth Godin or anyone writing like this and applying the criticism suitable to a paper on epistemology.<p>If people had to actually write in all the 'qualifiers for smartasses' to avoid it, they would make pretty awful reading. The frustrating thing is, this reads like it's already been through some of that. He's very obviously not claiming some iron causality between debt and profitability. Just a relationship, in his case, possibly, consult your doctor before attempting.<p>It's not the purpose of the article and it would be a tangent to go off and explain this relationship. Again, if you were making a subtle epistemological argument about the relationship between knowledge and certainty, go chase down everything. This is a blog post about the joys of running a profitable business.<p>No one is going to build a business from a literalistic interpretation of a blog post.",1269325131
40,1212358,story,,,1,0,aptimpropriety,"Ask HN: Free, Twitter-like nano-blogging SMS enabled livestream webapp?",,"I'm looking for a (cheap or free) web app/service that will allow me to take in and produce a live stream of SMS/emails from audience members in a presentation room (to be projected on a side projector).<p>This can be accomplished on twitter with a combinator of Twittermail.com and Twitpic.com, however I'm looking for a web-app that will allow for easier SMS access (ATT users have to use an SMS gateway code to send emails from their phones) and will allow for me to create a non-public feed.<p>Ideally, the solution would not require the SMS/emailers to sign up in any way (a la twittermail), and would operate without any moderation (I trust the audience).<p>Present.ly comes close, Yammer as well - perhaps I'm looking at services that too closely target dynamic user interaction.<p>Suggestions?",1269325051
41,1212357,comment,1212051.0,1212349.0,0,0,fhars,,,You can use<p><pre><code>  grep '.*' > /etc/password\n</code></pre>\ninstead of<p><pre><code>  cat > /etc/password</code></pre>,1269325038
42,1212355,comment,1211989.0,1212184.0,0,0,fnid2,,,some of us are engineers.,1269324947
43,1212354,comment,1211146.0,1211547.0,0,0,kunqiana,,,"""feeling good"" seems a bit generic here. I doubt he means the same thing as inspiration. The competitive nature of chess and the fact that it is a ""game"", is usually enough to motivate someone to work harder after winning a few games (ie warcraft). Where as in writing and writing software there are more mental blocks and success and gratifications are generally slower, and also harder to get back on track if you start ""feeling bad"". So I think discipline is more important in activities that takes longer to feel gratified.",1269324947
44,1212353,comment,1212003.0,1212099.0,0,0,jhancock,,,That's not a correct statement.  Your Chinese company has the rights set forth by their laws.  It is true their judicial process is prone to more corruption than in the U.S.  But thats spotty and changing as well.  You just can't always count on winning a court battle in China because your rich and connected anymore.<p>I have witnessed very powerful Chinese officials and businessmen not take action against a rival because the action would have been unlawful and they didn't want to risk the penalties.  I have seen mid-level government officials block attempted actions from senior officials because the actions didn't follow the rules.,1269324855
45,1212351,comment,1211055.0,1212332.0,0,0,olefoo,,,"Because it costs money. An https connection requires an order of magnitude more resources to set up and maintain than a plain old http connection.<p>Even with hardware acceleration it takes more electricity per connection, and dedicated SSL accelerator boxes are not cheap (a pair of load-balancers with SSL acceleration will cost more than a new car).<p>When you're operating at the scale of Google, that can add up quickly.",1269324725
46,1212350,comment,1212003.0,1212338.0,0,0,nostrademons,,,The Chinese people always have the option to simply <i>not use Google</i>.,1269324711
47,1212349,comment,1212051.0,1212051.0,0,0,vorador,,,Does someone know what's this use of grep as cat he alludes at ?,1269324691
48,1212348,story,,,7,0,Flemlord,Google Is Hiring Bond Traders,http://www.businessinsider.com/google-builds-bond-trading-desk-in-bid-to-make-money-off-of-cash-reserves-2010-3?utm_source=twitterfeed&utm_medium=twitter,,1269324656
49,1212347,comment,1212003.0,1212230.0,0,0,mark_h,,,"Man that makes sad -- go Australia :S  Although, note that at this stage it is still ""nominal"" in practice while the plans are yet to be implemented.",1269324640
50,1212346,story,,,1,0,dhotson,The Agile Skills Project,http://sites.google.com/site/agileskillsprojectwiki/home,,1269324570
51,1212345,comment,1210097.0,1210097.0,0,0,jbm,,,"Anyone who talks about Entrepeneurship in Japan and doesn't talk about the housing situation & concentration of industry in Tokyo is following fancy rather than reality.<p>When you are unable to rent anything other than the oldest (most undesirable) places without corporate approval, you are not likely to start your own business.<p>When all business deals are done in the most expensive part of the country, you and your sales staff are not likely to have experience dealing with problems that average people are going to deal with.",1269324566
52,1212344,comment,1211019.0,1212035.0,0,0,mtrichardson,,,"No - a Notifo or Prowl or other similar services could use us to deliver their notifications.  They are enabling push on web apps and other items and creating a consumer app that serves as a central point for the notifications, whereas we provide a service for any app developer to integrate.  Different targets and concepts :)",1269324394
53,1212343,comment,1212051.0,1212051.0,0,0,zellux,,,<p><pre><code>  # cd \n  # rm -rf *\n</code></pre>\nI'm wondering why they can delete files under /bin and /dev?,1269324355
54,1212342,comment,1211959.0,1211959.0,0,0,carterschonwald,,,"I feel like folks are tap dancing around the border of the parts of the topic that fall under the ""behind the counter"" category, so I'm going to jump over for y'all.<p>Adderall and related schedule II nootropic stimulants are amazingly effective for their intended roles and when used at medically indicated dosages (rather than doing the abusive equivalent of swallowing a bottle of no-doze caffeine pills) are among the safest drugs for which it is possible to get a prescription, in that any side effects induced by taking a prescribed dosage will cease soon after cessation of the medication.<p>That being said, the view that they are study drugs is not quite a complete or accurate picture of their cognitive effect. A more accurate but still imprecise view would be that at the correct dosage, adderall and family ""reduce the activation energy needed for attentional engagement"" and ""increase the baseline activity level of higher order planning faculties"" (that is, every time you have a ""I should do this vs i want to do that"" moment and chose the ""should do this"" path, you are actively using the higher order planning faculties).<p>These effects are why adderall et al are great for treating those who have ADHD, ie those who have a dysfunctionally high activation energy for attentional engagement in tasks, and perhaps due to insufficient activity of those higher order planning faculties that influence moment to moment behavior also have impulsive behavior and all the externalities that these difficulties imply. Study drugs they are not, they just happen to help you focus on what you really really want to focus on if you try hard enough.<p>If you do not have much in the way of excessively impulsive behavior or difficulty focusing on what you really really want to be doing when both well rested and in shape, then you do not stand to gain much / anything from using them.<p>If you're not well rested, either drink some strong tea (because caffeine and theanine are great!) or go to sleep, and if you're not in good physical health, go fix that with some exercise instead of whatever you'd be procrastinating with because that affects your quality of life  and net productivity more than getting another hour of work done. Adderall et al will not make you better at focusing just then and there.<p>I feel that people often lose sight of the fact that while the human brain can do amazing things, there are limits. With nootropics such as adderall, even a slightly higher dosage in the normal dosage range can essentially result in a sort of unpleasant ""overload"" of your ability to direct your focus. I suspect this is a miniature version of whatever those who recreationally abuse these stimulants experience, in which case they must be idiots because i don't understand how that could be pleasant.<p>if you have allergies that can be made tolerablish without something like zyrtec or claritin and you have work you need to do, don't take the allergy medication, they have essentially the exact opposite (I believe antagonistic is the term used) cognitive effect of prescription dosages of adderall et al.<p>Obvious caveat, everything I say is merely reflects my personal experience managing adhd, reading up on various bits, and observing how many people work. Also, it seems that at least anecdotally that the manner in which a person with unmedicated adhd structures and approaches work is radically different from how everyone else does so, and that part of the adhd treatment process is sort of a (think HeMan) ""By the power of ADDERALL, I shall use my newfound powers of ease of attentional engagement to devise more effective and efficient ways of structuring how I approach work""<p>theres probably things i'm overlooking, omitting, oversimplifying or exaggerating, but hopefully this has some useful information for someone.",1269324272
55,1212341,story,,,1,0,edragonu,Argentine Tango And Brilliantly Blogging,http://www.dragosroua.com/what-can-argentine-tango-teach-you-about-brilliant-blogging/,,1269324215
56,1212340,comment,1211826.0,1212329.0,0,0,cb15,,,Why should 'laws' decreed anywhere be respected?<p>Should laws that are counter to one's values be respected?<p>Should laws that seek to prevent a full human experience be respected?<p>Should we continue to support the artificial constructs of nation-states?  Why?,1269324061
57,1212339,comment,1211904.0,1211904.0,0,0,robgwin,,,"Great insights except for: ""...digital technologies may actually be the opportunity to get the consumer to pay for content when they were never willing to do so before"". Or as Homer Simpson put it, ""After years of failed get-rich-quick schemes, here's a scheme that'll really get me rich. And quick!""",1269324007
