,col0,col1,col2,col3,col4,col5,col6,col7,col8,col9,col10,col11,col12,col13,col14,col15,col16,col17,col18,col19
0,ea5613bc-8fd1-11eb-924d-9cd76263cbd0,genus,Shaferocharis,,,Urb.,Q64845,1912,,Symb. Antill. 7: 412. 1912.,,,,,,298108-2,wfo-4000035228,2900407.0,,
1,0c71b330-8fcc-11eb-924d-9cd76263cbd0,species,cubensis,Shaferocharis,,Urb.,Q64845,1912,,Symb. Antill. 7: 413 1912,,,,,,235377-2,wfo-0000309699,2900409.0,,
2,0c71d068-8fcc-11eb-924d-9cd76263cbd0,species,multiflora,Shaferocharis,,Borhidi & O.Muñiz,"Q548434,Q3352348",1971,,Acta Bot. Acad. Sci. Hung. 17: 33 1971,,,,,,,wfo-0000309700,2900408.0,,
3,0c71f746-8fcc-11eb-924d-9cd76263cbd0,species,villosa,Shaferocharis,,Borhidi & Bisse,"Q548434,Q6216549",1981,,Acta Bot. Acad. Sci. Hung. 27: 33 1981,,,,,,235381-2,wfo-0000309701,2900410.0,,
4,0c7276e4-8fcc-11eb-924d-9cd76263cbd0,species,mayarensis,Shaferodendron,,(Ekman ex Urb.) Gilly,"Q541549,Q64845,Q5764925",1942,,Trop. Woods 71: 4 1942,,,,e3bdf12e-8fcb-11eb-924d-9cd76263cbd0,,,wfo-0000309703,2885266.0,,
5,0c729638-8fcc-11eb-924d-9cd76263cbd0,species,moaensis,Shaferodendron,,Gilly,Q5764925,1942,,Trop. Woods 71: 4 1942,,,,,,235379-2,wfo-0000309704,2885264.0,,
6,ec23b498-8fcb-11eb-924d-9cd76263cbd0,species,shakespeareanum,,,G.Keller,Q1252447,1935,,Repert. Spec. Nov. Regni Veg. Sonderbeih. A 2: 298 1935,,,,,,648223-1,wfo-0000258740,,,
