,col0,col1,col2
0,1,ReplaceConstant,org.dynjs.runtime.builtins.types.array.prototype.Concat.<init>(Lorg/dynjs/runtime/GlobalContext;)V:17 - ReplaceConstant - 0 -> 1
1,2,ReplaceConstant,org.dynjs.runtime.builtins.types.array.prototype.Concat.<init>(Lorg/dynjs/runtime/GlobalContext;)V:17 - ReplaceConstant - item1 -> 
2,3,ReplaceConstant,org.dynjs.runtime.builtins.types.array.prototype.Concat.call(Lorg/dynjs/runtime/ExecutionContext;Ljava/lang/Object;[Ljava/lang/Object;)Ljava/lang/Object;:30 - ReplaceConstant - 0 -> 1
3,4,ReplaceComparisonOperator,org.dynjs.runtime.builtins.types.array.prototype.Concat.call(Lorg/dynjs/runtime/ExecutionContext;Ljava/lang/Object;[Ljava/lang/Object;)Ljava/lang/Object;:30 - ReplaceComparisonOperator == -> !=
4,5,ReplaceConstant,org.dynjs.runtime.builtins.types.array.prototype.Concat.call(Lorg/dynjs/runtime/ExecutionContext;Ljava/lang/Object;[Ljava/lang/Object;)Ljava/lang/Object;:31 - ReplaceConstant - 0 -> 1
5,6,InsertUnaryOp,org.dynjs.runtime.builtins.types.array.prototype.Concat.call(Lorg/dynjs/runtime/ExecutionContext;Ljava/lang/Object;[Ljava/lang/Object;)Ljava/lang/Object;:31 - InsertUnaryOp Negation of i
6,7,InsertUnaryOp,org.dynjs.runtime.builtins.types.array.prototype.Concat.call(Lorg/dynjs/runtime/ExecutionContext;Ljava/lang/Object;[Ljava/lang/Object;)Ljava/lang/Object;:31 - InsertUnaryOp IINC 1 i
7,8,InsertUnaryOp,org.dynjs.runtime.builtins.types.array.prototype.Concat.call(Lorg/dynjs/runtime/ExecutionContext;Ljava/lang/Object;[Ljava/lang/Object;)Ljava/lang/Object;:31 - InsertUnaryOp IINC -1 i
8,9,ReplaceComparisonOperator,org.dynjs.runtime.builtins.types.array.prototype.Concat.call(Lorg/dynjs/runtime/ExecutionContext;Ljava/lang/Object;[Ljava/lang/Object;)Ljava/lang/Object;:31 - ReplaceComparisonOperator >= -> -1
9,10,ReplaceComparisonOperator,org.dynjs.runtime.builtins.types.array.prototype.Concat.call(Lorg/dynjs/runtime/ExecutionContext;Ljava/lang/Object;[Ljava/lang/Object;)Ljava/lang/Object;:31 - ReplaceComparisonOperator >= -> >
10,11,ReplaceComparisonOperator,org.dynjs.runtime.builtins.types.array.prototype.Concat.call(Lorg/dynjs/runtime/ExecutionContext;Ljava/lang/Object;[Ljava/lang/Object;)Ljava/lang/Object;:31 - ReplaceComparisonOperator >= -> ==
11,12,InsertUnaryOp,org.dynjs.runtime.builtins.types.array.prototype.Concat.call(Lorg/dynjs/runtime/ExecutionContext;Ljava/lang/Object;[Ljava/lang/Object;)Ljava/lang/Object;:32 - InsertUnaryOp Negation of i
12,13,InsertUnaryOp,org.dynjs.runtime.builtins.types.array.prototype.Concat.call(Lorg/dynjs/runtime/ExecutionContext;Ljava/lang/Object;[Ljava/lang/Object;)Ljava/lang/Object;:32 - InsertUnaryOp IINC 1 i
13,14,InsertUnaryOp,org.dynjs.runtime.builtins.types.array.prototype.Concat.call(Lorg/dynjs/runtime/ExecutionContext;Ljava/lang/Object;[Ljava/lang/Object;)Ljava/lang/Object;:32 - InsertUnaryOp IINC -1 i
14,15,ReplaceConstant,org.dynjs.runtime.builtins.types.array.prototype.Concat.call(Lorg/dynjs/runtime/ExecutionContext;Ljava/lang/Object;[Ljava/lang/Object;)Ljava/lang/Object;:36 - ReplaceConstant - 0 -> 1
15,16,ReplaceComparisonOperator,org.dynjs.runtime.builtins.types.array.prototype.Concat.call(Lorg/dynjs/runtime/ExecutionContext;Ljava/lang/Object;[Ljava/lang/Object;)Ljava/lang/Object;:37 - ReplaceComparisonOperator == -> -2
16,17,ReplaceComparisonOperator,org.dynjs.runtime.builtins.types.array.prototype.Concat.call(Lorg/dynjs/runtime/ExecutionContext;Ljava/lang/Object;[Ljava/lang/Object;)Ljava/lang/Object;:37 - ReplaceComparisonOperator == -> >=
17,18,ReplaceComparisonOperator,org.dynjs.runtime.builtins.types.array.prototype.Concat.call(Lorg/dynjs/runtime/ExecutionContext;Ljava/lang/Object;[Ljava/lang/Object;)Ljava/lang/Object;:37 - ReplaceComparisonOperator == -> <=
18,19,ReplaceComparisonOperator,org.dynjs.runtime.builtins.types.array.prototype.Concat.call(Lorg/dynjs/runtime/ExecutionContext;Ljava/lang/Object;[Ljava/lang/Object;)Ljava/lang/Object;:38 - ReplaceComparisonOperator == -> -2
19,20,ReplaceComparisonOperator,org.dynjs.runtime.builtins.types.array.prototype.Concat.call(Lorg/dynjs/runtime/ExecutionContext;Ljava/lang/Object;[Ljava/lang/Object;)Ljava/lang/Object;:38 - ReplaceComparisonOperator == -> >=
20,21,ReplaceComparisonOperator,org.dynjs.runtime.builtins.types.array.prototype.Concat.call(Lorg/dynjs/runtime/ExecutionContext;Ljava/lang/Object;[Ljava/lang/Object;)Ljava/lang/Object;:38 - ReplaceComparisonOperator == -> <=
21,22,ReplaceConstant,org.dynjs.runtime.builtins.types.array.prototype.Concat.call(Lorg/dynjs/runtime/ExecutionContext;Ljava/lang/Object;[Ljava/lang/Object;)Ljava/lang/Object;:38 - ReplaceConstant - Array -> 
22,23,ReplaceComparisonOperator,org.dynjs.runtime.builtins.types.array.prototype.Concat.call(Lorg/dynjs/runtime/ExecutionContext;Ljava/lang/Object;[Ljava/lang/Object;)Ljava/lang/Object;:38 - ReplaceComparisonOperator == -> -2
23,24,ReplaceComparisonOperator,org.dynjs.runtime.builtins.types.array.prototype.Concat.call(Lorg/dynjs/runtime/ExecutionContext;Ljava/lang/Object;[Ljava/lang/Object;)Ljava/lang/Object;:38 - ReplaceComparisonOperator == -> >=
24,25,ReplaceComparisonOperator,org.dynjs.runtime.builtins.types.array.prototype.Concat.call(Lorg/dynjs/runtime/ExecutionContext;Ljava/lang/Object;[Ljava/lang/Object;)Ljava/lang/Object;:38 - ReplaceComparisonOperator == -> <=
25,26,ReplaceConstant,org.dynjs.runtime.builtins.types.array.prototype.Concat.call(Lorg/dynjs/runtime/ExecutionContext;Ljava/lang/Object;[Ljava/lang/Object;)Ljava/lang/Object;:41 - ReplaceConstant - length -> 
26,27,ReplaceConstant,org.dynjs.runtime.builtins.types.array.prototype.Concat.call(Lorg/dynjs/runtime/ExecutionContext;Ljava/lang/Object;[Ljava/lang/Object;)Ljava/lang/Object;:43 - ReplaceConstant - 0 -> 1
27,28,ReplaceConstant,org.dynjs.runtime.builtins.types.array.prototype.Concat.call(Lorg/dynjs/runtime/ExecutionContext;Ljava/lang/Object;[Ljava/lang/Object;)Ljava/lang/Object;:43 - ReplaceConstant - 0 -> -1
28,29,InsertUnaryOp,org.dynjs.runtime.builtins.types.array.prototype.Concat.call(Lorg/dynjs/runtime/ExecutionContext;Ljava/lang/Object;[Ljava/lang/Object;)Ljava/lang/Object;:43 - InsertUnaryOp Negation of k
29,30,InsertUnaryOp,org.dynjs.runtime.builtins.types.array.prototype.Concat.call(Lorg/dynjs/runtime/ExecutionContext;Ljava/lang/Object;[Ljava/lang/Object;)Ljava/lang/Object;:43 - InsertUnaryOp Negation of len
30,31,ReplaceComparisonOperator,org.dynjs.runtime.builtins.types.array.prototype.Concat.call(Lorg/dynjs/runtime/ExecutionContext;Ljava/lang/Object;[Ljava/lang/Object;)Ljava/lang/Object;:43 - ReplaceComparisonOperator >= -> -1
31,32,ReplaceComparisonOperator,org.dynjs.runtime.builtins.types.array.prototype.Concat.call(Lorg/dynjs/runtime/ExecutionContext;Ljava/lang/Object;[Ljava/lang/Object;)Ljava/lang/Object;:43 - ReplaceComparisonOperator >= -> ==
32,33,ReplaceComparisonOperator,org.dynjs.runtime.builtins.types.array.prototype.Concat.call(Lorg/dynjs/runtime/ExecutionContext;Ljava/lang/Object;[Ljava/lang/Object;)Ljava/lang/Object;:43 - ReplaceComparisonOperator >= -> >
33,34,InsertUnaryOp,org.dynjs.runtime.builtins.types.array.prototype.Concat.call(Lorg/dynjs/runtime/ExecutionContext;Ljava/lang/Object;[Ljava/lang/Object;)Ljava/lang/Object;:44 - InsertUnaryOp Negation of k
34,35,InsertUnaryOp,org.dynjs.runtime.builtins.types.array.prototype.Concat.call(Lorg/dynjs/runtime/ExecutionContext;Ljava/lang/Object;[Ljava/lang/Object;)Ljava/lang/Object;:45 - InsertUnaryOp Negation of n
35,36,InsertUnaryOp,org.dynjs.runtime.builtins.types.array.prototype.Concat.call(Lorg/dynjs/runtime/ExecutionContext;Ljava/lang/Object;[Ljava/lang/Object;)Ljava/lang/Object;:45 - InsertUnaryOp IINC 1 n
36,37,InsertUnaryOp,org.dynjs.runtime.builtins.types.array.prototype.Concat.call(Lorg/dynjs/runtime/ExecutionContext;Ljava/lang/Object;[Ljava/lang/Object;)Ljava/lang/Object;:45 - InsertUnaryOp IINC -1 n
37,38,ReplaceConstant,org.dynjs.runtime.builtins.types.array.prototype.Concat.call(Lorg/dynjs/runtime/ExecutionContext;Ljava/lang/Object;[Ljava/lang/Object;)Ljava/lang/Object;:45 - ReplaceConstant - 1 -> 0
38,39,ReplaceConstant,org.dynjs.runtime.builtins.types.array.prototype.Concat.call(Lorg/dynjs/runtime/ExecutionContext;Ljava/lang/Object;[Ljava/lang/Object;)Ljava/lang/Object;:45 - ReplaceConstant - 1 -> 0
39,40,ReplaceConstant,org.dynjs.runtime.builtins.types.array.prototype.Concat.call(Lorg/dynjs/runtime/ExecutionContext;Ljava/lang/Object;[Ljava/lang/Object;)Ljava/lang/Object;:45 - ReplaceConstant - 1 -> 0
40,41,ReplaceConstant,org.dynjs.runtime.builtins.types.array.prototype.Concat.call(Lorg/dynjs/runtime/ExecutionContext;Ljava/lang/Object;[Ljava/lang/Object;)Ljava/lang/Object;:46 - ReplaceConstant - 0 -> 1
41,42,InsertUnaryOp,org.dynjs.runtime.builtins.types.array.prototype.Concat.call(Lorg/dynjs/runtime/ExecutionContext;Ljava/lang/Object;[Ljava/lang/Object;)Ljava/lang/Object;:43 - InsertUnaryOp Negation of k
42,43,ReplaceConstant,org.dynjs.runtime.builtins.types.array.prototype.Concat.call(Lorg/dynjs/runtime/ExecutionContext;Ljava/lang/Object;[Ljava/lang/Object;)Ljava/lang/Object;:43 - ReplaceConstant - 1 -> 0
43,44,ReplaceConstant,org.dynjs.runtime.builtins.types.array.prototype.Concat.call(Lorg/dynjs/runtime/ExecutionContext;Ljava/lang/Object;[Ljava/lang/Object;)Ljava/lang/Object;:43 - ReplaceConstant - 1 -> -1
44,45,ReplaceConstant,org.dynjs.runtime.builtins.types.array.prototype.Concat.call(Lorg/dynjs/runtime/ExecutionContext;Ljava/lang/Object;[Ljava/lang/Object;)Ljava/lang/Object;:43 - ReplaceConstant - 1 -> 2
45,46,ReplaceArithmeticOperator,org.dynjs.runtime.builtins.types.array.prototype.Concat.call(Lorg/dynjs/runtime/ExecutionContext;Ljava/lang/Object;[Ljava/lang/Object;)Ljava/lang/Object;:43 - ReplaceArithmeticOperator + -> %
46,47,ReplaceArithmeticOperator,org.dynjs.runtime.builtins.types.array.prototype.Concat.call(Lorg/dynjs/runtime/ExecutionContext;Ljava/lang/Object;[Ljava/lang/Object;)Ljava/lang/Object;:43 - ReplaceArithmeticOperator + -> -
47,48,ReplaceArithmeticOperator,org.dynjs.runtime.builtins.types.array.prototype.Concat.call(Lorg/dynjs/runtime/ExecutionContext;Ljava/lang/Object;[Ljava/lang/Object;)Ljava/lang/Object;:43 - ReplaceArithmeticOperator + -> *
48,49,ReplaceArithmeticOperator,org.dynjs.runtime.builtins.types.array.prototype.Concat.call(Lorg/dynjs/runtime/ExecutionContext;Ljava/lang/Object;[Ljava/lang/Object;)Ljava/lang/Object;:43 - ReplaceArithmeticOperator + -> /
49,50,InsertUnaryOp,org.dynjs.runtime.builtins.types.array.prototype.Concat.call(Lorg/dynjs/runtime/ExecutionContext;Ljava/lang/Object;[Ljava/lang/Object;)Ljava/lang/Object;:51 - InsertUnaryOp Negation of n
50,51,InsertUnaryOp,org.dynjs.runtime.builtins.types.array.prototype.Concat.call(Lorg/dynjs/runtime/ExecutionContext;Ljava/lang/Object;[Ljava/lang/Object;)Ljava/lang/Object;:51 - InsertUnaryOp IINC 1 n
51,52,InsertUnaryOp,org.dynjs.runtime.builtins.types.array.prototype.Concat.call(Lorg/dynjs/runtime/ExecutionContext;Ljava/lang/Object;[Ljava/lang/Object;)Ljava/lang/Object;:51 - InsertUnaryOp IINC -1 n
52,53,ReplaceConstant,org.dynjs.runtime.builtins.types.array.prototype.Concat.call(Lorg/dynjs/runtime/ExecutionContext;Ljava/lang/Object;[Ljava/lang/Object;)Ljava/lang/Object;:51 - ReplaceConstant - 1 -> 0
53,54,ReplaceConstant,org.dynjs.runtime.builtins.types.array.prototype.Concat.call(Lorg/dynjs/runtime/ExecutionContext;Ljava/lang/Object;[Ljava/lang/Object;)Ljava/lang/Object;:51 - ReplaceConstant - 1 -> 0
54,55,ReplaceConstant,org.dynjs.runtime.builtins.types.array.prototype.Concat.call(Lorg/dynjs/runtime/ExecutionContext;Ljava/lang/Object;[Ljava/lang/Object;)Ljava/lang/Object;:51 - ReplaceConstant - 1 -> 0
55,56,ReplaceConstant,org.dynjs.runtime.builtins.types.array.prototype.Concat.call(Lorg/dynjs/runtime/ExecutionContext;Ljava/lang/Object;[Ljava/lang/Object;)Ljava/lang/Object;:52 - ReplaceConstant - 0 -> 1
56,57,ReplaceConstant,org.dynjs.runtime.builtins.types.array.prototype.Concat.setFileName()V:62 - ReplaceConstant - org/dynjs/runtime/builtins/types/array/prototype/Concat.java -> 
57,58,ReplaceConstant,org.dynjs.runtime.builtins.types.array.prototype.Concat.setupDebugContext()V:67 - ReplaceConstant - <native function: concat> -> 
