,col0,col1,col2,col3,col4,col5,col6,col7
0,access_mrp_operations_operation_code,operations.operation.code,model_mrp_operations_operation_code,mrp.group_mrp_user,1,1,1,1
1,access_mrp_operations_operation_code_manager,operations.operation.code.manager,model_mrp_operations_operation_code,mrp.group_mrp_manager,1,0,0,0
2,access_mrp_operations_operation,operations.operation,model_mrp_operations_operation,mrp.group_mrp_user,1,1,1,1
3,access_mrp_operations_operation_manager,operations.operation.manager,model_mrp_operations_operation,mrp.group_mrp_manager,1,0,0,0
4,access_mrp_production_user,mrp_production_user,model_mrp_production,mrp.group_mrp_user,1,1,1,1
5,access_mrp_production_manager,mrp_production_manager,model_mrp_production,mrp.group_mrp_manager,1,0,0,0
6,access_mrp_production_workcenter_line,mrp.production.workcenter.line,mrp.model_mrp_production_workcenter_line,mrp.group_mrp_user,1,1,1,1
7,access_mrp_production_workcenter_line_manager,mrp.production.workcenter.line.manager,mrp.model_mrp_production_workcenter_line,mrp.group_mrp_manager,1,0,0,0
8,access_mrp_workorder_manager,mrp.workorder.manager,model_mrp_workorder,mrp.group_mrp_manager,1,1,1,1
