,col0,col1,col2
0,Afuchar|36649|Banana,Fish|0|1|1|Low,
1,Afuchar|34572|Black,Clover|0|1|1|Low,
2,Afuchar|21677|Captain,Earth|9|18|1|Low,
3,Afuchar|32407|Clockwork,Planet|0|0|1|Low,
4,Afuchar|28223|Death,Parade|0|0|1|Low,
5,Afuchar|35928|Devils,Line|0|0|1|Low,
6,Afuchar|23333|DRAMAtical,Murder|0|0|1|Low,
7,Afuchar|31339|Drifters|0|3|1|Low,,
8,Afuchar|32608|Endride|0|6|1|Low,,
9,Afuchar|30544|Gakusen,Toshi,Asterisk|0|9|1|Low
10,Afuchar|34279|Grancrest,Senki|0|0|1|Low,
11,Afuchar|10793|Guilty,Crown|0|13|1|Low,
12,Afuchar|35557|Houseki,no,Kuni|0|3|1|Low
13,Afuchar|31405|Joker,Game|0|0|1|Low,
14,Afuchar|35076|Juuni,Taisen|0|1|1|Low,
15,Afuchar|16904|K:,Missing,Kings|0|0|1|Low
16,Afuchar|24439|Kekkai,Sensen|0|0|1|Low,
17,Afuchar|31798|Kiznaiver|0|6|1|Low,,
18,Afuchar|17265|Log,Horizon|9|12|1|Low,
19,Afuchar|28013|Macross,Δ|0|0|1|Low,
20,Afuchar|1018|Majutsushi,Orphen:,Revenge|0|0|1|Low
21,Afuchar|20507|Noragami|0|0|1|Low,,
22,Afuchar|31452|Norn9:,Norn+Nonet|0|0|1|Low,
23,Afuchar|26243|Owari,no,Seraph|0|0|1|Low
24,Afuchar|161|Peace,Maker,Kurogane|0|0|1|Low
25,Afuchar|19365|Samurai,Flamenco|0|0|1|Low,
26,Afuchar|32032|Seikaisuru,Kado|0|0|1|Low,
27,Afuchar|35369|Seikaisuru,Kado:,Ninovo|0|0|1|Low
28,Afuchar|35251|Sengoku,Night,Blood|0|1|1|Low
29,Afuchar|37569|Sirius|0|0|1|Low,,
30,Afuchar|16011|Tokyo,Ravens|0|13|1|Low,
31,Afuchar|2928|.hack//G.U.,Returner|8|1|2|Low,
32,Afuchar|3269|.hack//G.U.,Trilogy|9|1|2|Low,
33,Afuchar|1143|.hack//Intermezzo|6|1|2|Low,,
34,Afuchar|299|.hack//Liminality|5|4|2|Low,,
35,Afuchar|5525|07-Ghost|10|25|2|Low,,
36,Afuchar|719|Ai,no,Kusabi|10|2|2|Low
37,Afuchar|857|Air,Gear|7|25|2|Low,
38,Afuchar|3791|Air,Gear,Special|8|1|2|Low
39,Afuchar|22729|Aldnoah.Zero|9|12|2|Low,,
40,Afuchar|591|Amaenaide,yo!!|6|12|2|Low,
41,Afuchar|3359|Amatsuki|7|13|2|Low,,
42,Afuchar|1640|Angel's,Feather|7|2|2|Low,
43,Afuchar|30205|Aoharu,x,Kikanjuu|9|12|2|Low
44,Afuchar|10447|Aquarion,Evol|10|26|2|Low,
45,Afuchar|30382|Aquarion,Logos|6|26|2|Low,
46,Afuchar|16518|Arata,Kangatari|8|12|2|Low,
47,Afuchar|55|Arc,the,Lad|8|26|2|Low
48,Afuchar|12967|Arcana,Famiglia|7|12|2|Low,
49,Afuchar|17395|Ark,IX|5|1|2|Low,
50,Afuchar|1946|Ashita,no,Nadja|7|50|2|Low
51,Afuchar|104|Ayashi,no,Ceres|9|24|2|Low
52,Afuchar|23037|Bakumatsu,Rock|6|12|2|Low,
53,Afuchar|1498|Black,Blood,Brothers|5|12|2|Low
54,Afuchar|3407|Blassreiter|7|24|2|Low,,
55,Afuchar|269|Bleach|9|366|2|Low,,
56,Afuchar|150|Blood+|9|50|2|Low,,
57,Afuchar|1639|Boku,no,Pico|6|1|2|Low
58,Afuchar|369|Boogiepop,wa,Warawanai|6|12|2|Low
59,Afuchar|105|Boys,Be...|6|13|2|Low,
60,Afuchar|14345|Btooom!|8|12|2|Low,,
61,Afuchar|21437|Buddy,Complex|8|13|2|Low,
62,Afuchar|3389|Bus,Gamer|6|3|2|Low,
63,Afuchar|2116|Captain,Tsubasa|7|128|2|Low,
64,Afuchar|1674|Captain,Tsubasa,J|7|47|2|Low
65,Afuchar|232|Cardcaptor,Sakura|9|70|2|Low,
66,Afuchar|59|Chobits|9|26|2|Low,,
67,Afuchar|4186|Chrome,Shelled,Regios|10|24|2|Low
68,Afuchar|29876|Chu,Feng:,B.E.E|5|6|2|Low
69,Afuchar|1472|City,Hunter,3|8|13|2|Low
70,Afuchar|1|Cowboy,Bebop|7|26|2|Low,
71,Afuchar|1482|D.Gray-man|10|103|2|Low,,
72,Afuchar|32370|D.Gray-man,Hallow|8|13|2|Low,
73,Afuchar|61|D.N.Angel|10|26|2|Low,,
74,Afuchar|29976|Dance,with,Devils|6|12|2|Low
75,Afuchar|2748|Dash!,Kappei|10|65|2|Low,
76,Afuchar|14353|Death,Billiards|8|1|2|Low,
77,Afuchar|1726|Devil,May,Cry|7|12|2|Low
78,Afuchar|17513|Diabolik,Lovers|6|12|2|Low,
79,Afuchar|552|Digimon,Adventure|8|54|2|Low,
80,Afuchar|1313|Digimon,Adventure,02|8|50|2|Low
81,Afuchar|1132|Digimon,Frontier|8|50|2|Low,
82,Afuchar|874|Digimon,Tamers|8|51|2|Low,
83,Afuchar|21743|Donten,ni,Warau|8|12|2|Low
84,Afuchar|223|Dragon,Ball|9|153|2|Low,
85,Afuchar|225|Dragon,Ball,GT|8|64|2|Low
86,Afuchar|813|Dragon,Ball,Z|9|291|2|Low
87,Afuchar|2795|Dragonaut:,The,Resonance|8|25|2|Low
88,Afuchar|6746|Durarara!!|10|24|2|Low,,
89,Afuchar|1324|Earthian|7|4|2|Low,,
90,Afuchar|724|Enzai|7|2|2|Low,,
91,Afuchar|393|Escaflowne|8|1|2|Low,,
92,Afuchar|365|Fake|6|1|2|Low,,
93,Afuchar|356|Fate/stay,night|9|24|2|Low,
94,Afuchar|9761|Finder,Series|10|1|2|Low,
95,Afuchar|227|FLCL|7|6|2|Low,,
96,Afuchar|9367|Freezing|7|12|2|Low,,
97,Afuchar|120|Fruits,Basket|8|26|2|Low,
98,Afuchar|2218|Fujimi,2-choume,Koukyougakudan|6|1|2|Low
99,Afuchar|121|Fullmetal,Alchemist|8|51|2|Low,
100,Afuchar|123|Fushigi,Yuugi|9|52|2|Low,
101,Afuchar|380|Fushigi,Yuugi,OVA|7|3|2|Low
102,Afuchar|2238|Fuyu,no,Semi|8|3|2|Low
103,Afuchar|850|Gakuen,Heaven|7|13|2|Low,
104,Afuchar|25183|Gangsta.|10|12|2|Low,,
105,Afuchar|31561|Gangsta.,Recap|7|1|2|Low,
106,Afuchar|384|Gantz|6|13|2|Low,,
107,Afuchar|782|Gasaraki|6|25|2|Low,,
108,Afuchar|1829|Gedo,Senki|6|1|2|Low,
109,Afuchar|1022|Generator,Gawl|10|12|2|Low,
110,Afuchar|132|GetBackers|9|49|2|Low,,
111,Afuchar|27631|God,Eater|8|13|2|Low,
112,Afuchar|10470|God,Eater,Prologue|9|1|2|Low
113,Afuchar|243|Gravitation|7|13|2|Low,,
114,Afuchar|6895|Hakuouki|9|12|2|Low,,
115,Afuchar|9065|Hakuouki,Hekketsuroku|8|10|2|Low,
116,Afuchar|12461|Hiiro,no,Kakera|7|13|2|Low
117,Afuchar|1019|Honoo,no,Mirage|7|13|2|Low
118,Afuchar|730|Houkago,no,Shokuinshitsu|7|2|2|Low
119,Afuchar|11135|Hybrid,Child|10|4|2|Low,
120,Afuchar|3210|Ikoku,Irokoi,Romantan|8|2|2|Low
121,Afuchar|249|InuYasha|8|167|2|Low,,
122,Afuchar|1775|Jikuu,Tenshou,Nazca|9|12|2|Low
123,Afuchar|1572|Jungle,Taitei|6|52|2|Low,
124,Afuchar|3092|Junjou,Romantica|8|12|2|Low,
125,Afuchar|153|Juuni,Kokuki|7|45|2|Low,
126,Afuchar|953|Jyu,Oh,Sei|8|11|2|Low
127,Afuchar|14467|K|10|13|2|Low,,
128,Afuchar|16668|Kakumeiki,Valvrave|10|12|2|Low,
129,Afuchar|21563|Kamigami,no,Asobi|7|12|2|Low
130,Afuchar|469|Karin|9|24|2|Low,,
131,Afuchar|1604|Katekyo,Hitman,Reborn!|9|203|2|Low
132,Afuchar|2592|Kimera|8|1|2|Low,,
133,Afuchar|3375|Kirepapa.|10|2|2|Low,,
134,Afuchar|733|Kizuna|7|2|2|Low,,
135,Afuchar|8634|Koisuru,Boukun|9|2|2|Low,
136,Afuchar|4898|Kuroshitsuji|10|24|2|Low,,
137,Afuchar|6707|Kuroshitsuji,II|10|12|2|Low,
138,Afuchar|17819|Kyoto,Animation:,Suiei-hen|10|1|2|Low
139,Afuchar|251|Kyou,kara,Maou!|8|78|2|Low
140,Afuchar|97|Last,Exile|9|26|2|Low,
141,Afuchar|1908|Lesson,XX|7|1|2|Low,
142,Afuchar|149|Loveless|9|12|2|Low,,
143,Afuchar|3057|Loveless,Specials|8|6|2|Low,
144,Afuchar|3572|Macross,F|10|25|2|Low,
145,Afuchar|99|Mai-Otome|8|26|2|Low,,
146,Afuchar|3268|Mai-Otome,0:,S.ifr|8|3|2|Low
147,Afuchar|1609|Mai-Otome,Zwei|8|4|2|Low,
148,Afuchar|1017|Majutsushi,Orphen|9|24|2|Low,
149,Afuchar|30705|Makura,no,Danshi|6|12|2|Low
150,Afuchar|334|Marmalade,Boy|6|76|2|Low,
151,Afuchar|520|Marmalade,Boy,Movie|6|1|2|Low
152,Afuchar|3656|Monochrome,Factor|7|24|2|Low,
153,Afuchar|164|Mononoke,Hime|10|1|2|Low,
154,Afuchar|352|Motto!,Ojamajo,Doremi|10|50|2|Low
155,Afuchar|3655|Nabari,no,Ou|9|26|2|Low
156,Afuchar|20|Naruto|8|220|2|Low,,
157,Afuchar|1735|Naruto:,Shippuuden|7|500|2|Low,
158,Afuchar|4081|Natsume,Yuujinchou|10|13|2|Low,
159,Afuchar|10379|Natsume,Yuujinchou,San|10|13|2|Low
160,Afuchar|11665|Natsume,Yuujinchou,Shi|10|13|2|Low
161,Afuchar|17371|Natsuyasumi.|6|3|2|Low,,
162,Afuchar|30|Neon,Genesis,Evangelion|9|26|2|Low
163,Afuchar|800|NieA,Under,7|5|13|2|Low
164,Afuchar|32668|Noblesse:,Awakening|7|1|2|Low,
165,Afuchar|32566|Noblesse:,Pamyeol-ui,Sijak|8|1|2|Low
166,Afuchar|24135|Nobunaga,Concerto|6|10|2|Low,
167,Afuchar|350|Ojamajo,Doremi|10|51|2|Low,
168,Afuchar|353|Ojamajo,Doremi,Dokkaan!|10|51|2|Low
169,Afuchar|1376|Ojamajo,Doremi,Na-i-sho|10|13|2|Low
170,Afuchar|351|Ojamajo,Doremi,Sharp|10|49|2|Low
171,Afuchar|2148|Okane,ga,Nai|6|4|2|Low
172,Afuchar|30276|One,Punch,Man|5|12|2|Low
173,Afuchar|195|Onegai☆Teacher|7|12|2|Low,,
174,Afuchar|7079|Ookamikakushi|5|12|2|Low,,
175,Afuchar|29803|Overlord|6|13|2|Low,,
176,Afuchar|5530|Pandora,Hearts|9|25|2|Low,
177,Afuchar|3366|Persona:,Trinity,Soul|7|26|2|Low
178,Afuchar|326|Petshop,of,Horrors|8|4|2|Low
179,Afuchar|5391|Pico,to,Chico|5|1|2|Low
180,Afuchar|30240|Prison,School|5|12|2|Low,
181,Afuchar|13601|Psycho-Pass|10|22|2|Low,,
182,Afuchar|327|Puchi,Pri*Yucie|9|26|2|Low,
183,Afuchar|151|Re:,Cutey,Honey|6|3|2|Low
184,Afuchar|6674|Reporter,Blues|5|52|2|Low,
185,Afuchar|28497|Rokka,no,Yuusha|9|12|2|Low
186,Afuchar|12929|Saint,Seiya,Omega|8|97|2|Low
187,Afuchar|166|Samurai,7|7|26|2|Low,
188,Afuchar|205|Samurai,Champloo|5|26|2|Low,
189,Afuchar|33113|Scared,Rider,Xechs|7|12|2|Low
190,Afuchar|5774|Seitokaichou,ni,Chuukoku|6|2|2|Low
191,Afuchar|741|Sensitive,Pornograph|7|1|2|Low,
192,Afuchar|339|Serial,Experiments,Lain|6|13|2|Low
193,Afuchar|5719|Sex,Pistols|7|2|2|Low,
194,Afuchar|355|Shakugan,no,Shana|4|24|2|Low
195,Afuchar|154|Shaman,King|8|64|2|Low,
196,Afuchar|2117|Shin,Captain,Tsubasa|7|13|2|Low
197,Afuchar|16498|Shingeki,no,Kyojin|10|25|2|Low
198,Afuchar|16608|Shitcom|1|1|2|Low,,
199,Afuchar|440|Shoujo,Kakumei,Utena|7|39|2|Low
200,Afuchar|1557|Shounen,Onmyouji|9|26|2|Low,
201,Afuchar|534|Slayers|8|26|2|Low,,
202,Afuchar|1171|Slayers,Excellent|8|3|2|Low,
203,Afuchar|535|Slayers,Next|8|26|2|Low,
204,Afuchar|869|Slayers,Return|8|1|2|Low,
205,Afuchar|1172|Slayers,Try|8|26|2|Low,
206,Afuchar|478|Sousei,no,Aquarion|9|26|2|Low
207,Afuchar|1005|Star,Ocean,EX|7|26|2|Low
208,Afuchar|16524|Suisei,no,Gargantia|10|13|2|Low
209,Afuchar|31680|Super,Lovers|0|10|2|Low,
210,Afuchar|11757|Sword,Art,Online|10|25|2|Low
211,Afuchar|6444|Tegamibachi|8|25|2|Low,,
212,Afuchar|174|Tenjou,Tenge|7|24|2|Low,
213,Afuchar|182|Tenkuu,no,Escaflowne|9|26|2|Low
214,Afuchar|2158|Terra,e...,(TV)|10|24|2|Low
215,Afuchar|12321|Thermae,Romae|6|3|2|Low,
216,Afuchar|9941|Tiger,&,Bunny|10|25|2|Low
217,Afuchar|12695|Tight-rope|9|2|2|Low,,
218,Afuchar|8449|Togainu,no,Chi|7|12|2|Low
219,Afuchar|22319|Tokyo,Ghoul|9|12|2|Low,
220,Afuchar|6|Trigun|6|26|2|Low,,
221,Afuchar|27|Trinity,Blood|7|24|2|Low,
222,Afuchar|177|Tsubasa,Chronicle|8|26|2|Low,
223,Afuchar|4938|Tsubasa:,Shunraiki|8|2|2|Low,
224,Afuchar|2685|Tsubasa:,Tokyo,Revelations|9|3|2|Low
225,Afuchar|479|Ueki,no,Housoku|7|51|2|Low
226,Afuchar|3457|Vampire,Knight|8|13|2|Low,
227,Afuchar|4752|Vampire,Knight:,Guilty|8|13|2|Low
228,Afuchar|180|Vandread|6|13|2|Low,,
229,Afuchar|15933|Vassalord.|10|1|2|Low,,
230,Afuchar|201|Video,Girl,Ai|6|6|2|Low
231,Afuchar|346|W:,Wish|7|13|2|Low,
232,Afuchar|861|xxxHOLiC|9|24|2|Low,,
233,Afuchar|3091|xxxHOLiC,Kei|9|13|2|Low,
234,Afuchar|6864|xxxHOLiC,Rou|10|2|2|Low,
235,Afuchar|4918|xxxHOLiC,Shunmuki|10|2|2|Low,
236,Afuchar|553|Yami,no,Matsuei|8|13|2|Low
237,Afuchar|9232|Yebisu,Celebrities,1st|6|1|2|Low
238,Afuchar|20533|Z/X:,Ignition|6|12|2|Low,
239,Afuchar|1195|Zero,no,Tsukaima|7|13|2|Low
240,Afuchar|1041|Zetsuai,1989|7|1|2|Low,
241,Afuchar|5300|Zoku,Natsume,Yuujinchou|10|13|2|Low
242,Afuchar|11759|Accel,World|7|12|3|Low,
243,Afuchar|11241|Brave,10|8|7|3|Low,
244,Afuchar|13115|Hakuouki,Reimeiroku|9|1|3|Low,
245,Afuchar|6811|InuYasha:,Kanketsu-hen|8|3|3|Low,
246,Afuchar|4814|Junjou,Romantica,2|7|4|3|Low
247,Afuchar|845|Kiba|7|35|3|Low,,
248,Afuchar|11771|Kuroko,no,Basket|9|4|3|Low
249,Afuchar|7592|Nurarihyon,no,Mago|8|10|3|Low
250,Afuchar|1254|Saint,Seiya|10|0|3|Low,
251,Afuchar|5940|Seiken,no,Blacksmith|9|5|3|Low
252,Afuchar|6500|Seikon,no,Qwaser|9|13|3|Low
253,Afuchar|7662|Shinrei,Tantei,Yakumo|10|1|3|Low
254,Afuchar|22|Tennis,no,Ouji-sama|8|10|3|Low
255,Afuchar|550|Yu☆Gi☆Oh!|9|0|3|Low,,
256,Afuchar|3972|Yu☆Gi☆Oh!,5D's|8|75|3|Low,
257,Afuchar|10015|Yu☆Gi☆Oh!,Zexal|7|5|3|Low,
258,Afuchar|6682|11eyes|4|6|4|Low,,
259,Afuchar|15085|Amnesia|4|2|4|Low,,
260,Afuchar|5342|Asura,Cryin'|3|4|4|Low,
261,Afuchar|9539|Cardfight!!,Vanguard|3|5|4|Low,
262,Afuchar|918|Gintama|4|21|4|Low,,
263,Afuchar|14765|Ixion,Saga,DT|3|2|4|Low
264,Afuchar|11755|009,Re:Cyborg|0|0|6|Low,
265,Afuchar|32998|91,Days|0|0|6|Low,
266,Afuchar|33337|ACCA:,13-ku,Kansatsu-ka|0|0|6|Low
267,Afuchar|31580|Ajin|0|0|6|Low,,
268,Afuchar|22199|Akame,ga,Kill!|0|0|6|Low
269,Afuchar|25013|Akatsuki,no,Yona|0|0|6|Low
270,Afuchar|19429|Akuma,no,Riddle|0|0|6|Low
271,Afuchar|27655|Aldnoah.Zero,2nd,Season|0|0|6|Low
272,Afuchar|31588|All,Out!!|0|0|6|Low,
273,Afuchar|11111|Another|0|0|6|Low,,
274,Afuchar|1051|Ao,no,6-gou|0|0|6|Low
275,Afuchar|9919|Ao,no,Exorcist|0|0|6|Low
276,Afuchar|937|Appleseed|0|0|6|Low,,
277,Afuchar|54|Appleseed,(Movie)|0|0|6|Low,
278,Afuchar|9737|Appleseed,XIII|0|0|6|Low,
279,Afuchar|285|Argento,Soma|0|0|6|Low,
280,Afuchar|32878|ēlDLIVE|0|0|6|Low,,
281,Afuchar|32827|B:,The,Beginning|0|0|6|Low
282,Afuchar|2251|Baccano!|0|0|6|Low,,
283,Afuchar|5081|Bakemonogatari|0|0|6|Low,,
284,Afuchar|1576|Bakumatsu,Kikansetsu,Irohanihoheto|0|0|6|Low
285,Afuchar|20787|Black,Bullet|0|0|6|Low,
286,Afuchar|889|Black,Lagoon|0|0|6|Low,
287,Afuchar|22547|Blade,&,Soul|0|0|6|Low
288,Afuchar|18767|BlazBlue:,Alter,Memory|0|0|6|Low
289,Afuchar|11633|Blood,Lad|0|0|6|Low,
290,Afuchar|33985|Bloodivores|0|0|6|Low,,
291,Afuchar|58|Blue,Gender|0|0|6|Low,
292,Afuchar|22433|Break,Blade|0|0|6|Low,
293,Afuchar|32023|Bubuki,Buranki|0|0|6|Low,
294,Afuchar|31478|Bungou,Stray,Dogs|0|0|6|Low
295,Afuchar|1536|Busou,Renkin|0|0|6|Low,
296,Afuchar|36828|Caligula|0|0|6|Low,,
297,Afuchar|4981|Casshern,Sins|0|0|6|Low,
298,Afuchar|33771|Cheating,Craft|0|0|6|Low,
299,Afuchar|9479|Coppelion|0|0|6|Low,,
300,Afuchar|8915|Dantalian,no,Shoka|0|0|6|Low
301,Afuchar|32494|Days,(TV)|0|0|6|Low,
302,Afuchar|6880|Deadman,Wonderland|0|0|6|Low,
303,Afuchar|2164|Dennou,Coil|0|0|6|Low,
304,Afuchar|10639|Deva,Zan|0|0|6|Low,
305,Afuchar|29974|Diabolik,Lovers,"More,Blood|0|0|6|Low"
306,Afuchar|27417|Diabolik,Lovers,OVA|0|0|6|Low
307,Afuchar|859|Digimon,Savers|0|0|6|Low,
308,Afuchar|31163|Dimension,W|0|0|6|Low,
309,Afuchar|31710|Divine,Gate|0|0|6|Low,
310,Afuchar|30346|Doukyuusei,(Movie)|0|0|6|Low,
311,Afuchar|36480|Drifters,(OVA)|0|0|6|Low,
312,Afuchar|27833|Durarara!!x2,Ketsu|0|0|6|Low,
313,Afuchar|23199|Durarara!!x2,Shou|0|0|6|Low,
314,Afuchar|27831|Durarara!!x2,Ten|0|0|6|Low,
315,Afuchar|790|Ergo,Proxy|0|0|6|Low,
316,Afuchar|12471|Eureka,Seven,AO|0|0|6|Low
317,Afuchar|3786|Evangelion:,3.0+1.0|0|0|6|Low,
318,Afuchar|33047|Fate/Extra:,Last,Encore|0|0|6|Low
319,Afuchar|12565|Fate/Prototype|0|0|6|Low,,
320,Afuchar|10087|Fate/Zero|0|0|6|Low,,
321,Afuchar|11741|Fate/Zero,2nd,Season|0|0|6|Low
322,Afuchar|35842|FLCL,Alternative|0|0|6|Low,
323,Afuchar|33010|FLCL,Progressive|0|0|6|Low,
324,Afuchar|18507|Free!|0|0|6|Low,,
325,Afuchar|22265|Free!:,Eternal,Summer|0|0|6|Low
326,Afuchar|18001|Freezing,Vibration|0|0|6|Low,
327,Afuchar|38680|Fruits,Basket,(2019)|0|0|6|Low
328,Afuchar|33222|Fudanshi,Koukou,Seikatsu|0|0|6|Low
329,Afuchar|32696|Fukigen,na,Mononokean|0|0|6|Low
330,Afuchar|71|Full,Metal,Panic!|0|0|6|Low
331,Afuchar|5114|Fullmetal,Alchemist:,Brotherhood|0|0|6|Low
332,Afuchar|32948|Fune,wo,Amu|0|0|6|Low
333,Afuchar|21821|Fuuun,Ishin,Dai☆Shogun|0|0|6|Low
334,Afuchar|239|Gankutsuou|0|0|6|Low,,
335,Afuchar|395|Gantz,2nd,Stage|0|0|6|Low
336,Afuchar|32071|Gantz:O|0|0|6|Low,,
337,Afuchar|36144|Garo:,Vanishing,Line|0|0|6|Low
338,Afuchar|18229|Gatchaman,Crowds|0|0|6|Low,
339,Afuchar|23703|Gatchaman,Crowds:,Embrace|0|0|6|Low
340,Afuchar|1571|Ghost,Hunt|0|0|6|Low,
341,Afuchar|19115|Giovanni,no,Shima|0|0|6|Low
342,Afuchar|8425|Gosick|0|0|6|Low,,
343,Afuchar|245|Great,Teacher,Onizuka|0|0|6|Low
344,Afuchar|23279|Gyakusatsu,Kikan|0|0|6|Low,
345,Afuchar|20583|Haikyuu!!|0|0|6|Low,,
346,Afuchar|10350|Hakuouki,Sekkaroku|0|0|6|Low,
347,Afuchar|20689|Hamatora,The,Animation|0|0|6|Low
348,Afuchar|21855|Hanamonogatari|0|0|6|Low,,
349,Afuchar|32981|Hand,Shakers|0|0|6|Low,
350,Afuchar|31109|Hatsukoi,Monster|0|0|6|Low,
351,Afuchar|27829|Heavy,Object|0|0|6|Low,
352,Afuchar|31338|Hundred|0|0|6|Low,,
353,Afuchar|5902|Hyakujitsu,no,Bara|0|0|6|Low
354,Afuchar|12189|Hyouka|0|0|6|Low,,
355,Afuchar|257|Ikkitousen|0|0|6|Low,,
356,Afuchar|1230|Innocent,Venus|0|0|6|Low,
357,Afuchar|34565|Jikan,no,Shihaisha|0|0|6|Low
358,Afuchar|8339|Kachou,no,Koi|0|0|6|Low
359,Afuchar|1025|Kachou,Ouji|0|0|6|Low,
360,Afuchar|16664|Kaguya-hime,no,Monogatari|0|0|6|Low
361,Afuchar|143|Kannazuki,no,Miko|0|0|6|Low
362,Afuchar|16035|Karneval|0|0|6|Low,,
363,Afuchar|6594|Katanagatari|0|0|6|Low,,
364,Afuchar|33018|Katsugeki/Touken,Ranbu|0|0|6|Low,
365,Afuchar|18679|Kill,la,Kill|0|0|6|Low
366,Afuchar|12031|Kingdom|0|0|6|Low,,
367,Afuchar|17389|Kingdom,2nd,Season|0|0|6|Low
368,Afuchar|9260|Kizumonogatari,I:,Tekketsu-hen|0|0|6|Low
369,Afuchar|237|Koukyoushihen,Eureka,Seven|0|0|6|Low
370,Afuchar|2162|Koutetsu,Sangokushi|0|0|6|Low,
371,Afuchar|28623|Koutetsujou,no,Kabaneri|0|0|6|Low
372,Afuchar|2157|Koutetsushin,Jeeg|0|0|6|Low,
373,Afuchar|9136|Kuroshitsuji,II,Specials|0|0|6|Low
374,Afuchar|5039|Kurozuka|0|0|6|Low,,
375,Afuchar|18153|Kyoukai,no,Kanata|0|0|6|Low
376,Afuchar|10456|Kyoukaisenjou,no,Horizon|0|0|6|Low
377,Afuchar|600|Legend,of,Duo|0|0|6|Low
378,Afuchar|9834|Level,E|0|0|6|Low,
379,Afuchar|33605|Ling,Qi|0|0|6|Low,
380,Afuchar|207|Lodoss-tou,Senki|0|0|6|Low,
381,Afuchar|7598|Loups=Garous|0|0|6|Low,,
382,Afuchar|21105|Love,Stage!!|0|0|6|Low,
383,Afuchar|32083|Luck,&,Logic|0|0|6|Low
384,Afuchar|31598|Luger,Code,1951|0|0|6|Low
385,Afuchar|17247|Machine-Doll,wa,Kizutsukanai|0|0|6|Low
386,Afuchar|14833|Maoyuu,Maou,Yuusha|0|0|6|Low
387,Afuchar|10721|Mawaru,Penguindrum|0|0|6|Low,
388,Afuchar|8666|Mazinkaiser,SKL|0|0|6|Low,
389,Afuchar|11761|Medaka,Box|0|0|6|Low,
390,Afuchar|14527|Medaka,Box,Abnormal|0|0|6|Low
391,Afuchar|21603|Mekakucity,Actors|0|0|6|Low,
392,Afuchar|10620|Mirai,Nikki|0|0|6|Low,
393,Afuchar|23835|Moonrakers|0|0|6|Low,,
394,Afuchar|593|Mugen,no,Ryvius|0|0|6|Low
395,Afuchar|457|Mushishi|0|0|6|Low,,
396,Afuchar|5085|Nakedyouth|0|0|6|Low,,
397,Afuchar|30016|Nanbaka|0|0|6|Low,,
398,Afuchar|32983|Natsume,Yuujinchou,Go|0|0|6|Low
399,Afuchar|34591|Natsume,Yuujinchou,Roku|0|0|6|Low
400,Afuchar|15689|Nekomonogatari:,Kuro|0|0|6|Low,
401,Afuchar|1163|Neo,Ranga|0|0|6|Low,
402,Afuchar|14293|Nerawareta,Gakuen|0|0|6|Low,
403,Afuchar|2970|Night,Wizard|0|0|6|Low,
404,Afuchar|10161|No.6|0|0|6|Low,,
405,Afuchar|1060|Oruchuban,Ebichu|0|0|6|Low,
406,Afuchar|31362|Osiris,no,Tenbin|0|0|6|Low
407,Afuchar|35073|Overlord,II|0|0|6|Low,
408,Afuchar|770|Pale,Cocoon|0|0|6|Low,
409,Afuchar|37522|Pet|0|0|6|Low,,
410,Afuchar|1492|Project,ARMS|0|0|6|Low,
411,Afuchar|23281|Psycho-Pass,2|0|0|6|Low,
412,Afuchar|21339|Psycho-Pass,Movie|0|0|6|Low,
413,Afuchar|19315|Pupa|0|0|6|Low,,
414,Afuchar|32360|Qualidea,Code|0|0|6|Low,
415,Afuchar|165|RahXephon|0|0|6|Low,,
416,Afuchar|758|RahXephon:,Tagen,Hensoukyoku|0|0|6|Low
417,Afuchar|13391|Rakuen,Tsuihou|0|0|6|Low,
418,Afuchar|23421|Re:␣Hamatora|0|0|6|Low,,
419,Afuchar|1601|Red,Garden|0|0|6|Low,
420,Afuchar|30015|ReLIFE|0|0|6|Low,,
421,Afuchar|37436|Revisions|0|0|6|Low,,
422,Afuchar|12137|Robotica*Robotics|0|0|6|Low,,
423,Afuchar|18041|Rozen,Maiden,(2013)|0|0|6|Low
424,Afuchar|168|s.CRY.ed|0|0|6|Low,,
425,Afuchar|12531|Sakamichi,no,Apollon|0|0|6|Low
426,Afuchar|32542|Sakamoto,Desu,ga?|0|0|6|Low
427,Afuchar|23987|Sarusuberi:,Miss,Hokusai|0|0|6|Low
428,Afuchar|6974|Seikimatsu,Occult,Gakuin|0|0|6|Low
429,Afuchar|1217|Seikimatsu★Darling|0|0|6|Low,,
430,Afuchar|21033|Seikoku,no,Dragonar|0|0|6|Low
431,Afuchar|1827|Seirei,no,Moribito|0|0|6|Low
432,Afuchar|5507|Senjou,no,Valkyria|0|0|6|Low
433,Afuchar|31229|Servamp|0|0|6|Low,,
434,Afuchar|5220|Shangri-La|0|0|6|Low,,
435,Afuchar|7724|Shiki|0|0|6|Low,,
436,Afuchar|23433|Shin,Strange+|0|0|6|Low,
437,Afuchar|28625|Shisha,no,Teikoku|0|0|6|Low
438,Afuchar|19775|Sidonia,no,Kishi|0|0|6|Low
439,Afuchar|5233|Slayers,Evolution-R|0|0|6|Low,
440,Afuchar|1285|Soukihei,MD,Geist|0|0|6|Low
441,Afuchar|9253|Steins;Gate|0|0|6|Low,,
442,Afuchar|21067|Strange+|0|0|6|Low,,
443,Afuchar|23679|Strange+,Special|0|0|6|Low,
444,Afuchar|33417|Super,Lovers,2|0|0|6|Low
445,Afuchar|33013|Super,Lovers,OVA|0|0|6|Low
446,Afuchar|8986|Supernatural,The,Animation|0|0|6|Low
447,Afuchar|3574|Switch|0|0|6|Low,,
448,Afuchar|29758|Taboo,Tattoo|0|0|6|Low,
449,Afuchar|37616|Ten,Count|0|0|6|Low,
450,Afuchar|22687|Terra,Formars|0|0|6|Low,
451,Afuchar|26|Texhnolyze|0|0|6|Low,,
452,Afuchar|34449|The,Reflection|0|0|6|Low,
453,Afuchar|21353|Tokyo,ESP|0|0|6|Low,
454,Afuchar|27899|Tokyo,Ghoul,√A|0|0|6|Low
455,Afuchar|36511|Tokyo,Ghoul:re|0|0|6|Low,
456,Afuchar|33023|Touken,Ranbu:,Hanamaru|0|0|6|Low
457,Afuchar|26443|Triage,X|0|0|6|Low,
458,Afuchar|4066|Tytania|0|0|6|Low,,
459,Afuchar|32012|Utakata,Overdrive|0|0|6|Low,
460,Afuchar|34368|Vatican,Kiseki,Chousakan|0|0|6|Low
461,Afuchar|19151|Walkure,Romanze|0|0|6|Low,
462,Afuchar|13843|Wild,Adapter|0|0|6|Low,
463,Afuchar|7|Witch,Hunter,Robin|0|0|6|Low
464,Afuchar|24405|World,Trigger|0|0|6|Low,
465,Afuchar|37779|Yakusoku,no,Neverland|0|0|6|Low
466,Afuchar|1562|Yamato,Nadeshiko,Shichihenge♥|0|0|6|Low
467,Afuchar|7785|Yojouhan,Shinwa,Taikei|0|0|6|Low
468,Afuchar|1766|Youseiki,Suikoden|0|0|6|Low,
469,Afuchar|4548|Yozakura,Quartet|0|0|6|Low,
470,Afuchar|1276|Ys|0|0|6|Low,,
471,Afuchar|21639|Yu☆Gi☆Oh!,Arc-V|0|0|6|Low,
472,Afuchar|481|Yu☆Gi☆Oh!,Duel,Monsters|0|0|6|Low
473,Afuchar|15489|Yu☆Gi☆Oh!,Zexal,Second|0|0|6|Low
474,Afuchar|32995|Yuri!!!,on,Ice|0|0|6|Low
475,Afuchar|23283|Zankyou,no,Terror|0|0|6|Low
476,Afuchar|25833|Zephyr|0|0|6|Low,,
477,Afuchar|11837|Zetman|0|0|6|Low,,
478,Afuchar|2404|Zombie-Loan|0|0|6|Low,,
