,col0,col1,col2,col3,col4,col5,col6,col7,col8,col9,col10
0,mscordbi.dll,1661936,2,1575664613,2019-12-06T20:36:53.000Z,imports,ole32.dll,CoCreateGuid,ac54cdbaec36840fb9fcba386649d3b7,b866d98e315a6702cca8423038023d07928a0c29af454a0079976543e7533351,c:\Windows\WinSxS\amd64_netfx4-mscordbi_dll_b03f5f7f11d50a3a_4.0.15788.297_none_fee503521242cda7\mscordbi.dll
1,mscordbi.dll,1661936,2,1575664613,2019-12-06T20:36:53.000Z,imports,ole32.dll,CoTaskMemAlloc,ac54cdbaec36840fb9fcba386649d3b7,b866d98e315a6702cca8423038023d07928a0c29af454a0079976543e7533351,c:\Windows\WinSxS\amd64_netfx4-mscordbi_dll_b03f5f7f11d50a3a_4.0.15788.297_none_fee503521242cda7\mscordbi.dll
2,mscordbi.dll,1661936,2,1575664613,2019-12-06T20:36:53.000Z,imports,ole32.dll,CoTaskMemFree,ac54cdbaec36840fb9fcba386649d3b7,b866d98e315a6702cca8423038023d07928a0c29af454a0079976543e7533351,c:\Windows\WinSxS\amd64_netfx4-mscordbi_dll_b03f5f7f11d50a3a_4.0.15788.297_none_fee503521242cda7\mscordbi.dll
3,mscordbi.dll,1661936,2,1575664613,2019-12-06T20:36:53.000Z,imports,ole32.dll,CreateStreamOnHGlobal,ac54cdbaec36840fb9fcba386649d3b7,b866d98e315a6702cca8423038023d07928a0c29af454a0079976543e7533351,c:\Windows\WinSxS\amd64_netfx4-mscordbi_dll_b03f5f7f11d50a3a_4.0.15788.297_none_fee503521242cda7\mscordbi.dll
4,mscordbi.dll,1661936,2,1575664613,2019-12-06T20:36:53.000Z,imports,ole32.dll,IIDFromString,ac54cdbaec36840fb9fcba386649d3b7,b866d98e315a6702cca8423038023d07928a0c29af454a0079976543e7533351,c:\Windows\WinSxS\amd64_netfx4-mscordbi_dll_b03f5f7f11d50a3a_4.0.15788.297_none_fee503521242cda7\mscordbi.dll
5,mscordbi.dll,1661936,2,1575664613,2019-12-06T20:36:53.000Z,imports,ntdll.dll,RtlCaptureContext,ac54cdbaec36840fb9fcba386649d3b7,b866d98e315a6702cca8423038023d07928a0c29af454a0079976543e7533351,c:\Windows\WinSxS\amd64_netfx4-mscordbi_dll_b03f5f7f11d50a3a_4.0.15788.297_none_fee503521242cda7\mscordbi.dll
6,mscordbi.dll,1661936,2,1575664613,2019-12-06T20:36:53.000Z,imports,ntdll.dll,RtlLookupFunctionEntry,ac54cdbaec36840fb9fcba386649d3b7,b866d98e315a6702cca8423038023d07928a0c29af454a0079976543e7533351,c:\Windows\WinSxS\amd64_netfx4-mscordbi_dll_b03f5f7f11d50a3a_4.0.15788.297_none_fee503521242cda7\mscordbi.dll
7,mscordbi.dll,1661936,2,1575664613,2019-12-06T20:36:53.000Z,imports,ntdll.dll,RtlPcToFileHeader,ac54cdbaec36840fb9fcba386649d3b7,b866d98e315a6702cca8423038023d07928a0c29af454a0079976543e7533351,c:\Windows\WinSxS\amd64_netfx4-mscordbi_dll_b03f5f7f11d50a3a_4.0.15788.297_none_fee503521242cda7\mscordbi.dll
8,mscordbi.dll,1661936,2,1575664613,2019-12-06T20:36:53.000Z,imports,ntdll.dll,RtlUnwindEx,ac54cdbaec36840fb9fcba386649d3b7,b866d98e315a6702cca8423038023d07928a0c29af454a0079976543e7533351,c:\Windows\WinSxS\amd64_netfx4-mscordbi_dll_b03f5f7f11d50a3a_4.0.15788.297_none_fee503521242cda7\mscordbi.dll
9,mscordbi.dll,1661936,2,1575664613,2019-12-06T20:36:53.000Z,imports,ntdll.dll,RtlVirtualUnwind,ac54cdbaec36840fb9fcba386649d3b7,b866d98e315a6702cca8423038023d07928a0c29af454a0079976543e7533351,c:\Windows\WinSxS\amd64_netfx4-mscordbi_dll_b03f5f7f11d50a3a_4.0.15788.297_none_fee503521242cda7\mscordbi.dll
10,mscordbi.dll,1661936,2,1575664613,2019-12-06T20:36:53.000Z,imports,ntdll.dll,VerSetConditionMask,ac54cdbaec36840fb9fcba386649d3b7,b866d98e315a6702cca8423038023d07928a0c29af454a0079976543e7533351,c:\Windows\WinSxS\amd64_netfx4-mscordbi_dll_b03f5f7f11d50a3a_4.0.15788.297_none_fee503521242cda7\mscordbi.dll
11,mscordbi.dll,1661936,2,1575664613,2019-12-06T20:36:53.000Z,imports,kernel32.dll,ActivateActCtx,ac54cdbaec36840fb9fcba386649d3b7,b866d98e315a6702cca8423038023d07928a0c29af454a0079976543e7533351,c:\Windows\WinSxS\amd64_netfx4-mscordbi_dll_b03f5f7f11d50a3a_4.0.15788.297_none_fee503521242cda7\mscordbi.dll
12,mscordbi.dll,1661936,2,1575664613,2019-12-06T20:36:53.000Z,imports,kernel32.dll,CloseHandle,ac54cdbaec36840fb9fcba386649d3b7,b866d98e315a6702cca8423038023d07928a0c29af454a0079976543e7533351,c:\Windows\WinSxS\amd64_netfx4-mscordbi_dll_b03f5f7f11d50a3a_4.0.15788.297_none_fee503521242cda7\mscordbi.dll
13,mscordbi.dll,1661936,2,1575664613,2019-12-06T20:36:53.000Z,imports,kernel32.dll,ContinueDebugEvent,ac54cdbaec36840fb9fcba386649d3b7,b866d98e315a6702cca8423038023d07928a0c29af454a0079976543e7533351,c:\Windows\WinSxS\amd64_netfx4-mscordbi_dll_b03f5f7f11d50a3a_4.0.15788.297_none_fee503521242cda7\mscordbi.dll
14,mscordbi.dll,1661936,2,1575664613,2019-12-06T20:36:53.000Z,imports,kernel32.dll,CreateActCtxW,ac54cdbaec36840fb9fcba386649d3b7,b866d98e315a6702cca8423038023d07928a0c29af454a0079976543e7533351,c:\Windows\WinSxS\amd64_netfx4-mscordbi_dll_b03f5f7f11d50a3a_4.0.15788.297_none_fee503521242cda7\mscordbi.dll
15,mscordbi.dll,1661936,2,1575664613,2019-12-06T20:36:53.000Z,imports,kernel32.dll,CreateEventW,ac54cdbaec36840fb9fcba386649d3b7,b866d98e315a6702cca8423038023d07928a0c29af454a0079976543e7533351,c:\Windows\WinSxS\amd64_netfx4-mscordbi_dll_b03f5f7f11d50a3a_4.0.15788.297_none_fee503521242cda7\mscordbi.dll
16,mscordbi.dll,1661936,2,1575664613,2019-12-06T20:36:53.000Z,imports,kernel32.dll,CreateFileMappingW,ac54cdbaec36840fb9fcba386649d3b7,b866d98e315a6702cca8423038023d07928a0c29af454a0079976543e7533351,c:\Windows\WinSxS\amd64_netfx4-mscordbi_dll_b03f5f7f11d50a3a_4.0.15788.297_none_fee503521242cda7\mscordbi.dll
17,mscordbi.dll,1661936,2,1575664613,2019-12-06T20:36:53.000Z,imports,kernel32.dll,CreateFileW,ac54cdbaec36840fb9fcba386649d3b7,b866d98e315a6702cca8423038023d07928a0c29af454a0079976543e7533351,c:\Windows\WinSxS\amd64_netfx4-mscordbi_dll_b03f5f7f11d50a3a_4.0.15788.297_none_fee503521242cda7\mscordbi.dll
18,mscordbi.dll,1661936,2,1575664613,2019-12-06T20:36:53.000Z,imports,kernel32.dll,CreateMutexW,ac54cdbaec36840fb9fcba386649d3b7,b866d98e315a6702cca8423038023d07928a0c29af454a0079976543e7533351,c:\Windows\WinSxS\amd64_netfx4-mscordbi_dll_b03f5f7f11d50a3a_4.0.15788.297_none_fee503521242cda7\mscordbi.dll
19,mscordbi.dll,1661936,2,1575664613,2019-12-06T20:36:53.000Z,imports,kernel32.dll,CreateProcessW,ac54cdbaec36840fb9fcba386649d3b7,b866d98e315a6702cca8423038023d07928a0c29af454a0079976543e7533351,c:\Windows\WinSxS\amd64_netfx4-mscordbi_dll_b03f5f7f11d50a3a_4.0.15788.297_none_fee503521242cda7\mscordbi.dll
20,mscordbi.dll,1661936,2,1575664613,2019-12-06T20:36:53.000Z,imports,kernel32.dll,CreateSemaphoreW,ac54cdbaec36840fb9fcba386649d3b7,b866d98e315a6702cca8423038023d07928a0c29af454a0079976543e7533351,c:\Windows\WinSxS\amd64_netfx4-mscordbi_dll_b03f5f7f11d50a3a_4.0.15788.297_none_fee503521242cda7\mscordbi.dll
21,mscordbi.dll,1661936,2,1575664613,2019-12-06T20:36:53.000Z,imports,kernel32.dll,CreateThread,ac54cdbaec36840fb9fcba386649d3b7,b866d98e315a6702cca8423038023d07928a0c29af454a0079976543e7533351,c:\Windows\WinSxS\amd64_netfx4-mscordbi_dll_b03f5f7f11d50a3a_4.0.15788.297_none_fee503521242cda7\mscordbi.dll
22,mscordbi.dll,1661936,2,1575664613,2019-12-06T20:36:53.000Z,imports,kernel32.dll,CreateToolhelp32Snapshot,ac54cdbaec36840fb9fcba386649d3b7,b866d98e315a6702cca8423038023d07928a0c29af454a0079976543e7533351,c:\Windows\WinSxS\amd64_netfx4-mscordbi_dll_b03f5f7f11d50a3a_4.0.15788.297_none_fee503521242cda7\mscordbi.dll
23,mscordbi.dll,1661936,2,1575664613,2019-12-06T20:36:53.000Z,imports,kernel32.dll,DeactivateActCtx,ac54cdbaec36840fb9fcba386649d3b7,b866d98e315a6702cca8423038023d07928a0c29af454a0079976543e7533351,c:\Windows\WinSxS\amd64_netfx4-mscordbi_dll_b03f5f7f11d50a3a_4.0.15788.297_none_fee503521242cda7\mscordbi.dll
24,mscordbi.dll,1661936,2,1575664613,2019-12-06T20:36:53.000Z,imports,kernel32.dll,DebugActiveProcess,ac54cdbaec36840fb9fcba386649d3b7,b866d98e315a6702cca8423038023d07928a0c29af454a0079976543e7533351,c:\Windows\WinSxS\amd64_netfx4-mscordbi_dll_b03f5f7f11d50a3a_4.0.15788.297_none_fee503521242cda7\mscordbi.dll
25,mscordbi.dll,1661936,2,1575664613,2019-12-06T20:36:53.000Z,imports,kernel32.dll,DebugBreak,ac54cdbaec36840fb9fcba386649d3b7,b866d98e315a6702cca8423038023d07928a0c29af454a0079976543e7533351,c:\Windows\WinSxS\amd64_netfx4-mscordbi_dll_b03f5f7f11d50a3a_4.0.15788.297_none_fee503521242cda7\mscordbi.dll
26,mscordbi.dll,1661936,2,1575664613,2019-12-06T20:36:53.000Z,imports,kernel32.dll,DeleteCriticalSection,ac54cdbaec36840fb9fcba386649d3b7,b866d98e315a6702cca8423038023d07928a0c29af454a0079976543e7533351,c:\Windows\WinSxS\amd64_netfx4-mscordbi_dll_b03f5f7f11d50a3a_4.0.15788.297_none_fee503521242cda7\mscordbi.dll
27,mscordbi.dll,1661936,2,1575664613,2019-12-06T20:36:53.000Z,imports,kernel32.dll,DuplicateHandle,ac54cdbaec36840fb9fcba386649d3b7,b866d98e315a6702cca8423038023d07928a0c29af454a0079976543e7533351,c:\Windows\WinSxS\amd64_netfx4-mscordbi_dll_b03f5f7f11d50a3a_4.0.15788.297_none_fee503521242cda7\mscordbi.dll
28,mscordbi.dll,1661936,2,1575664613,2019-12-06T20:36:53.000Z,imports,kernel32.dll,EncodePointer,ac54cdbaec36840fb9fcba386649d3b7,b866d98e315a6702cca8423038023d07928a0c29af454a0079976543e7533351,c:\Windows\WinSxS\amd64_netfx4-mscordbi_dll_b03f5f7f11d50a3a_4.0.15788.297_none_fee503521242cda7\mscordbi.dll
29,mscordbi.dll,1661936,2,1575664613,2019-12-06T20:36:53.000Z,imports,kernel32.dll,EnterCriticalSection,ac54cdbaec36840fb9fcba386649d3b7,b866d98e315a6702cca8423038023d07928a0c29af454a0079976543e7533351,c:\Windows\WinSxS\amd64_netfx4-mscordbi_dll_b03f5f7f11d50a3a_4.0.15788.297_none_fee503521242cda7\mscordbi.dll
30,mscordbi.dll,1661936,2,1575664613,2019-12-06T20:36:53.000Z,imports,kernel32.dll,ExitProcess,ac54cdbaec36840fb9fcba386649d3b7,b866d98e315a6702cca8423038023d07928a0c29af454a0079976543e7533351,c:\Windows\WinSxS\amd64_netfx4-mscordbi_dll_b03f5f7f11d50a3a_4.0.15788.297_none_fee503521242cda7\mscordbi.dll
31,mscordbi.dll,1661936,2,1575664613,2019-12-06T20:36:53.000Z,imports,kernel32.dll,FindClose,ac54cdbaec36840fb9fcba386649d3b7,b866d98e315a6702cca8423038023d07928a0c29af454a0079976543e7533351,c:\Windows\WinSxS\amd64_netfx4-mscordbi_dll_b03f5f7f11d50a3a_4.0.15788.297_none_fee503521242cda7\mscordbi.dll
32,mscordbi.dll,1661936,2,1575664613,2019-12-06T20:36:53.000Z,imports,kernel32.dll,FindFirstFileExA,ac54cdbaec36840fb9fcba386649d3b7,b866d98e315a6702cca8423038023d07928a0c29af454a0079976543e7533351,c:\Windows\WinSxS\amd64_netfx4-mscordbi_dll_b03f5f7f11d50a3a_4.0.15788.297_none_fee503521242cda7\mscordbi.dll
33,mscordbi.dll,1661936,2,1575664613,2019-12-06T20:36:53.000Z,imports,kernel32.dll,FindNextFileA,ac54cdbaec36840fb9fcba386649d3b7,b866d98e315a6702cca8423038023d07928a0c29af454a0079976543e7533351,c:\Windows\WinSxS\amd64_netfx4-mscordbi_dll_b03f5f7f11d50a3a_4.0.15788.297_none_fee503521242cda7\mscordbi.dll
34,mscordbi.dll,1661936,2,1575664613,2019-12-06T20:36:53.000Z,imports,kernel32.dll,FlushFileBuffers,ac54cdbaec36840fb9fcba386649d3b7,b866d98e315a6702cca8423038023d07928a0c29af454a0079976543e7533351,c:\Windows\WinSxS\amd64_netfx4-mscordbi_dll_b03f5f7f11d50a3a_4.0.15788.297_none_fee503521242cda7\mscordbi.dll
35,mscordbi.dll,1661936,2,1575664613,2019-12-06T20:36:53.000Z,imports,kernel32.dll,FlushInstructionCache,ac54cdbaec36840fb9fcba386649d3b7,b866d98e315a6702cca8423038023d07928a0c29af454a0079976543e7533351,c:\Windows\WinSxS\amd64_netfx4-mscordbi_dll_b03f5f7f11d50a3a_4.0.15788.297_none_fee503521242cda7\mscordbi.dll
36,mscordbi.dll,1661936,2,1575664613,2019-12-06T20:36:53.000Z,imports,kernel32.dll,FormatMessageW,ac54cdbaec36840fb9fcba386649d3b7,b866d98e315a6702cca8423038023d07928a0c29af454a0079976543e7533351,c:\Windows\WinSxS\amd64_netfx4-mscordbi_dll_b03f5f7f11d50a3a_4.0.15788.297_none_fee503521242cda7\mscordbi.dll
37,mscordbi.dll,1661936,2,1575664613,2019-12-06T20:36:53.000Z,imports,kernel32.dll,FreeEnvironmentStringsW,ac54cdbaec36840fb9fcba386649d3b7,b866d98e315a6702cca8423038023d07928a0c29af454a0079976543e7533351,c:\Windows\WinSxS\amd64_netfx4-mscordbi_dll_b03f5f7f11d50a3a_4.0.15788.297_none_fee503521242cda7\mscordbi.dll
38,mscordbi.dll,1661936,2,1575664613,2019-12-06T20:36:53.000Z,imports,kernel32.dll,FreeLibrary,ac54cdbaec36840fb9fcba386649d3b7,b866d98e315a6702cca8423038023d07928a0c29af454a0079976543e7533351,c:\Windows\WinSxS\amd64_netfx4-mscordbi_dll_b03f5f7f11d50a3a_4.0.15788.297_none_fee503521242cda7\mscordbi.dll
39,mscordbi.dll,1661936,2,1575664613,2019-12-06T20:36:53.000Z,imports,kernel32.dll,GetACP,ac54cdbaec36840fb9fcba386649d3b7,b866d98e315a6702cca8423038023d07928a0c29af454a0079976543e7533351,c:\Windows\WinSxS\amd64_netfx4-mscordbi_dll_b03f5f7f11d50a3a_4.0.15788.297_none_fee503521242cda7\mscordbi.dll
40,mscordbi.dll,1661936,2,1575664613,2019-12-06T20:36:53.000Z,imports,kernel32.dll,GetCPInfo,ac54cdbaec36840fb9fcba386649d3b7,b866d98e315a6702cca8423038023d07928a0c29af454a0079976543e7533351,c:\Windows\WinSxS\amd64_netfx4-mscordbi_dll_b03f5f7f11d50a3a_4.0.15788.297_none_fee503521242cda7\mscordbi.dll
41,mscordbi.dll,1661936,2,1575664613,2019-12-06T20:36:53.000Z,imports,kernel32.dll,GetCommandLineA,ac54cdbaec36840fb9fcba386649d3b7,b866d98e315a6702cca8423038023d07928a0c29af454a0079976543e7533351,c:\Windows\WinSxS\amd64_netfx4-mscordbi_dll_b03f5f7f11d50a3a_4.0.15788.297_none_fee503521242cda7\mscordbi.dll
42,mscordbi.dll,1661936,2,1575664613,2019-12-06T20:36:53.000Z,imports,kernel32.dll,GetCommandLineW,ac54cdbaec36840fb9fcba386649d3b7,b866d98e315a6702cca8423038023d07928a0c29af454a0079976543e7533351,c:\Windows\WinSxS\amd64_netfx4-mscordbi_dll_b03f5f7f11d50a3a_4.0.15788.297_none_fee503521242cda7\mscordbi.dll
43,mscordbi.dll,1661936,2,1575664613,2019-12-06T20:36:53.000Z,imports,kernel32.dll,GetConsoleCP,ac54cdbaec36840fb9fcba386649d3b7,b866d98e315a6702cca8423038023d07928a0c29af454a0079976543e7533351,c:\Windows\WinSxS\amd64_netfx4-mscordbi_dll_b03f5f7f11d50a3a_4.0.15788.297_none_fee503521242cda7\mscordbi.dll
44,mscordbi.dll,1661936,2,1575664613,2019-12-06T20:36:53.000Z,imports,kernel32.dll,GetConsoleMode,ac54cdbaec36840fb9fcba386649d3b7,b866d98e315a6702cca8423038023d07928a0c29af454a0079976543e7533351,c:\Windows\WinSxS\amd64_netfx4-mscordbi_dll_b03f5f7f11d50a3a_4.0.15788.297_none_fee503521242cda7\mscordbi.dll
45,mscordbi.dll,1661936,2,1575664613,2019-12-06T20:36:53.000Z,imports,kernel32.dll,GetCurrentProcess,ac54cdbaec36840fb9fcba386649d3b7,b866d98e315a6702cca8423038023d07928a0c29af454a0079976543e7533351,c:\Windows\WinSxS\amd64_netfx4-mscordbi_dll_b03f5f7f11d50a3a_4.0.15788.297_none_fee503521242cda7\mscordbi.dll
46,mscordbi.dll,1661936,2,1575664613,2019-12-06T20:36:53.000Z,imports,kernel32.dll,GetCurrentProcessId,ac54cdbaec36840fb9fcba386649d3b7,b866d98e315a6702cca8423038023d07928a0c29af454a0079976543e7533351,c:\Windows\WinSxS\amd64_netfx4-mscordbi_dll_b03f5f7f11d50a3a_4.0.15788.297_none_fee503521242cda7\mscordbi.dll
47,mscordbi.dll,1661936,2,1575664613,2019-12-06T20:36:53.000Z,imports,kernel32.dll,GetCurrentThread,ac54cdbaec36840fb9fcba386649d3b7,b866d98e315a6702cca8423038023d07928a0c29af454a0079976543e7533351,c:\Windows\WinSxS\amd64_netfx4-mscordbi_dll_b03f5f7f11d50a3a_4.0.15788.297_none_fee503521242cda7\mscordbi.dll
48,mscordbi.dll,1661936,2,1575664613,2019-12-06T20:36:53.000Z,imports,kernel32.dll,GetCurrentThreadId,ac54cdbaec36840fb9fcba386649d3b7,b866d98e315a6702cca8423038023d07928a0c29af454a0079976543e7533351,c:\Windows\WinSxS\amd64_netfx4-mscordbi_dll_b03f5f7f11d50a3a_4.0.15788.297_none_fee503521242cda7\mscordbi.dll
49,mscordbi.dll,1661936,2,1575664613,2019-12-06T20:36:53.000Z,imports,kernel32.dll,GetEnvironmentStringsW,ac54cdbaec36840fb9fcba386649d3b7,b866d98e315a6702cca8423038023d07928a0c29af454a0079976543e7533351,c:\Windows\WinSxS\amd64_netfx4-mscordbi_dll_b03f5f7f11d50a3a_4.0.15788.297_none_fee503521242cda7\mscordbi.dll
50,mscordbi.dll,1661936,2,1575664613,2019-12-06T20:36:53.000Z,imports,kernel32.dll,GetEnvironmentVariableW,ac54cdbaec36840fb9fcba386649d3b7,b866d98e315a6702cca8423038023d07928a0c29af454a0079976543e7533351,c:\Windows\WinSxS\amd64_netfx4-mscordbi_dll_b03f5f7f11d50a3a_4.0.15788.297_none_fee503521242cda7\mscordbi.dll
51,mscordbi.dll,1661936,2,1575664613,2019-12-06T20:36:53.000Z,imports,kernel32.dll,GetFileAttributesExW,ac54cdbaec36840fb9fcba386649d3b7,b866d98e315a6702cca8423038023d07928a0c29af454a0079976543e7533351,c:\Windows\WinSxS\amd64_netfx4-mscordbi_dll_b03f5f7f11d50a3a_4.0.15788.297_none_fee503521242cda7\mscordbi.dll
52,mscordbi.dll,1661936,2,1575664613,2019-12-06T20:36:53.000Z,imports,kernel32.dll,GetFileSize,ac54cdbaec36840fb9fcba386649d3b7,b866d98e315a6702cca8423038023d07928a0c29af454a0079976543e7533351,c:\Windows\WinSxS\amd64_netfx4-mscordbi_dll_b03f5f7f11d50a3a_4.0.15788.297_none_fee503521242cda7\mscordbi.dll
53,mscordbi.dll,1661936,2,1575664613,2019-12-06T20:36:53.000Z,imports,kernel32.dll,GetFileType,ac54cdbaec36840fb9fcba386649d3b7,b866d98e315a6702cca8423038023d07928a0c29af454a0079976543e7533351,c:\Windows\WinSxS\amd64_netfx4-mscordbi_dll_b03f5f7f11d50a3a_4.0.15788.297_none_fee503521242cda7\mscordbi.dll
54,mscordbi.dll,1661936,2,1575664613,2019-12-06T20:36:53.000Z,imports,kernel32.dll,GetLastError,ac54cdbaec36840fb9fcba386649d3b7,b866d98e315a6702cca8423038023d07928a0c29af454a0079976543e7533351,c:\Windows\WinSxS\amd64_netfx4-mscordbi_dll_b03f5f7f11d50a3a_4.0.15788.297_none_fee503521242cda7\mscordbi.dll
55,mscordbi.dll,1661936,2,1575664613,2019-12-06T20:36:53.000Z,imports,kernel32.dll,GetModuleFileNameA,ac54cdbaec36840fb9fcba386649d3b7,b866d98e315a6702cca8423038023d07928a0c29af454a0079976543e7533351,c:\Windows\WinSxS\amd64_netfx4-mscordbi_dll_b03f5f7f11d50a3a_4.0.15788.297_none_fee503521242cda7\mscordbi.dll
56,mscordbi.dll,1661936,2,1575664613,2019-12-06T20:36:53.000Z,imports,kernel32.dll,GetModuleFileNameW,ac54cdbaec36840fb9fcba386649d3b7,b866d98e315a6702cca8423038023d07928a0c29af454a0079976543e7533351,c:\Windows\WinSxS\amd64_netfx4-mscordbi_dll_b03f5f7f11d50a3a_4.0.15788.297_none_fee503521242cda7\mscordbi.dll
57,mscordbi.dll,1661936,2,1575664613,2019-12-06T20:36:53.000Z,imports,kernel32.dll,GetModuleHandleExW,ac54cdbaec36840fb9fcba386649d3b7,b866d98e315a6702cca8423038023d07928a0c29af454a0079976543e7533351,c:\Windows\WinSxS\amd64_netfx4-mscordbi_dll_b03f5f7f11d50a3a_4.0.15788.297_none_fee503521242cda7\mscordbi.dll
58,mscordbi.dll,1661936,2,1575664613,2019-12-06T20:36:53.000Z,imports,kernel32.dll,GetModuleHandleW,ac54cdbaec36840fb9fcba386649d3b7,b866d98e315a6702cca8423038023d07928a0c29af454a0079976543e7533351,c:\Windows\WinSxS\amd64_netfx4-mscordbi_dll_b03f5f7f11d50a3a_4.0.15788.297_none_fee503521242cda7\mscordbi.dll
59,mscordbi.dll,1661936,2,1575664613,2019-12-06T20:36:53.000Z,imports,kernel32.dll,GetOEMCP,ac54cdbaec36840fb9fcba386649d3b7,b866d98e315a6702cca8423038023d07928a0c29af454a0079976543e7533351,c:\Windows\WinSxS\amd64_netfx4-mscordbi_dll_b03f5f7f11d50a3a_4.0.15788.297_none_fee503521242cda7\mscordbi.dll
60,mscordbi.dll,1661936,2,1575664613,2019-12-06T20:36:53.000Z,imports,kernel32.dll,GetProcAddress,ac54cdbaec36840fb9fcba386649d3b7,b866d98e315a6702cca8423038023d07928a0c29af454a0079976543e7533351,c:\Windows\WinSxS\amd64_netfx4-mscordbi_dll_b03f5f7f11d50a3a_4.0.15788.297_none_fee503521242cda7\mscordbi.dll
61,mscordbi.dll,1661936,2,1575664613,2019-12-06T20:36:53.000Z,imports,kernel32.dll,GetProcessHeap,ac54cdbaec36840fb9fcba386649d3b7,b866d98e315a6702cca8423038023d07928a0c29af454a0079976543e7533351,c:\Windows\WinSxS\amd64_netfx4-mscordbi_dll_b03f5f7f11d50a3a_4.0.15788.297_none_fee503521242cda7\mscordbi.dll
62,mscordbi.dll,1661936,2,1575664613,2019-12-06T20:36:53.000Z,imports,kernel32.dll,GetStartupInfoW,ac54cdbaec36840fb9fcba386649d3b7,b866d98e315a6702cca8423038023d07928a0c29af454a0079976543e7533351,c:\Windows\WinSxS\amd64_netfx4-mscordbi_dll_b03f5f7f11d50a3a_4.0.15788.297_none_fee503521242cda7\mscordbi.dll
63,mscordbi.dll,1661936,2,1575664613,2019-12-06T20:36:53.000Z,imports,kernel32.dll,GetStdHandle,ac54cdbaec36840fb9fcba386649d3b7,b866d98e315a6702cca8423038023d07928a0c29af454a0079976543e7533351,c:\Windows\WinSxS\amd64_netfx4-mscordbi_dll_b03f5f7f11d50a3a_4.0.15788.297_none_fee503521242cda7\mscordbi.dll
64,mscordbi.dll,1661936,2,1575664613,2019-12-06T20:36:53.000Z,imports,kernel32.dll,GetStringTypeW,ac54cdbaec36840fb9fcba386649d3b7,b866d98e315a6702cca8423038023d07928a0c29af454a0079976543e7533351,c:\Windows\WinSxS\amd64_netfx4-mscordbi_dll_b03f5f7f11d50a3a_4.0.15788.297_none_fee503521242cda7\mscordbi.dll
65,mscordbi.dll,1661936,2,1575664613,2019-12-06T20:36:53.000Z,imports,kernel32.dll,GetSystemInfo,ac54cdbaec36840fb9fcba386649d3b7,b866d98e315a6702cca8423038023d07928a0c29af454a0079976543e7533351,c:\Windows\WinSxS\amd64_netfx4-mscordbi_dll_b03f5f7f11d50a3a_4.0.15788.297_none_fee503521242cda7\mscordbi.dll
66,mscordbi.dll,1661936,2,1575664613,2019-12-06T20:36:53.000Z,imports,kernel32.dll,GetSystemTimeAsFileTime,ac54cdbaec36840fb9fcba386649d3b7,b866d98e315a6702cca8423038023d07928a0c29af454a0079976543e7533351,c:\Windows\WinSxS\amd64_netfx4-mscordbi_dll_b03f5f7f11d50a3a_4.0.15788.297_none_fee503521242cda7\mscordbi.dll
67,mscordbi.dll,1661936,2,1575664613,2019-12-06T20:36:53.000Z,imports,kernel32.dll,GetThreadContext,ac54cdbaec36840fb9fcba386649d3b7,b866d98e315a6702cca8423038023d07928a0c29af454a0079976543e7533351,c:\Windows\WinSxS\amd64_netfx4-mscordbi_dll_b03f5f7f11d50a3a_4.0.15788.297_none_fee503521242cda7\mscordbi.dll
68,mscordbi.dll,1661936,2,1575664613,2019-12-06T20:36:53.000Z,imports,kernel32.dll,GetWindowsDirectoryW,ac54cdbaec36840fb9fcba386649d3b7,b866d98e315a6702cca8423038023d07928a0c29af454a0079976543e7533351,c:\Windows\WinSxS\amd64_netfx4-mscordbi_dll_b03f5f7f11d50a3a_4.0.15788.297_none_fee503521242cda7\mscordbi.dll
69,mscordbi.dll,1661936,2,1575664613,2019-12-06T20:36:53.000Z,imports,kernel32.dll,HeapAlloc,ac54cdbaec36840fb9fcba386649d3b7,b866d98e315a6702cca8423038023d07928a0c29af454a0079976543e7533351,c:\Windows\WinSxS\amd64_netfx4-mscordbi_dll_b03f5f7f11d50a3a_4.0.15788.297_none_fee503521242cda7\mscordbi.dll
70,mscordbi.dll,1661936,2,1575664613,2019-12-06T20:36:53.000Z,imports,kernel32.dll,HeapCreate,ac54cdbaec36840fb9fcba386649d3b7,b866d98e315a6702cca8423038023d07928a0c29af454a0079976543e7533351,c:\Windows\WinSxS\amd64_netfx4-mscordbi_dll_b03f5f7f11d50a3a_4.0.15788.297_none_fee503521242cda7\mscordbi.dll
71,mscordbi.dll,1661936,2,1575664613,2019-12-06T20:36:53.000Z,imports,kernel32.dll,HeapDestroy,ac54cdbaec36840fb9fcba386649d3b7,b866d98e315a6702cca8423038023d07928a0c29af454a0079976543e7533351,c:\Windows\WinSxS\amd64_netfx4-mscordbi_dll_b03f5f7f11d50a3a_4.0.15788.297_none_fee503521242cda7\mscordbi.dll
72,mscordbi.dll,1661936,2,1575664613,2019-12-06T20:36:53.000Z,imports,kernel32.dll,HeapFree,ac54cdbaec36840fb9fcba386649d3b7,b866d98e315a6702cca8423038023d07928a0c29af454a0079976543e7533351,c:\Windows\WinSxS\amd64_netfx4-mscordbi_dll_b03f5f7f11d50a3a_4.0.15788.297_none_fee503521242cda7\mscordbi.dll
73,mscordbi.dll,1661936,2,1575664613,2019-12-06T20:36:53.000Z,imports,kernel32.dll,HeapReAlloc,ac54cdbaec36840fb9fcba386649d3b7,b866d98e315a6702cca8423038023d07928a0c29af454a0079976543e7533351,c:\Windows\WinSxS\amd64_netfx4-mscordbi_dll_b03f5f7f11d50a3a_4.0.15788.297_none_fee503521242cda7\mscordbi.dll
74,mscordbi.dll,1661936,2,1575664613,2019-12-06T20:36:53.000Z,imports,kernel32.dll,HeapSize,ac54cdbaec36840fb9fcba386649d3b7,b866d98e315a6702cca8423038023d07928a0c29af454a0079976543e7533351,c:\Windows\WinSxS\amd64_netfx4-mscordbi_dll_b03f5f7f11d50a3a_4.0.15788.297_none_fee503521242cda7\mscordbi.dll
75,mscordbi.dll,1661936,2,1575664613,2019-12-06T20:36:53.000Z,imports,kernel32.dll,HeapValidate,ac54cdbaec36840fb9fcba386649d3b7,b866d98e315a6702cca8423038023d07928a0c29af454a0079976543e7533351,c:\Windows\WinSxS\amd64_netfx4-mscordbi_dll_b03f5f7f11d50a3a_4.0.15788.297_none_fee503521242cda7\mscordbi.dll
76,mscordbi.dll,1661936,2,1575664613,2019-12-06T20:36:53.000Z,imports,kernel32.dll,InitializeCriticalSection,ac54cdbaec36840fb9fcba386649d3b7,b866d98e315a6702cca8423038023d07928a0c29af454a0079976543e7533351,c:\Windows\WinSxS\amd64_netfx4-mscordbi_dll_b03f5f7f11d50a3a_4.0.15788.297_none_fee503521242cda7\mscordbi.dll
77,mscordbi.dll,1661936,2,1575664613,2019-12-06T20:36:53.000Z,imports,kernel32.dll,InitializeCriticalSectionAndSpinCount,ac54cdbaec36840fb9fcba386649d3b7,b866d98e315a6702cca8423038023d07928a0c29af454a0079976543e7533351,c:\Windows\WinSxS\amd64_netfx4-mscordbi_dll_b03f5f7f11d50a3a_4.0.15788.297_none_fee503521242cda7\mscordbi.dll
78,mscordbi.dll,1661936,2,1575664613,2019-12-06T20:36:53.000Z,imports,kernel32.dll,InitializeSListHead,ac54cdbaec36840fb9fcba386649d3b7,b866d98e315a6702cca8423038023d07928a0c29af454a0079976543e7533351,c:\Windows\WinSxS\amd64_netfx4-mscordbi_dll_b03f5f7f11d50a3a_4.0.15788.297_none_fee503521242cda7\mscordbi.dll
79,mscordbi.dll,1661936,2,1575664613,2019-12-06T20:36:53.000Z,imports,kernel32.dll,InterlockedFlushSList,ac54cdbaec36840fb9fcba386649d3b7,b866d98e315a6702cca8423038023d07928a0c29af454a0079976543e7533351,c:\Windows\WinSxS\amd64_netfx4-mscordbi_dll_b03f5f7f11d50a3a_4.0.15788.297_none_fee503521242cda7\mscordbi.dll
80,mscordbi.dll,1661936,2,1575664613,2019-12-06T20:36:53.000Z,imports,kernel32.dll,IsDBCSLeadByte,ac54cdbaec36840fb9fcba386649d3b7,b866d98e315a6702cca8423038023d07928a0c29af454a0079976543e7533351,c:\Windows\WinSxS\amd64_netfx4-mscordbi_dll_b03f5f7f11d50a3a_4.0.15788.297_none_fee503521242cda7\mscordbi.dll
81,mscordbi.dll,1661936,2,1575664613,2019-12-06T20:36:53.000Z,imports,kernel32.dll,IsDebuggerPresent,ac54cdbaec36840fb9fcba386649d3b7,b866d98e315a6702cca8423038023d07928a0c29af454a0079976543e7533351,c:\Windows\WinSxS\amd64_netfx4-mscordbi_dll_b03f5f7f11d50a3a_4.0.15788.297_none_fee503521242cda7\mscordbi.dll
82,mscordbi.dll,1661936,2,1575664613,2019-12-06T20:36:53.000Z,imports,kernel32.dll,IsProcessorFeaturePresent,ac54cdbaec36840fb9fcba386649d3b7,b866d98e315a6702cca8423038023d07928a0c29af454a0079976543e7533351,c:\Windows\WinSxS\amd64_netfx4-mscordbi_dll_b03f5f7f11d50a3a_4.0.15788.297_none_fee503521242cda7\mscordbi.dll
83,mscordbi.dll,1661936,2,1575664613,2019-12-06T20:36:53.000Z,imports,kernel32.dll,IsValidCodePage,ac54cdbaec36840fb9fcba386649d3b7,b866d98e315a6702cca8423038023d07928a0c29af454a0079976543e7533351,c:\Windows\WinSxS\amd64_netfx4-mscordbi_dll_b03f5f7f11d50a3a_4.0.15788.297_none_fee503521242cda7\mscordbi.dll
84,mscordbi.dll,1661936,2,1575664613,2019-12-06T20:36:53.000Z,imports,kernel32.dll,IsWow64Process,ac54cdbaec36840fb9fcba386649d3b7,b866d98e315a6702cca8423038023d07928a0c29af454a0079976543e7533351,c:\Windows\WinSxS\amd64_netfx4-mscordbi_dll_b03f5f7f11d50a3a_4.0.15788.297_none_fee503521242cda7\mscordbi.dll
85,mscordbi.dll,1661936,2,1575664613,2019-12-06T20:36:53.000Z,imports,kernel32.dll,LCMapStringW,ac54cdbaec36840fb9fcba386649d3b7,b866d98e315a6702cca8423038023d07928a0c29af454a0079976543e7533351,c:\Windows\WinSxS\amd64_netfx4-mscordbi_dll_b03f5f7f11d50a3a_4.0.15788.297_none_fee503521242cda7\mscordbi.dll
86,mscordbi.dll,1661936,2,1575664613,2019-12-06T20:36:53.000Z,imports,kernel32.dll,LeaveCriticalSection,ac54cdbaec36840fb9fcba386649d3b7,b866d98e315a6702cca8423038023d07928a0c29af454a0079976543e7533351,c:\Windows\WinSxS\amd64_netfx4-mscordbi_dll_b03f5f7f11d50a3a_4.0.15788.297_none_fee503521242cda7\mscordbi.dll
87,mscordbi.dll,1661936,2,1575664613,2019-12-06T20:36:53.000Z,imports,kernel32.dll,LoadLibraryExW,ac54cdbaec36840fb9fcba386649d3b7,b866d98e315a6702cca8423038023d07928a0c29af454a0079976543e7533351,c:\Windows\WinSxS\amd64_netfx4-mscordbi_dll_b03f5f7f11d50a3a_4.0.15788.297_none_fee503521242cda7\mscordbi.dll
88,mscordbi.dll,1661936,2,1575664613,2019-12-06T20:36:53.000Z,imports,kernel32.dll,LocalFree,ac54cdbaec36840fb9fcba386649d3b7,b866d98e315a6702cca8423038023d07928a0c29af454a0079976543e7533351,c:\Windows\WinSxS\amd64_netfx4-mscordbi_dll_b03f5f7f11d50a3a_4.0.15788.297_none_fee503521242cda7\mscordbi.dll
89,mscordbi.dll,1661936,2,1575664613,2019-12-06T20:36:53.000Z,imports,kernel32.dll,MapViewOfFile,ac54cdbaec36840fb9fcba386649d3b7,b866d98e315a6702cca8423038023d07928a0c29af454a0079976543e7533351,c:\Windows\WinSxS\amd64_netfx4-mscordbi_dll_b03f5f7f11d50a3a_4.0.15788.297_none_fee503521242cda7\mscordbi.dll
90,mscordbi.dll,1661936,2,1575664613,2019-12-06T20:36:53.000Z,imports,kernel32.dll,Module32FirstW,ac54cdbaec36840fb9fcba386649d3b7,b866d98e315a6702cca8423038023d07928a0c29af454a0079976543e7533351,c:\Windows\WinSxS\amd64_netfx4-mscordbi_dll_b03f5f7f11d50a3a_4.0.15788.297_none_fee503521242cda7\mscordbi.dll
91,mscordbi.dll,1661936,2,1575664613,2019-12-06T20:36:53.000Z,imports,kernel32.dll,Module32NextW,ac54cdbaec36840fb9fcba386649d3b7,b866d98e315a6702cca8423038023d07928a0c29af454a0079976543e7533351,c:\Windows\WinSxS\amd64_netfx4-mscordbi_dll_b03f5f7f11d50a3a_4.0.15788.297_none_fee503521242cda7\mscordbi.dll
92,mscordbi.dll,1661936,2,1575664613,2019-12-06T20:36:53.000Z,imports,kernel32.dll,MultiByteToWideChar,ac54cdbaec36840fb9fcba386649d3b7,b866d98e315a6702cca8423038023d07928a0c29af454a0079976543e7533351,c:\Windows\WinSxS\amd64_netfx4-mscordbi_dll_b03f5f7f11d50a3a_4.0.15788.297_none_fee503521242cda7\mscordbi.dll
93,mscordbi.dll,1661936,2,1575664613,2019-12-06T20:36:53.000Z,imports,kernel32.dll,OpenFileMappingW,ac54cdbaec36840fb9fcba386649d3b7,b866d98e315a6702cca8423038023d07928a0c29af454a0079976543e7533351,c:\Windows\WinSxS\amd64_netfx4-mscordbi_dll_b03f5f7f11d50a3a_4.0.15788.297_none_fee503521242cda7\mscordbi.dll
94,mscordbi.dll,1661936,2,1575664613,2019-12-06T20:36:53.000Z,imports,kernel32.dll,OpenProcess,ac54cdbaec36840fb9fcba386649d3b7,b866d98e315a6702cca8423038023d07928a0c29af454a0079976543e7533351,c:\Windows\WinSxS\amd64_netfx4-mscordbi_dll_b03f5f7f11d50a3a_4.0.15788.297_none_fee503521242cda7\mscordbi.dll
95,mscordbi.dll,1661936,2,1575664613,2019-12-06T20:36:53.000Z,imports,kernel32.dll,OpenThread,ac54cdbaec36840fb9fcba386649d3b7,b866d98e315a6702cca8423038023d07928a0c29af454a0079976543e7533351,c:\Windows\WinSxS\amd64_netfx4-mscordbi_dll_b03f5f7f11d50a3a_4.0.15788.297_none_fee503521242cda7\mscordbi.dll
96,mscordbi.dll,1661936,2,1575664613,2019-12-06T20:36:53.000Z,imports,kernel32.dll,OutputDebugStringW,ac54cdbaec36840fb9fcba386649d3b7,b866d98e315a6702cca8423038023d07928a0c29af454a0079976543e7533351,c:\Windows\WinSxS\amd64_netfx4-mscordbi_dll_b03f5f7f11d50a3a_4.0.15788.297_none_fee503521242cda7\mscordbi.dll
97,mscordbi.dll,1661936,2,1575664613,2019-12-06T20:36:53.000Z,imports,kernel32.dll,QueryPerformanceCounter,ac54cdbaec36840fb9fcba386649d3b7,b866d98e315a6702cca8423038023d07928a0c29af454a0079976543e7533351,c:\Windows\WinSxS\amd64_netfx4-mscordbi_dll_b03f5f7f11d50a3a_4.0.15788.297_none_fee503521242cda7\mscordbi.dll
98,mscordbi.dll,1661936,2,1575664613,2019-12-06T20:36:53.000Z,imports,kernel32.dll,QueryPerformanceFrequency,ac54cdbaec36840fb9fcba386649d3b7,b866d98e315a6702cca8423038023d07928a0c29af454a0079976543e7533351,c:\Windows\WinSxS\amd64_netfx4-mscordbi_dll_b03f5f7f11d50a3a_4.0.15788.297_none_fee503521242cda7\mscordbi.dll
99,mscordbi.dll,1661936,2,1575664613,2019-12-06T20:36:53.000Z,imports,kernel32.dll,RaiseException,ac54cdbaec36840fb9fcba386649d3b7,b866d98e315a6702cca8423038023d07928a0c29af454a0079976543e7533351,c:\Windows\WinSxS\amd64_netfx4-mscordbi_dll_b03f5f7f11d50a3a_4.0.15788.297_none_fee503521242cda7\mscordbi.dll
100,mscordbi.dll,1661936,2,1575664613,2019-12-06T20:36:53.000Z,imports,kernel32.dll,ReadFile,ac54cdbaec36840fb9fcba386649d3b7,b866d98e315a6702cca8423038023d07928a0c29af454a0079976543e7533351,c:\Windows\WinSxS\amd64_netfx4-mscordbi_dll_b03f5f7f11d50a3a_4.0.15788.297_none_fee503521242cda7\mscordbi.dll
101,mscordbi.dll,1661936,2,1575664613,2019-12-06T20:36:53.000Z,imports,kernel32.dll,ReadProcessMemory,ac54cdbaec36840fb9fcba386649d3b7,b866d98e315a6702cca8423038023d07928a0c29af454a0079976543e7533351,c:\Windows\WinSxS\amd64_netfx4-mscordbi_dll_b03f5f7f11d50a3a_4.0.15788.297_none_fee503521242cda7\mscordbi.dll
102,mscordbi.dll,1661936,2,1575664613,2019-12-06T20:36:53.000Z,imports,kernel32.dll,ReleaseActCtx,ac54cdbaec36840fb9fcba386649d3b7,b866d98e315a6702cca8423038023d07928a0c29af454a0079976543e7533351,c:\Windows\WinSxS\amd64_netfx4-mscordbi_dll_b03f5f7f11d50a3a_4.0.15788.297_none_fee503521242cda7\mscordbi.dll
103,mscordbi.dll,1661936,2,1575664613,2019-12-06T20:36:53.000Z,imports,kernel32.dll,ReleaseMutex,ac54cdbaec36840fb9fcba386649d3b7,b866d98e315a6702cca8423038023d07928a0c29af454a0079976543e7533351,c:\Windows\WinSxS\amd64_netfx4-mscordbi_dll_b03f5f7f11d50a3a_4.0.15788.297_none_fee503521242cda7\mscordbi.dll
104,mscordbi.dll,1661936,2,1575664613,2019-12-06T20:36:53.000Z,imports,kernel32.dll,ReleaseSemaphore,ac54cdbaec36840fb9fcba386649d3b7,b866d98e315a6702cca8423038023d07928a0c29af454a0079976543e7533351,c:\Windows\WinSxS\amd64_netfx4-mscordbi_dll_b03f5f7f11d50a3a_4.0.15788.297_none_fee503521242cda7\mscordbi.dll
105,mscordbi.dll,1661936,2,1575664613,2019-12-06T20:36:53.000Z,imports,kernel32.dll,ResetEvent,ac54cdbaec36840fb9fcba386649d3b7,b866d98e315a6702cca8423038023d07928a0c29af454a0079976543e7533351,c:\Windows\WinSxS\amd64_netfx4-mscordbi_dll_b03f5f7f11d50a3a_4.0.15788.297_none_fee503521242cda7\mscordbi.dll
106,mscordbi.dll,1661936,2,1575664613,2019-12-06T20:36:53.000Z,imports,kernel32.dll,ResumeThread,ac54cdbaec36840fb9fcba386649d3b7,b866d98e315a6702cca8423038023d07928a0c29af454a0079976543e7533351,c:\Windows\WinSxS\amd64_netfx4-mscordbi_dll_b03f5f7f11d50a3a_4.0.15788.297_none_fee503521242cda7\mscordbi.dll
107,mscordbi.dll,1661936,2,1575664613,2019-12-06T20:36:53.000Z,imports,kernel32.dll,SetErrorMode,ac54cdbaec36840fb9fcba386649d3b7,b866d98e315a6702cca8423038023d07928a0c29af454a0079976543e7533351,c:\Windows\WinSxS\amd64_netfx4-mscordbi_dll_b03f5f7f11d50a3a_4.0.15788.297_none_fee503521242cda7\mscordbi.dll
108,mscordbi.dll,1661936,2,1575664613,2019-12-06T20:36:53.000Z,imports,kernel32.dll,SetEvent,ac54cdbaec36840fb9fcba386649d3b7,b866d98e315a6702cca8423038023d07928a0c29af454a0079976543e7533351,c:\Windows\WinSxS\amd64_netfx4-mscordbi_dll_b03f5f7f11d50a3a_4.0.15788.297_none_fee503521242cda7\mscordbi.dll
109,mscordbi.dll,1661936,2,1575664613,2019-12-06T20:36:53.000Z,imports,kernel32.dll,SetFilePointer,ac54cdbaec36840fb9fcba386649d3b7,b866d98e315a6702cca8423038023d07928a0c29af454a0079976543e7533351,c:\Windows\WinSxS\amd64_netfx4-mscordbi_dll_b03f5f7f11d50a3a_4.0.15788.297_none_fee503521242cda7\mscordbi.dll
110,mscordbi.dll,1661936,2,1575664613,2019-12-06T20:36:53.000Z,imports,kernel32.dll,SetFilePointerEx,ac54cdbaec36840fb9fcba386649d3b7,b866d98e315a6702cca8423038023d07928a0c29af454a0079976543e7533351,c:\Windows\WinSxS\amd64_netfx4-mscordbi_dll_b03f5f7f11d50a3a_4.0.15788.297_none_fee503521242cda7\mscordbi.dll
111,mscordbi.dll,1661936,2,1575664613,2019-12-06T20:36:53.000Z,imports,kernel32.dll,SetLastError,ac54cdbaec36840fb9fcba386649d3b7,b866d98e315a6702cca8423038023d07928a0c29af454a0079976543e7533351,c:\Windows\WinSxS\amd64_netfx4-mscordbi_dll_b03f5f7f11d50a3a_4.0.15788.297_none_fee503521242cda7\mscordbi.dll
112,mscordbi.dll,1661936,2,1575664613,2019-12-06T20:36:53.000Z,imports,kernel32.dll,SetStdHandle,ac54cdbaec36840fb9fcba386649d3b7,b866d98e315a6702cca8423038023d07928a0c29af454a0079976543e7533351,c:\Windows\WinSxS\amd64_netfx4-mscordbi_dll_b03f5f7f11d50a3a_4.0.15788.297_none_fee503521242cda7\mscordbi.dll
113,mscordbi.dll,1661936,2,1575664613,2019-12-06T20:36:53.000Z,imports,kernel32.dll,SetThreadContext,ac54cdbaec36840fb9fcba386649d3b7,b866d98e315a6702cca8423038023d07928a0c29af454a0079976543e7533351,c:\Windows\WinSxS\amd64_netfx4-mscordbi_dll_b03f5f7f11d50a3a_4.0.15788.297_none_fee503521242cda7\mscordbi.dll
114,mscordbi.dll,1661936,2,1575664613,2019-12-06T20:36:53.000Z,imports,kernel32.dll,SetUnhandledExceptionFilter,ac54cdbaec36840fb9fcba386649d3b7,b866d98e315a6702cca8423038023d07928a0c29af454a0079976543e7533351,c:\Windows\WinSxS\amd64_netfx4-mscordbi_dll_b03f5f7f11d50a3a_4.0.15788.297_none_fee503521242cda7\mscordbi.dll
115,mscordbi.dll,1661936,2,1575664613,2019-12-06T20:36:53.000Z,imports,kernel32.dll,Sleep,ac54cdbaec36840fb9fcba386649d3b7,b866d98e315a6702cca8423038023d07928a0c29af454a0079976543e7533351,c:\Windows\WinSxS\amd64_netfx4-mscordbi_dll_b03f5f7f11d50a3a_4.0.15788.297_none_fee503521242cda7\mscordbi.dll
116,mscordbi.dll,1661936,2,1575664613,2019-12-06T20:36:53.000Z,imports,kernel32.dll,SleepEx,ac54cdbaec36840fb9fcba386649d3b7,b866d98e315a6702cca8423038023d07928a0c29af454a0079976543e7533351,c:\Windows\WinSxS\amd64_netfx4-mscordbi_dll_b03f5f7f11d50a3a_4.0.15788.297_none_fee503521242cda7\mscordbi.dll
117,mscordbi.dll,1661936,2,1575664613,2019-12-06T20:36:53.000Z,imports,kernel32.dll,SuspendThread,ac54cdbaec36840fb9fcba386649d3b7,b866d98e315a6702cca8423038023d07928a0c29af454a0079976543e7533351,c:\Windows\WinSxS\amd64_netfx4-mscordbi_dll_b03f5f7f11d50a3a_4.0.15788.297_none_fee503521242cda7\mscordbi.dll
118,mscordbi.dll,1661936,2,1575664613,2019-12-06T20:36:53.000Z,imports,kernel32.dll,SwitchToThread,ac54cdbaec36840fb9fcba386649d3b7,b866d98e315a6702cca8423038023d07928a0c29af454a0079976543e7533351,c:\Windows\WinSxS\amd64_netfx4-mscordbi_dll_b03f5f7f11d50a3a_4.0.15788.297_none_fee503521242cda7\mscordbi.dll
119,mscordbi.dll,1661936,2,1575664613,2019-12-06T20:36:53.000Z,imports,kernel32.dll,TerminateProcess,ac54cdbaec36840fb9fcba386649d3b7,b866d98e315a6702cca8423038023d07928a0c29af454a0079976543e7533351,c:\Windows\WinSxS\amd64_netfx4-mscordbi_dll_b03f5f7f11d50a3a_4.0.15788.297_none_fee503521242cda7\mscordbi.dll
120,mscordbi.dll,1661936,2,1575664613,2019-12-06T20:36:53.000Z,imports,kernel32.dll,Thread32First,ac54cdbaec36840fb9fcba386649d3b7,b866d98e315a6702cca8423038023d07928a0c29af454a0079976543e7533351,c:\Windows\WinSxS\amd64_netfx4-mscordbi_dll_b03f5f7f11d50a3a_4.0.15788.297_none_fee503521242cda7\mscordbi.dll
121,mscordbi.dll,1661936,2,1575664613,2019-12-06T20:36:53.000Z,imports,kernel32.dll,Thread32Next,ac54cdbaec36840fb9fcba386649d3b7,b866d98e315a6702cca8423038023d07928a0c29af454a0079976543e7533351,c:\Windows\WinSxS\amd64_netfx4-mscordbi_dll_b03f5f7f11d50a3a_4.0.15788.297_none_fee503521242cda7\mscordbi.dll
122,mscordbi.dll,1661936,2,1575664613,2019-12-06T20:36:53.000Z,imports,kernel32.dll,TlsAlloc,ac54cdbaec36840fb9fcba386649d3b7,b866d98e315a6702cca8423038023d07928a0c29af454a0079976543e7533351,c:\Windows\WinSxS\amd64_netfx4-mscordbi_dll_b03f5f7f11d50a3a_4.0.15788.297_none_fee503521242cda7\mscordbi.dll
123,mscordbi.dll,1661936,2,1575664613,2019-12-06T20:36:53.000Z,imports,kernel32.dll,TlsFree,ac54cdbaec36840fb9fcba386649d3b7,b866d98e315a6702cca8423038023d07928a0c29af454a0079976543e7533351,c:\Windows\WinSxS\amd64_netfx4-mscordbi_dll_b03f5f7f11d50a3a_4.0.15788.297_none_fee503521242cda7\mscordbi.dll
124,mscordbi.dll,1661936,2,1575664613,2019-12-06T20:36:53.000Z,imports,kernel32.dll,TlsGetValue,ac54cdbaec36840fb9fcba386649d3b7,b866d98e315a6702cca8423038023d07928a0c29af454a0079976543e7533351,c:\Windows\WinSxS\amd64_netfx4-mscordbi_dll_b03f5f7f11d50a3a_4.0.15788.297_none_fee503521242cda7\mscordbi.dll
125,mscordbi.dll,1661936,2,1575664613,2019-12-06T20:36:53.000Z,imports,kernel32.dll,TlsSetValue,ac54cdbaec36840fb9fcba386649d3b7,b866d98e315a6702cca8423038023d07928a0c29af454a0079976543e7533351,c:\Windows\WinSxS\amd64_netfx4-mscordbi_dll_b03f5f7f11d50a3a_4.0.15788.297_none_fee503521242cda7\mscordbi.dll
126,mscordbi.dll,1661936,2,1575664613,2019-12-06T20:36:53.000Z,imports,kernel32.dll,UnhandledExceptionFilter,ac54cdbaec36840fb9fcba386649d3b7,b866d98e315a6702cca8423038023d07928a0c29af454a0079976543e7533351,c:\Windows\WinSxS\amd64_netfx4-mscordbi_dll_b03f5f7f11d50a3a_4.0.15788.297_none_fee503521242cda7\mscordbi.dll
127,mscordbi.dll,1661936,2,1575664613,2019-12-06T20:36:53.000Z,imports,kernel32.dll,UnmapViewOfFile,ac54cdbaec36840fb9fcba386649d3b7,b866d98e315a6702cca8423038023d07928a0c29af454a0079976543e7533351,c:\Windows\WinSxS\amd64_netfx4-mscordbi_dll_b03f5f7f11d50a3a_4.0.15788.297_none_fee503521242cda7\mscordbi.dll
128,mscordbi.dll,1661936,2,1575664613,2019-12-06T20:36:53.000Z,imports,kernel32.dll,VerifyVersionInfoW,ac54cdbaec36840fb9fcba386649d3b7,b866d98e315a6702cca8423038023d07928a0c29af454a0079976543e7533351,c:\Windows\WinSxS\amd64_netfx4-mscordbi_dll_b03f5f7f11d50a3a_4.0.15788.297_none_fee503521242cda7\mscordbi.dll
129,mscordbi.dll,1661936,2,1575664613,2019-12-06T20:36:53.000Z,imports,kernel32.dll,VirtualAlloc,ac54cdbaec36840fb9fcba386649d3b7,b866d98e315a6702cca8423038023d07928a0c29af454a0079976543e7533351,c:\Windows\WinSxS\amd64_netfx4-mscordbi_dll_b03f5f7f11d50a3a_4.0.15788.297_none_fee503521242cda7\mscordbi.dll
130,mscordbi.dll,1661936,2,1575664613,2019-12-06T20:36:53.000Z,imports,kernel32.dll,VirtualFree,ac54cdbaec36840fb9fcba386649d3b7,b866d98e315a6702cca8423038023d07928a0c29af454a0079976543e7533351,c:\Windows\WinSxS\amd64_netfx4-mscordbi_dll_b03f5f7f11d50a3a_4.0.15788.297_none_fee503521242cda7\mscordbi.dll
131,mscordbi.dll,1661936,2,1575664613,2019-12-06T20:36:53.000Z,imports,kernel32.dll,VirtualProtect,ac54cdbaec36840fb9fcba386649d3b7,b866d98e315a6702cca8423038023d07928a0c29af454a0079976543e7533351,c:\Windows\WinSxS\amd64_netfx4-mscordbi_dll_b03f5f7f11d50a3a_4.0.15788.297_none_fee503521242cda7\mscordbi.dll
132,mscordbi.dll,1661936,2,1575664613,2019-12-06T20:36:53.000Z,imports,kernel32.dll,VirtualQuery,ac54cdbaec36840fb9fcba386649d3b7,b866d98e315a6702cca8423038023d07928a0c29af454a0079976543e7533351,c:\Windows\WinSxS\amd64_netfx4-mscordbi_dll_b03f5f7f11d50a3a_4.0.15788.297_none_fee503521242cda7\mscordbi.dll
133,mscordbi.dll,1661936,2,1575664613,2019-12-06T20:36:53.000Z,imports,kernel32.dll,VirtualQueryEx,ac54cdbaec36840fb9fcba386649d3b7,b866d98e315a6702cca8423038023d07928a0c29af454a0079976543e7533351,c:\Windows\WinSxS\amd64_netfx4-mscordbi_dll_b03f5f7f11d50a3a_4.0.15788.297_none_fee503521242cda7\mscordbi.dll
134,mscordbi.dll,1661936,2,1575664613,2019-12-06T20:36:53.000Z,imports,kernel32.dll,WaitForDebugEvent,ac54cdbaec36840fb9fcba386649d3b7,b866d98e315a6702cca8423038023d07928a0c29af454a0079976543e7533351,c:\Windows\WinSxS\amd64_netfx4-mscordbi_dll_b03f5f7f11d50a3a_4.0.15788.297_none_fee503521242cda7\mscordbi.dll
135,mscordbi.dll,1661936,2,1575664613,2019-12-06T20:36:53.000Z,imports,kernel32.dll,WaitForMultipleObjectsEx,ac54cdbaec36840fb9fcba386649d3b7,b866d98e315a6702cca8423038023d07928a0c29af454a0079976543e7533351,c:\Windows\WinSxS\amd64_netfx4-mscordbi_dll_b03f5f7f11d50a3a_4.0.15788.297_none_fee503521242cda7\mscordbi.dll
136,mscordbi.dll,1661936,2,1575664613,2019-12-06T20:36:53.000Z,imports,kernel32.dll,WaitForSingleObject,ac54cdbaec36840fb9fcba386649d3b7,b866d98e315a6702cca8423038023d07928a0c29af454a0079976543e7533351,c:\Windows\WinSxS\amd64_netfx4-mscordbi_dll_b03f5f7f11d50a3a_4.0.15788.297_none_fee503521242cda7\mscordbi.dll
137,mscordbi.dll,1661936,2,1575664613,2019-12-06T20:36:53.000Z,imports,kernel32.dll,WaitForSingleObjectEx,ac54cdbaec36840fb9fcba386649d3b7,b866d98e315a6702cca8423038023d07928a0c29af454a0079976543e7533351,c:\Windows\WinSxS\amd64_netfx4-mscordbi_dll_b03f5f7f11d50a3a_4.0.15788.297_none_fee503521242cda7\mscordbi.dll
138,mscordbi.dll,1661936,2,1575664613,2019-12-06T20:36:53.000Z,imports,kernel32.dll,WideCharToMultiByte,ac54cdbaec36840fb9fcba386649d3b7,b866d98e315a6702cca8423038023d07928a0c29af454a0079976543e7533351,c:\Windows\WinSxS\amd64_netfx4-mscordbi_dll_b03f5f7f11d50a3a_4.0.15788.297_none_fee503521242cda7\mscordbi.dll
139,mscordbi.dll,1661936,2,1575664613,2019-12-06T20:36:53.000Z,imports,kernel32.dll,WriteConsoleW,ac54cdbaec36840fb9fcba386649d3b7,b866d98e315a6702cca8423038023d07928a0c29af454a0079976543e7533351,c:\Windows\WinSxS\amd64_netfx4-mscordbi_dll_b03f5f7f11d50a3a_4.0.15788.297_none_fee503521242cda7\mscordbi.dll
140,mscordbi.dll,1661936,2,1575664613,2019-12-06T20:36:53.000Z,imports,kernel32.dll,WriteFile,ac54cdbaec36840fb9fcba386649d3b7,b866d98e315a6702cca8423038023d07928a0c29af454a0079976543e7533351,c:\Windows\WinSxS\amd64_netfx4-mscordbi_dll_b03f5f7f11d50a3a_4.0.15788.297_none_fee503521242cda7\mscordbi.dll
141,mscordbi.dll,1661936,2,1575664613,2019-12-06T20:36:53.000Z,imports,kernel32.dll,WriteProcessMemory,ac54cdbaec36840fb9fcba386649d3b7,b866d98e315a6702cca8423038023d07928a0c29af454a0079976543e7533351,c:\Windows\WinSxS\amd64_netfx4-mscordbi_dll_b03f5f7f11d50a3a_4.0.15788.297_none_fee503521242cda7\mscordbi.dll
142,mscordbi.dll,1661936,2,1575664613,2019-12-06T20:36:53.000Z,imports,user32.dll,GetProcessWindowStation,ac54cdbaec36840fb9fcba386649d3b7,b866d98e315a6702cca8423038023d07928a0c29af454a0079976543e7533351,c:\Windows\WinSxS\amd64_netfx4-mscordbi_dll_b03f5f7f11d50a3a_4.0.15788.297_none_fee503521242cda7\mscordbi.dll
143,mscordbi.dll,1661936,2,1575664613,2019-12-06T20:36:53.000Z,imports,user32.dll,GetUserObjectInformationW,ac54cdbaec36840fb9fcba386649d3b7,b866d98e315a6702cca8423038023d07928a0c29af454a0079976543e7533351,c:\Windows\WinSxS\amd64_netfx4-mscordbi_dll_b03f5f7f11d50a3a_4.0.15788.297_none_fee503521242cda7\mscordbi.dll
144,mscordbi.dll,1661936,2,1575664613,2019-12-06T20:36:53.000Z,imports,user32.dll,LoadStringW,ac54cdbaec36840fb9fcba386649d3b7,b866d98e315a6702cca8423038023d07928a0c29af454a0079976543e7533351,c:\Windows\WinSxS\amd64_netfx4-mscordbi_dll_b03f5f7f11d50a3a_4.0.15788.297_none_fee503521242cda7\mscordbi.dll
145,mscordbi.dll,1661936,2,1575664613,2019-12-06T20:36:53.000Z,imports,advapi32.dll,AdjustTokenPrivileges,ac54cdbaec36840fb9fcba386649d3b7,b866d98e315a6702cca8423038023d07928a0c29af454a0079976543e7533351,c:\Windows\WinSxS\amd64_netfx4-mscordbi_dll_b03f5f7f11d50a3a_4.0.15788.297_none_fee503521242cda7\mscordbi.dll
146,mscordbi.dll,1661936,2,1575664613,2019-12-06T20:36:53.000Z,imports,advapi32.dll,CopySid,ac54cdbaec36840fb9fcba386649d3b7,b866d98e315a6702cca8423038023d07928a0c29af454a0079976543e7533351,c:\Windows\WinSxS\amd64_netfx4-mscordbi_dll_b03f5f7f11d50a3a_4.0.15788.297_none_fee503521242cda7\mscordbi.dll
147,mscordbi.dll,1661936,2,1575664613,2019-12-06T20:36:53.000Z,imports,advapi32.dll,DeregisterEventSource,ac54cdbaec36840fb9fcba386649d3b7,b866d98e315a6702cca8423038023d07928a0c29af454a0079976543e7533351,c:\Windows\WinSxS\amd64_netfx4-mscordbi_dll_b03f5f7f11d50a3a_4.0.15788.297_none_fee503521242cda7\mscordbi.dll
148,mscordbi.dll,1661936,2,1575664613,2019-12-06T20:36:53.000Z,imports,advapi32.dll,EqualSid,ac54cdbaec36840fb9fcba386649d3b7,b866d98e315a6702cca8423038023d07928a0c29af454a0079976543e7533351,c:\Windows\WinSxS\amd64_netfx4-mscordbi_dll_b03f5f7f11d50a3a_4.0.15788.297_none_fee503521242cda7\mscordbi.dll
149,mscordbi.dll,1661936,2,1575664613,2019-12-06T20:36:53.000Z,imports,advapi32.dll,EventWrite,ac54cdbaec36840fb9fcba386649d3b7,b866d98e315a6702cca8423038023d07928a0c29af454a0079976543e7533351,c:\Windows\WinSxS\amd64_netfx4-mscordbi_dll_b03f5f7f11d50a3a_4.0.15788.297_none_fee503521242cda7\mscordbi.dll
150,mscordbi.dll,1661936,2,1575664613,2019-12-06T20:36:53.000Z,imports,advapi32.dll,GetKernelObjectSecurity,ac54cdbaec36840fb9fcba386649d3b7,b866d98e315a6702cca8423038023d07928a0c29af454a0079976543e7533351,c:\Windows\WinSxS\amd64_netfx4-mscordbi_dll_b03f5f7f11d50a3a_4.0.15788.297_none_fee503521242cda7\mscordbi.dll
151,mscordbi.dll,1661936,2,1575664613,2019-12-06T20:36:53.000Z,imports,advapi32.dll,GetLengthSid,ac54cdbaec36840fb9fcba386649d3b7,b866d98e315a6702cca8423038023d07928a0c29af454a0079976543e7533351,c:\Windows\WinSxS\amd64_netfx4-mscordbi_dll_b03f5f7f11d50a3a_4.0.15788.297_none_fee503521242cda7\mscordbi.dll
152,mscordbi.dll,1661936,2,1575664613,2019-12-06T20:36:53.000Z,imports,advapi32.dll,GetSecurityDescriptorOwner,ac54cdbaec36840fb9fcba386649d3b7,b866d98e315a6702cca8423038023d07928a0c29af454a0079976543e7533351,c:\Windows\WinSxS\amd64_netfx4-mscordbi_dll_b03f5f7f11d50a3a_4.0.15788.297_none_fee503521242cda7\mscordbi.dll
153,mscordbi.dll,1661936,2,1575664613,2019-12-06T20:36:53.000Z,imports,advapi32.dll,GetSidSubAuthority,ac54cdbaec36840fb9fcba386649d3b7,b866d98e315a6702cca8423038023d07928a0c29af454a0079976543e7533351,c:\Windows\WinSxS\amd64_netfx4-mscordbi_dll_b03f5f7f11d50a3a_4.0.15788.297_none_fee503521242cda7\mscordbi.dll
154,mscordbi.dll,1661936,2,1575664613,2019-12-06T20:36:53.000Z,imports,advapi32.dll,GetSidSubAuthorityCount,ac54cdbaec36840fb9fcba386649d3b7,b866d98e315a6702cca8423038023d07928a0c29af454a0079976543e7533351,c:\Windows\WinSxS\amd64_netfx4-mscordbi_dll_b03f5f7f11d50a3a_4.0.15788.297_none_fee503521242cda7\mscordbi.dll
155,mscordbi.dll,1661936,2,1575664613,2019-12-06T20:36:53.000Z,imports,advapi32.dll,GetTokenInformation,ac54cdbaec36840fb9fcba386649d3b7,b866d98e315a6702cca8423038023d07928a0c29af454a0079976543e7533351,c:\Windows\WinSxS\amd64_netfx4-mscordbi_dll_b03f5f7f11d50a3a_4.0.15788.297_none_fee503521242cda7\mscordbi.dll
156,mscordbi.dll,1661936,2,1575664613,2019-12-06T20:36:53.000Z,imports,advapi32.dll,LookupPrivilegeValueW,ac54cdbaec36840fb9fcba386649d3b7,b866d98e315a6702cca8423038023d07928a0c29af454a0079976543e7533351,c:\Windows\WinSxS\amd64_netfx4-mscordbi_dll_b03f5f7f11d50a3a_4.0.15788.297_none_fee503521242cda7\mscordbi.dll
157,mscordbi.dll,1661936,2,1575664613,2019-12-06T20:36:53.000Z,imports,advapi32.dll,OpenProcessToken,ac54cdbaec36840fb9fcba386649d3b7,b866d98e315a6702cca8423038023d07928a0c29af454a0079976543e7533351,c:\Windows\WinSxS\amd64_netfx4-mscordbi_dll_b03f5f7f11d50a3a_4.0.15788.297_none_fee503521242cda7\mscordbi.dll
158,mscordbi.dll,1661936,2,1575664613,2019-12-06T20:36:53.000Z,imports,advapi32.dll,OpenThreadToken,ac54cdbaec36840fb9fcba386649d3b7,b866d98e315a6702cca8423038023d07928a0c29af454a0079976543e7533351,c:\Windows\WinSxS\amd64_netfx4-mscordbi_dll_b03f5f7f11d50a3a_4.0.15788.297_none_fee503521242cda7\mscordbi.dll
159,mscordbi.dll,1661936,2,1575664613,2019-12-06T20:36:53.000Z,imports,advapi32.dll,RegCloseKey,ac54cdbaec36840fb9fcba386649d3b7,b866d98e315a6702cca8423038023d07928a0c29af454a0079976543e7533351,c:\Windows\WinSxS\amd64_netfx4-mscordbi_dll_b03f5f7f11d50a3a_4.0.15788.297_none_fee503521242cda7\mscordbi.dll
160,mscordbi.dll,1661936,2,1575664613,2019-12-06T20:36:53.000Z,imports,advapi32.dll,RegOpenKeyExW,ac54cdbaec36840fb9fcba386649d3b7,b866d98e315a6702cca8423038023d07928a0c29af454a0079976543e7533351,c:\Windows\WinSxS\amd64_netfx4-mscordbi_dll_b03f5f7f11d50a3a_4.0.15788.297_none_fee503521242cda7\mscordbi.dll
161,mscordbi.dll,1661936,2,1575664613,2019-12-06T20:36:53.000Z,imports,advapi32.dll,RegQueryValueExW,ac54cdbaec36840fb9fcba386649d3b7,b866d98e315a6702cca8423038023d07928a0c29af454a0079976543e7533351,c:\Windows\WinSxS\amd64_netfx4-mscordbi_dll_b03f5f7f11d50a3a_4.0.15788.297_none_fee503521242cda7\mscordbi.dll
162,mscordbi.dll,1661936,2,1575664613,2019-12-06T20:36:53.000Z,imports,advapi32.dll,RegisterEventSourceW,ac54cdbaec36840fb9fcba386649d3b7,b866d98e315a6702cca8423038023d07928a0c29af454a0079976543e7533351,c:\Windows\WinSxS\amd64_netfx4-mscordbi_dll_b03f5f7f11d50a3a_4.0.15788.297_none_fee503521242cda7\mscordbi.dll
163,mscordbi.dll,1661936,2,1575664613,2019-12-06T20:36:53.000Z,imports,advapi32.dll,ReportEventW,ac54cdbaec36840fb9fcba386649d3b7,b866d98e315a6702cca8423038023d07928a0c29af454a0079976543e7533351,c:\Windows\WinSxS\amd64_netfx4-mscordbi_dll_b03f5f7f11d50a3a_4.0.15788.297_none_fee503521242cda7\mscordbi.dll
164,mscordbi.dll,1661936,2,1575664613,2019-12-06T20:36:53.000Z,imports,advapi32.dll,RevertToSelf,ac54cdbaec36840fb9fcba386649d3b7,b866d98e315a6702cca8423038023d07928a0c29af454a0079976543e7533351,c:\Windows\WinSxS\amd64_netfx4-mscordbi_dll_b03f5f7f11d50a3a_4.0.15788.297_none_fee503521242cda7\mscordbi.dll
165,mscordbi.dll,1661936,2,1575664613,2019-12-06T20:36:53.000Z,imports,advapi32.dll,SetThreadToken,ac54cdbaec36840fb9fcba386649d3b7,b866d98e315a6702cca8423038023d07928a0c29af454a0079976543e7533351,c:\Windows\WinSxS\amd64_netfx4-mscordbi_dll_b03f5f7f11d50a3a_4.0.15788.297_none_fee503521242cda7\mscordbi.dll
166,mscordbi.dll,1661936,2,1575664613,2019-12-06T20:36:53.000Z,imports,wtsapi32.dll,WTSEnumerateProcessesW,ac54cdbaec36840fb9fcba386649d3b7,b866d98e315a6702cca8423038023d07928a0c29af454a0079976543e7533351,c:\Windows\WinSxS\amd64_netfx4-mscordbi_dll_b03f5f7f11d50a3a_4.0.15788.297_none_fee503521242cda7\mscordbi.dll
167,mscordbi.dll,1661936,2,1575664613,2019-12-06T20:36:53.000Z,imports,wtsapi32.dll,WTSFreeMemory,ac54cdbaec36840fb9fcba386649d3b7,b866d98e315a6702cca8423038023d07928a0c29af454a0079976543e7533351,c:\Windows\WinSxS\amd64_netfx4-mscordbi_dll_b03f5f7f11d50a3a_4.0.15788.297_none_fee503521242cda7\mscordbi.dll
168,mscordbi.dll,1661936,2,1575664613,2019-12-06T20:36:53.000Z,exports,mscordbi.dll,CreateCordbObject,ac54cdbaec36840fb9fcba386649d3b7,b866d98e315a6702cca8423038023d07928a0c29af454a0079976543e7533351,c:\Windows\WinSxS\amd64_netfx4-mscordbi_dll_b03f5f7f11d50a3a_4.0.15788.297_none_fee503521242cda7\mscordbi.dll
169,mscordbi.dll,1661936,2,1575664613,2019-12-06T20:36:53.000Z,exports,mscordbi.dll,DllGetClassObjectInternal,ac54cdbaec36840fb9fcba386649d3b7,b866d98e315a6702cca8423038023d07928a0c29af454a0079976543e7533351,c:\Windows\WinSxS\amd64_netfx4-mscordbi_dll_b03f5f7f11d50a3a_4.0.15788.297_none_fee503521242cda7\mscordbi.dll
170,mscordbi.dll,1661936,2,1575664613,2019-12-06T20:36:53.000Z,exports,mscordbi.dll,OpenVirtualProcess,ac54cdbaec36840fb9fcba386649d3b7,b866d98e315a6702cca8423038023d07928a0c29af454a0079976543e7533351,c:\Windows\WinSxS\amd64_netfx4-mscordbi_dll_b03f5f7f11d50a3a_4.0.15788.297_none_fee503521242cda7\mscordbi.dll
171,mscordbi.dll,1661936,2,1575664613,2019-12-06T20:36:53.000Z,exports,mscordbi.dll,OpenVirtualProcess2,ac54cdbaec36840fb9fcba386649d3b7,b866d98e315a6702cca8423038023d07928a0c29af454a0079976543e7533351,c:\Windows\WinSxS\amd64_netfx4-mscordbi_dll_b03f5f7f11d50a3a_4.0.15788.297_none_fee503521242cda7\mscordbi.dll
172,mscordbi.dll,1661936,2,1575664613,2019-12-06T20:36:53.000Z,exports,mscordbi.dll,OpenVirtualProcessImpl,ac54cdbaec36840fb9fcba386649d3b7,b866d98e315a6702cca8423038023d07928a0c29af454a0079976543e7533351,c:\Windows\WinSxS\amd64_netfx4-mscordbi_dll_b03f5f7f11d50a3a_4.0.15788.297_none_fee503521242cda7\mscordbi.dll
