,col0,col1,col2,col3,col4,col5,col6,col7,col8,col9,col10
0,5249549,comment,5247932.0,5248590.0,4,0,ericd,,,"A bunch of annoyed Model S owners recreated the trip recently in a convoy of 6-8, they all made it just fine without towing, etc. It doesn't seem bad for road trips in between the correct segments, of which there are more every month.",1361350774
1,5249548,story,,,2,0,npguy,Three-Quarters of All Bitcoins Are Hoarded,http://statspotting.com/bitcoin-stats-three-quarters-of-all-bitcoins-are-hoarded-not-circulating/,,1361350769
2,5249547,comment,5248223.0,5249366.0,4,0,taligent,,,So what you are saying is that Google is a talented and large advertising company.,1361350679
3,5249546,comment,5248728.0,5248728.0,6,0,lessnonymous,,,"One interesting point that's glossed over here is the mind's propensity to see things that aren't there.<p>Because we see flame in the nearest manhole and a similar color repeated down the street our lazy brains tell us it's a whole series of flames.<p>But when you learn they're not, and you go back to the photo, it's obvious as heck that they're not further explosions.",1361350630
4,5249545,comment,5243964.0,5244116.0,1,0,ishener,,,it's not an advertisement. I'm not associated with them. the title is all caps because i copy pasted from their title. sorry...,1361350595
5,5249544,comment,5249337.0,5249337.0,5,0,jtheory,,,"The chief problem with OAuth2 is that you can do almost anything and call it ""OAuth2"" -- the spec is ridiculously flexible, and allows all kinds of options that are explicitly stated within the spec as not advised.<p>I'm fairly sure most of the flexibility is there to help migrating enterprise and legacy apps to OAuth2.  It's not a great approach, though -- enough security disasters and the problems of migrating will simply go away, because the poor rep of the mechanism will mean no migrations are happening.<p>I'm using OAuth2 for an API, but a small subset of it that doesn't seem to permit the abuse Egor covers -- though I'm going over it with a fine-toothed comb now.  XSS vulnerabilities are more subtle than most other hacks, and so the dangers aren't as obvious in a simple review.",1361350558
6,5249543,comment,5247965.0,5248760.0,1,0,basicallydan,,,"Sorry guys, I'll get to it when I can :) if you fancy helping out and beating me to it you're more than welcome to do a pull request!",1361350522
7,5249542,comment,5247965.0,5248760.0,2,0,basicallydan,,,"Sorry guys, I'll get to it when I can :) if you fancy helping out and beating me to it you're more than welcome to do a pull request!",1361350521
8,5249541,comment,5247782.0,5247782.0,1,0,chinpokomon,,,"Having started my professional career as a Tester (SDET) at Microsoft, this topic resonates with me. In my experience testers need to be more aggressive and assertive with the code their developers have written. Obviously this implies you've already established a good relationship with your coworkers, but you shouldn't be afraid to tell developers that their untestable code needs to be given a second look. It's not pleasant telling someone ""their baby looks ugly,"" but that is one of the responsibilities of white box testers.<p>Dependency Injection greatly improves the landscape. Don't instantiate concrete classes when you can have a DI framework construct those objects for you. This will allow you as the tester to supply the mocked objects rather than taking the wrapper approach. It is better if as a team you've introduced this design decision up front, but you can introduce it later for problematic classes that need extra attention. In Java, I love using Guice for this sort of thing, in .NET I've used Ninject in the past.<p>One thing that .NET has in its favor that Java doesn't is partial classes with an internal access modifier. You can then put your test code in these partial classes and grant them access to your assembly. This allows you to separate your private test code hooks from your shipping code, and it prevents someone from deriving from your class and using those test interfaces incorrectly.<p>This line is the problem: public WebClient client = new WebClient(); client shouldn't be public and it shouldn't be using a concrete class. Introduce an interface, use DI, and use internal partial classes as needed. If your developer won't do this, find a new developer. Anyone can write code, but writing good testable code with a clean separation of intents is something some developers never learn, usually because no one has told them, ""You're doing it wrong.""",1361350507
9,5249540,story,,,1,0,deherve,"Soutenez itFits, un dock pour tous les smartphones",http://www.winmacsofts.com/soutenez-itfits-un-dock-smartphones/,,1361350498
10,5249539,comment,5245249.0,5249375.0,3,0,mattquiros,,,I think you should be playing Civilization V.,1361350473
11,5249538,comment,5248223.0,5249053.0,3,0,raverbashing,,,"Oh don't worry, that's exactly what Google wants you to think<p>""Look, another pool in the office""<p>I'm not saying it's bad.<p>""the people working on moonshots are not thinking about the business model, they are thinking about the problem to be solved""<p>And this is why Google is good at what it does. I would do the same. Each employee should focus on their own  strengths.",1361350452
12,5249537,comment,5247730.0,5248665.0,2,0,josephlord,,,"Social Security numbers are too widely used to really be regarded as secrets (how many government, bank, employer and call centre staff have access to yours) or to be used as authentication. They are a pretty good identifier of who is being referred to though.",1361350432
13,5249536,comment,5247932.0,5249201.0,6,0,dechols,,,"> If Musk could really back up all of his accusations, why would he be ""satisfied"" with this ""joke"" of a response?<p>Frankly, he's probably still not satisfied. But he realizes there's no point in trying to slay the New York Times. That's not his dragon to kill.<p>He's got other things to do, and the NYTimes writing terrible articles is not his interest or priority. Write a witty blog post and declare victory is the right choice here.",1361350416
14,5249535,comment,5248780.0,5248780.0,1,0,10dpd,,,"3D Printing Pen, Glue Gun, whatever... my question is, what is it useful for?<p>Although I'm not sure its worth dismissing the product if the answer is for art students, this in itself would be an interesting market for a hardware product.",1361350411
15,5249534,comment,5248544.0,5248958.0,1,0,jholman,,,"Hmn, arithmetic reality check.  Georgia State, $11k per year in-state.  Hmn, my alma mater is still charging about half that, for any Canadian student.<p>Full time minimum-wage work for the summer?  $7.25/h (GA min wage) * 40h/w * 17 weeks = $5k income (basically untaxed).  So you're in debt for $24k over your 4-year degree.<p>That's a lot more than I would have guessed.  Guess the student had better figure out something valuable to do (more valuable than minimum wage).",1361350380
16,5249533,comment,5247965.0,5248431.0,3,0,basicallydan,,,It's in the long list of awesome features :D it actually wouldn't be too hard. I suspect the hardest part would be making the aprs-ski experience realistic ;),1361350354
17,5249532,comment,5247965.0,5247965.0,1,0,pehrlich,,,"Damn, I'm itching for pressure-sensitive arrow keys.",1361350350
18,5249531,comment,5248780.0,5249298.0,7,0,simias,,,"It looks like a bit more than just a glue gun because of the way the plastic seems to cool almost instantly. I suppose they need to control the temperature very precisely.<p>That being said, in their video the actual ""3D"" drawing (i.e. in the air) seems extremely imprecise and for their eiffel tower demo they just make 2D sides that they glue together, so in this case it's probably fair to call it ""just a glue gun"", or rather a ""stand-alone 3D printing head/glue gun"".",1361350266
19,5249530,comment,5248780.0,5249521.0,4,0,Kliment,,,"Nobody knows. The application is not public yet. All they are saying is ""patent pending"" with no specifics.",1361350266
20,5249529,story,,,3,13,z3phyr,Ask HN: What are the performance gains using native C++ instead of C#?,,Especially in video games,1361350132
21,5249528,comment,5249299.0,5249390.0,1,0,shrikant,,,'XTSU' just doesn't have the same ring to it.,1361350117
22,5249527,comment,5244752.0,5245450.0,1,0,tomp,,,"How can you do that? For me, this just doesn't work...<p><pre><code>  bind '""\C-z"":""fg\n""'\n  bind -x '""\C-z"":""fg""'\n  echo 'Control-z: ""fg\n""' >> ~/.inputrc\n</code></pre>\nIf I replace ""z"" with ""a"", it works.<p>C-z works otherwise, e.g. C-v C-z prints ^Z in shell, and C-z suspends programs (e.g. vim). Is it a bash thing or a terminal thing (I'm using iTerm2)?",1361350111
23,5249526,comment,5244619.0,5246777.0,2,0,Tichy,,,"Just read the part about breast feeding in Jared Diamond's latest book on traditional societies. Interestingly apparently most traditional societies use on demand feeding, the baby is always within reach of the breast and can drink whenever it wants. The average seems to be that the mom still wakes twice a night, but the baby drinks 14 times, most of the time without even waking the mother.<p>I suppose it would be difficult with modern beds because I suppose most mothers have some sort of pads on their breast to avoid lactating into the mattress.",1361350087
24,5249525,comment,5248742.0,5248742.0,2,0,nnq,,,"Kinda side-topic, but: why do most ""hacker advice"" tend to recommend Python over Ruby or Perl (ok, Perl is ""just old"") as a beginner's scripting language? I love Python and I like using it in production better than Ruby, but Ruby is much more of a ""hacker's language"" and pushes you to more ""lispyness"" in spirit and practice! (I admit I'am a bit of a Python ecosystem fanboy, with all the cool and easy to use machine learning tools and libs, but this state of affairs is a bit unintuitive - and I'm looking at this types of questions from a language designer's perspective too as I'm working on a language that has 99.9% chances of <i>not</i> tacking over the world, but that 0.1% is enough to ""make me high"" and keeps me banging my hammers on until I get to something that I can show to the world).",1361350068
25,5249524,comment,5249271.0,5249271.0,7,0,tmartiro,,,Good job...<p>You  can also open 1 million connections using one linux box\na) increase local port range 1024 to 65535\nb) setup 17 ip address.\nc) open from each ip address 58824 connections,1361350056
26,5249523,comment,5245249.0,5248859.0,9,0,dontstealmyname,,,"Yeah, until they shutdown the server shortly after the next Sim City is released, making your old game unless. EA has a habit of doing things like that.",1361350051
27,5249522,comment,5249337.0,5249337.0,1,0,lazyjones,,,"Complex designs and protocols suck, why do we put up with them?",1361350046
28,5249521,comment,5248780.0,5249170.0,2,0,adrianhoward,,,"What's the patent for? I'd tend to think that it's not just ""hand held plastic extruder""...",1361350040
29,5249520,comment,5247965.0,5247965.0,2,0,jbrooksuk,,,"I love it. This game brings back so many memories for me! As it's written in JavaScript, I intend to take it, add some realtime players via Node.js and get this up and running. So much fun for a side project and with a great starting point!",1361350021
30,5249519,comment,5249271.0,5249271.0,19,0,qompiler,,,I have done this before using Java 7 async nio. The performance would drop like a brick when data received actually needed some sort of processing. How does this implementation hold up when you need to perform a O(n) operation on received data? Experiment with different sizes of n to see how the performance holds up.,1361349984
31,5249518,story,,,2,0,snedzad,"""Abu Dhabi"" AMD Opterons Tested",http://www.anandtech.com/show/6508/the-new-opteron-6300-finally-tested,,1361349939
32,5249517,comment,5244619.0,5247119.0,2,0,Tichy,,,"Some of those are so infuriating. Luckily by now there are also some experts who speak out against the ""let her cry"" theory. Turns out that feeling safe and cared for actually gives kids more confidence and in the long run than being left alone for long stretches of time.<p>We also had a close shave with the milk thing, but there are also now experts who help with and promote breast feeding. But the ""standard docs"" are rather quick with ""just add artificial food"". Even though they should now that it's better for the immune system to be breast fed (there actually is research on that).",1361349904
33,5249516,comment,5247965.0,5249405.0,1,0,basicallydan,,,"Hahah! Maybe the Yeti is trying to clean up the slopes though, eh? ;)",1361349891
34,5249515,comment,5247965.0,5249405.0,1,0,basicallydan,,,"Hahah! Maybe the Yeti is trying to clean up the slopes though, eh? ;)",1361349890
35,5249514,comment,5247444.0,5247444.0,3,0,tripzilch,,,"I don't think HN's comment voting/sorting algorithm is up for AMA style discussions. So often a single top-level reply dominates the discussion.<p>Actually, the sorting part is probably fine. It's hard to judge, anyway.<p>But for an AMA, it's not as much the sorting, but also the interface: Check any random AMA thread on Reddit and try to imagine what it would look like without all the <i>""load more comments""</i> links. Also try to imagine how differently the discussion would flow with all threads and replies completely unfolded.<p>It's a complex and interdependent balance, that, I think, the way it is handled on HN isn't particularly suited for AMA style discussion. The most interesting questions need to float to the top. But without comment folding, the two or three most interesting questions will gather a vibrant discussion and replies, causing many people to not even get past them, and the other questions won't get sorted properly because so much less people vote on them.<p>But, why not get the best of both worlds? Get an interesting person to do an AMA on Reddit, then invite HN to come along for the discussion? For those worried about the quality of discussion, my experience is that the more ""grown up"" a topic is, the more ""grown up"" replies you will get (and childish ones voted down), so if you get someone that's big in start-up land, you'd get a good discussion just fine, unlike what you'd get with a pop-star/TV-personality.",1361349851
36,5249513,comment,5249208.0,5249208.0,1,0,10dpd,,,"While reading this article I was constantly thinking that 'constraints' were a re-framing of goal-setting. It is well known and used in all modern companies, that setting a goal and breaking that goal down into manageable tasks is the optimal way to ensure productivity.",1361349701
37,5249512,story,,,1,0,fvbock,Apple and world hacked by Facebook plunderers,http://www.theregister.co.uk/2013/02/19/apple_hacked/,,1361349689
38,5249511,comment,5244619.0,5247052.0,1,0,Tichy,,,"Yay, we had that and it was great, highly recommended.",1361349675
39,5249510,comment,5247965.0,5249214.0,3,0,ygra,,,5) There are no bare trees that catch fire when you hit them in flight.<p>6) You cannot jump by clicking the mouse.,1361349671
40,5249509,comment,5244619.0,5246777.0,6,0,jtheory,,,"Yup, my wife & I co-sleep with our 5-month old (same reasons as you mentioned) and also our 3 year old (who could have her own bed if she wanted, but she likes being in the big nest), and generally we all sleep well.<p>We researched risks beforehand, and found (no links because this is from memory...) that it would be a bad idea if we used alcohol/sleeping pills/etc., or were obese -- we don't/aren't, and in the 3+ years we've been co-sleeping we've never even bumped a child in the night and upset it.<p>I know people (and hear about people) who accidentally punch their spouses, sleepwalk, etc. during the night -- if you have a history of that kind of thing, I wouldn't recommend it.  If you don't, this is a nice setup.  My personal experience is that I'm hyperaware of the baby in the bed even while mostly-asleep (like when changing position during the night), and in the morning have very foggy memories of turning over very carefully.<p>We generally head to bed gradually starting around 10pm (but I often read the older girl more stories downstairs while my wife gets the baby to sleep first), and the kids wake up anywhere from 8:30 to 10:30 the next morning -- usually later rather than earlier, so I get some work done in a quiet house before they get up.<p>Side-note: we got a co-sleeping bed (a crib that attaches to the side of the bed, basically) but it quickly became a toychest; the babies didn't want to be set aside.  Now we sleep sideways in the bed (headboard/footboard means no one rolls out the ""sides"") and the grown-ups put their feet in the co-sleeping attachment.<p>edit: forgot to mention that obesity is a risk factor for co-sleeping.",1361349659
41,5249508,comment,5244192.0,5245028.0,1,0,droithomme,,,"Yes, it's actually exactly the same in the US, despite the strange propaganda claims in these daily anti-online-education articles that suggest US college is like kindergarten, with the professor holding every student's hand at each step of their mutual journey of self-discovery and personal fulfillment.<p>In real life, undergraduate classes at well reputed universities may have 100, 200, or even 800 students for some freshman courses. You may go the entire semester and never once see the well known professor appear in class. Often the entire class is taught by a TA who speaks English with an incomprehensible accent due to his recent arrival in the US as a grad student being his first exposure to the language.<p>The notion that american professors closely and personally interact with and tutor each student, with special focus on those from underprivileged backgrounds so that every student has the same chance at success, an idea being pushed in these articles, is complete nonsense and simply does not happen in large US institutions.",1361349620
42,5249507,comment,5244619.0,5248588.0,3,0,Tichy,,,"Incidentally I just read the child rearing chapter of Jared Diamond's latest book about traditional societies. Turns out they all tend to co-sleep, but usually they sleep on the ground or on hard mattresses. As JD points out, it is easier to notice that you have rolled onto your child with a hard mattress.",1361349533
43,5249506,comment,5247932.0,5249323.0,4,0,kybernetikos,,,"I might have got the wrong end of the stick here, but I think he did. He wanted to test the super charger network, and then found after leaving the car in the cold overnight that although it had originally said he had the range to make it to the next supercharger, it now said that he didn't.  Because of that he compromised and tried to top up with juice from a normal charger.  That was the charger he didn't fill up completely from, where he did an unplanned and unexpected charge for approximately an hour (or approximately three quarters of an hour if you believe Tesla).   Either way, he hadn't wanted to charge there in the first place, was keen to be moving again and believes that Tesla staff gave him the OK, telling him that the missing miles would come back once the car was going again.",1361349487
44,5249505,comment,5248194.0,5248194.0,1,0,10dpd,,,"+1 on the Analytics and testing side, but what is truely important is that you build a good mental model of the product from a high-level, technical point of view. You don't need to know the nitty-gritty details of implementation, but you do need to know how the varios components of the product work together.",1361349451
45,5249504,comment,5248544.0,5248544.0,1,0,daGrevis,,,This is like going backwards.,1361349428
46,5249503,comment,5244752.0,5249469.0,2,0,Arelius,,,"I love using search interactive to navigate text. But however, getting the point to the right spot after that still feels cumbersome, in particular, moving to the beginning of the matched word doesn't seem easy.",1361349406
47,5249502,comment,5249337.0,5249337.0,2,0,xnxn,,,Really looking forward to that OAuth2 post.,1361349294
48,5249501,comment,5248693.0,5248693.0,1,0,10dpd,,,"I find it interesting that all of these ideas come from non-technical, non-iOS developers.<p>I'd like to see an app that:<p>i) shows innovation in design, using novel components, e.g. the Path flyout menu.\nii) provides an easy-to-use approach to a common problem, .e.g Tinder for online-dating.",1361349287
49,5249500,comment,5247965.0,5247965.0,1,0,bromagosa,,,It's amazing how something as funny and non-scary as this monster could scare the hell out of me when I was a kid... I remember myself playing and almost getting a heart attack every time the monster showed up.,1361349233
50,5249499,comment,5244906.0,5246379.0,2,0,the_gipsy,,,I didn't say that you can't do it.,1361349177
51,5249498,story,,,1,0,rakeshsharmak,The Case For Disrupting Education Disruption,http://www.technology.rakeshksharma.com/?p=127,,1361349165
52,5249497,story,,,1,0,anonumou5,I want to learn.,,"I have basic java and c++ knowledge,I've mastered all cmd client side commands,but i don't really know how to hack.Ive gotten lucky on a few SQL injections and ""hacked"" my friend,but thats it.Can anyone teach me how to hack?Contact me at linxusemail@aol.com",1361349160
53,5249496,comment,5237967.0,5245576.0,2,0,opvard,,,"Ok, you didn't really answer most of my questions, but you did have a really long reply for one of them.<p>I'm still somewhat confused. Your description seems to contradict most your previous statements. You seem to be saying that the new management actually had to clean up after the old one because of all the bad decisions you claim were made. You seem to be saying that ""the former management made terrible decisions for the company and product, but at least we all had a good time"". I don't necessarily agree, but that seems to be the gist of what you are saying.<p>You are disappointed in the ""new management"" and yet your comment is about the ""old management"".<p>In fact, judging by your description, motivation at the company must have been at rock bottom even several years ago, when your previous comments would have people believe that everything was fine. Once again, I don't necessarily agree. I'm just going by your own description here.<p>> <i>The company culture was egalitarian. Decisions were not made in some ivory tower</i><p>And those decisions, you later claim, were apparently the wrong ones. How does that fit your argument?<p>> <i>Apple and Mozilla's products, at this time, struggled with the same site compatibility issues as we did in this Microsoft era.</i><p>I wouldn't say that. Mozilla had the advantage of the Netscape legacy, and Apple had the advantage of designers usually being on Macs (and despite its limited market share, Apple was loved by the press, giving the company far more influence than its market position would otherwise indicate).<p>> <i>Not to mention the failed projects we poured resources into, draining all departments for the people they needed just to _catch_up_ to the competition.</i><p>Weren't these projects started by the old management, in the old egalitarian company culture you claim existed but is now gone?<p>> <i>Suddenly, without warning, the guy next to you - who had been there for a decade - would be leaving.</i><p>But wasn't that his own decision? Wasn't that guy given the chance to choose himself whether to leave or not? Whether he felt he could live with the technology switch?<p>See, I have another problem with your criticism of the new management and praise of the old management. You mentioned the 2010 layoffs, and you seem to be saying that it was better to come up with what you claim was a bullshit excuse (economic downturn) to justify it? Once again I must stress that I am not saying that you are right or wrong as that is not my point. I'm questioning the consistency of your claims.<p>I think most people would agree that it's better to say nothing than to tell a lie. You seems to be accusing the old management of telling lies during the downsizing in 2010.<p>At least now we have made a major acquisition, which the management obviously could not discuss when the downsizing actually took place. It seems logical that one wishes to save money when buying something expensive, and try to avoid too large of a loan.<p>> <i>When things got difficult, one would blame Microsoft, as if taking the moral high ground would make any difference.</i><p>Isn't this the old management again? And have you not just been arguing that taking the moral high ground is <i>good</i>? That morals are more important than doing what's right for the business? The egalitarian company which makes all the wrong decisions but everyone is having fun is better than the top management making a technology decision that some in the company may not agree with (or God forbid, passionate former employees do not agree with)?<p>> <i>We should have thrown out that ugly ad-banner instantly. Dropped the old paid model the moment Phoenix came into existence.</i><p>You may not recall the round of layoffs back then. A company can't support further development without any revenue, after all. You can't just drop one of your main sources of revenue without knowing that you can replace it. And even when we did remove the ads, it was not certain that it would work. It probably would, but it was not a certainty.<p>> <i>I spent seven years of my life on this project. Now it's gone.</i><p>Yes, I'm sure it's frustrating to see someting you've worked hard on for years disappear, but that doesn't mean it's the wrong decision.<p>Opera as you knew it is gone, you say. But the Opera you knew doesn't sound all that great if we are to judge by your passionate description of the state of affairs at the time.<p>All those decisions that you say were so terrible... they were made under the old ""good management"", in the culture you have just praised. It seems to me you can't have it both ways. You can't have engineers make all the decisions, and then first complain that this power was taken away from them, and later complain that the decision that were made under the system you praised were bad ones.<p>You want a technology-driven company where everyone gets to make or influence decisions, but you also claim that this led to major problems.<p>See, I can't get it to make any sense. While you seem passionate about this, it just doesn't sound logical or consistent.",1361349093
54,5249495,story,,,3,1,joe_the_user,Harvard University says it can't afford journal publishers' prices,http://www.guardian.co.uk/science/2012/apr/24/harvard-university-journal-publishers-prices,,1361349082
55,5249494,story,,,11,0,theunixbeard,Sex Tips For Geeks - Eric S. Raymond,http://www.catb.org/esr/writings/sextips/,,1361349072
56,5249493,comment,5244956.0,5245192.0,1,0,sjmulder,,,"Well put, I never thought about it as such.<p>That said, it looks like Ubuntu lets you drop down into desktop mode with a keyboard + mouse which is something I really like about Windows 8 over Android and iOS.",1361349066
57,5249492,story,,,3,0,skrger,Printing Drones by the Sheet (video),http://www.twylah.com/michaelharries/tweets/170259028545515521,,1361349022
58,5249491,comment,5245847.0,5249385.0,1,0,barmstrong,,,"Part of doing the secure offline storage is that we need to use a hot wallet.  <a href=""http://blog.coinbase.com/post/33197656699/coinbase-now-storing-87-of-customer-funds-offline"" rel=""nofollow"">http://blog.coinbase.com/post/33197656699/coinbase-now-stori...</a><p>It's definitely not perfect yet, but the security benefits are important.  We posted an update on the payouts via unconfirmed transactions as well: <a href=""http://blog.coinbase.com/post/43285532179/unconfirmed-transactions"" rel=""nofollow"">http://blog.coinbase.com/post/43285532179/unconfirmed-transa...</a><p>Just generally, we are going through hyper growth right now, so this tends to magnify small problems.  Thank you for bearing with us!",1361348982
59,5249490,comment,5244752.0,5244752.0,1,0,pseut,,,"I'm disappointed no one's mentioned digraphs yet.  I've used emacs for years, but I'm starting to use vim now because ctrl-k G* etc is just so easy (I type a lot of math).",1361348981
60,5249489,comment,5244619.0,5246943.0,1,0,Tichy,,,"Our doctors told us that mothers don't kill their babies while they sleep, due to some instinct. Fathers might, but apparently mostly if they are drunk (so we've been told).<p>What we had and loved is a ""baby bay"" - basically a half open crib that docks onto the bed (on mommy's side obviously). That way the child has instant access to mommy, but you can't accidentally roll into the crib and smother her because the crib is too small for mommy.",1361348966
61,5249488,story,,,1,0,dylangs1030,This Is the Site Likely Responsible for Major Tech Company Hacks,http://allthingsd.com/20130219/this-is-the-site-likely-responsible-for-the-recent-major-tech-company-hacks,,1361348961
62,5249487,comment,5247932.0,5249144.0,3,0,natrius,,,"Complaining about the article caused more people to read it, but I'd bet that most of the people who read the article have also heard about other news outlets replicating the test without issue. The most common understanding of the situation is probably that the New York Times article was an exaggeration.",1361348932
63,5249486,story,,,1,0,rakeshsharmak,Cyberwar Becomes Real ,http://www.technology.rakeshksharma.com/?p=129,,1361348918
64,5249485,comment,5247443.0,5247443.0,1,0,koopajah,,,Pretty neat library. Any plans to connect to filepicker.io? Would love to be able to drag a file in my webapp for it to upload to filepicker automatically and haven't got the time yet to do it myself!,1361348902
65,5249484,comment,5247932.0,5247932.0,1,0,nnq,,,"Are there really such things as honest car reviews?! ...I guess EM just made a really bad judgement: he pushed his ""candy money"" <i>too late</i> towards NYT, or he somehow managed to <i>push it to the wring person</i>! (this really bodes bad on the public image of his business skills, so this could make some over-cautious people reconsider investing in his businesses - though I'd still place my bet on him ;) )",1361348889
66,5249483,story,,,1,0,fidanov,"Design & Marketing, Learn by Copying ",http://www.terlici.com/2013/02/20/design-marketing-learn-copy.html,,1361348839
67,5249482,story,,,1,0,josdewolk,Ask HN: What is the best-designed weekly report or newsletter you've ever seen?,,,1361348813
68,5249481,comment,5247932.0,5249201.0,15,0,cwp,,,"Yeah, it looks to me like, after the Top Gear thing, they ascribed to malice what could be explained by stupidity.<p>But, they made a bunch of noise, got some more headlines,  cast doubt on the negative review, and gave their fans a good story to use at the water cooler. Time to declare victory and drop the issue.",1361348751
69,5249480,comment,5244752.0,5247394.0,2,0,mmorett,,,For you.  But you don't get to make that decision for everyone else.  Stop trying to impose your value system on others. It's clear you don't like using a mouse.  Then don't.  Keep using a 1970s keyboard if it suits you.  Bon a petite.,1361348747
70,5249479,comment,5249086.0,5249194.0,7,0,Confusion,,,"I think it's funny how you start about ethics and then immediately follow by talking about money.<p>Whether it was unethical depends on whether anyone suffered  negative consequences and whether Google knew, or could foresee that. For all we know the bandwidth was available, couldn't be sold to anyone else for lack of customers and would simply have gone unutilized if Google hadn't used it.",1361348662
71,5249478,comment,5249299.0,5249466.0,5,0,andreasvc,,,This is exactly the kind of thing that inspired Linus to make Linux.,1361348638
72,5249477,story,,,1,0,fbeeper,MeCam $49 flying camera concept follows you around,"http://blog.computedby.com/archives/304-MeCam-49-flying-camera-concept-follows-you-around,-streams-video-to-your-phone.html",,1361348590
73,5249476,comment,5249471.0,5249471.0,1,0,pseut,,,I prefer swapping the right control and alt keys on my keyboard to switching caps lock and control; that way I can use my left thumb for meta/alt and right thumb for control.  But navigation by search and backwards-kill-word are fantastic tips.,1361348587
74,5249475,comment,5249086.0,5249412.0,4,0,tedsanders,,,"(1) It's not clear that acting unethically will lead to better rules and more ethical outcomes, in general [and actually, in some cases the opposite will happen - if you're corrupt it makes it easier for others to be corrupt]<p>(2) Handicapping yourself is the whole idea behind ethics and morality. Sometimes it's more important to do the right thing than the selfish thing.<p>Attitudes like yours are so disheartening to read. I totally disagree with your sentiment.",1361348525
75,5249474,comment,5247262.0,5247262.0,2,0,swanify,,,"Great post - i've been playing with your product and the integration of telephony is really smart, it's one of the areas salespeople spend a lot of time manually typing in calls into their CRM.",1361348461
76,5249473,story,,,1,0,antr,Big data bring attention to retail,http://video.ft.com/v/2172704889001/Big-data-bring-attention-to-retail,,1361348445
77,5249472,comment,5249299.0,5249317.0,3,0,jckt,,,"The thing is, that page is better than half of all the unix guides I've seen online.<p>Except for the  `su -c rm -rf /*` part, of course.",1361348436
78,5249471,story,,,2,1,pseut,Effective emacs (2006),https://sites.google.com/site/steveyegge2/effective-emacs,,1361348431
79,5249470,comment,5248223.0,5249041.0,2,0,tsotha,,,"Microsoft was on the receiving end of a lot of these kinds of campaigns as well, so you can hardly blame them.",1361348417
80,5249469,comment,5244752.0,5247251.0,2,0,pseut,,,"Maybe this page: <a href=""https://sites.google.com/site/steveyegge2/effective-emacs"" rel=""nofollow"">https://sites.google.com/site/steveyegge2/effective-emacs</a>",1361348392
81,5249468,comment,5249086.0,5249393.0,2,0,jamesaguilar,,,"Enterprise tape drives ain't cheap iirc. But anyway, I was responding specifically to the HDD idea.",1361348390
82,5249467,comment,5247730.0,5249339.0,2,0,kanzure,,,So why would I not receive a bill/invoice for a brush-off?,1361348363
83,5249466,comment,5249299.0,5249299.0,5,0,contingencies,,,"So while you can download code, the real description is in a book, not online, and you can't see it without paying money. Uninspiring.",1361348329
84,5249465,comment,5241803.0,5242509.0,1,0,kybernetikos,,,"Recently started using the chicklet one.  The layout is ok, but not as good as the classic, for me, mainly because the home/end keys are harder to find and they are quite useful.  Apart from that, it's not bad, although I preferred having a menu button on my thumb than a print screen button.<p>I preferred the feel slightly on the classic thinkpad keyboards, but these keys feel bigger in use which is nice too. Having the arrow keys separated slightly is a big win. So yeah, while I do slightly prefer the classic keyboard, I don't think there's much in it, and the underlighting is quite nice.",1361348317
85,5249464,story,,,1,0,qwe6240207f,Coach,http://www.coach-00.com,,1361348315
86,5249463,story,,,2,0,endofunctor,Monoid by Scala programmers with different background,https://gist.github.com/folone/4988767,,1361348296
87,5249462,comment,5244956.0,5245675.0,1,0,pjmlp,,,Which is quite common in Europe.,1361348152
88,5249461,story,,,1,0,tdyrsmid,Call Mark Cuban for business advice,http://brightideas.co/mark-cuban-wants-you-to-call-him/,,1361348068
89,5249460,comment,5242957.0,5248031.0,1,0,Donito,,,"Quote from pg: ""For some reason I didn't check the comments after the surgery to see if they were in the right place. I must have been distracted by something.""<p>Short answer to your question: Test the fix after deploying it on production :)",1361348054
90,5249459,comment,5247478.0,5248654.0,1,0,NPC82,,,>Sooner or later it will be one of you reading this. :)<p>O_O ...,1361348041
91,5249458,comment,5244752.0,5246298.0,1,0,johncoltrane,,,"No you can't, you still need to have vundle installed.",1361347980
92,5249457,comment,5249290.0,5249415.0,1,0,anigbrowl,,,Technical departments are not typically paid in points on studio films.,1361347975
93,5249456,comment,5248693.0,5248693.0,1,0,nigelorcine,,,I want an open source of YardSale.,1361347956
94,5249455,story,,,1,0,petesalt,"Quick, Easy and Healthy Recipes for Busy Moms and Dads (iBook)",https://itunes.apple.com/us/book/quick-easy-healthy-recipes/id602350426?ls=1,,1361347944
95,5249454,story,,,1,0,joebaf,Why is it building so long?,http://www.bartlomiejfilipek.blogspot.com/2013/02/why-is-it-building-so-long.html,Blog post about taking care of the physical side of large C++ project.,1361347925
96,5249453,comment,5244456.0,5246293.0,1,0,wiradikusuma,,,"Hi man, I tried my website (<a href=""http://www.ngajakjalan.com"" rel=""nofollow"">http://www.ngajakjalan.com</a>) but the analyzer probably reads my inlined JS and doesn't read the ""done"" version (I use AngularJS). Maybe you can use something like PhantomJS to extract websites content ""as seen by human""?",1361347901
97,5249452,story,,,1,0,joebadmo,An Appropriate Use of Metrics,http://martinfowler.com/articles/useOfMetrics.html,,1361347895
98,5249451,comment,5244906.0,5247224.0,2,0,infamouscow,,,"WebSockets over SSL (wss://) work just fine. Faris Chebib provided a nginx config file in #nginx earlier today. <a href=""https://gist.github.com/octaflop/4991052"" rel=""nofollow"">https://gist.github.com/octaflop/4991052</a>",1361347824
99,5249450,comment,5244752.0,5248629.0,2,0,johncoltrane,,,"Yes, there is. ""Best"" is a harder subject to tackle, but there's always ""better"".<p>di{ is obviously both quicker and more precise than reaching to the mouse, pointing at the beginning of the code block, extending the selection until the end of the code block and hitting backspace.<p>One may think these keybindings are awkward or hard to remember (I did, at first, they are not) but they are both faster, more efficient and more deterministic by nature. But I may be a control freak. :-)",1361347816
100,5249449,comment,5248223.0,5249374.0,1,0,pacaro,,,"It depends on perspective.<p>Are commercials annoying bits between the program segments you want to watch?<p>Or are programs there to persuade you not to switch channels when the commercials come on?<p>obviously the story is different on HBO, Showtime etc., and on BBC in the UK",1361347714
101,5249448,comment,5249445.0,5249445.0,1,0,vellum,,,"Its hard to believe only ~5% of adults can do level 5 tasks. Example: ""Interpret a brief phrase from a lengthy \nnews article""",1361347707
102,5249447,comment,5249337.0,5249337.0,4,0,instakill,,,Please get a book deal. I am absolutely positive it would do very well.,1361347706
103,5249446,comment,5248328.0,5248328.0,3,0,krautsourced,,,"Regardless of whether or not he had hear of Python (which I find very unlikely), if one planned to register a trademark, one would have to do some research in the first place. And that would involve a google search at the very least. And at least on my results even the bloody _real_ Python (snake) shows up first a dozen or so pages back after only Python (language) links. And his dinky little company never comes up. So, yeah. Pretty obvious he's lying - or very, very dumb. Either way it does not show him in a good light and not as someone I'd like to do business with.",1361347661
104,5249445,story,,,1,1,vellum,Adult Literacy In America [pdf],http://nces.ed.gov/pubs93/93275.pdf,,1361347613
105,5249444,comment,5249173.0,5249173.0,3,0,NicoJuicy,,,"I think it's easy...<p>Finally defined guidelines (is a new reason for developping Android-First in the current, not the history).\nIterations / sprints are faster (you don't need to be accepted by some dominant / censored os guard ) - which for some apps last 6 months or more! (on Android, it's immediatly)\nFaster user remarks and user recommendations, perhaps a user think's of a feature which adds a lot of value to your product -> more success.<p>In a later stadium, just convert the fully developed Android version to the iOS version.",1361347610
106,5249443,comment,5249435.0,5249435.0,2,0,eitland,,,"Found via ""kens"" comment on <a href=""https://news.ycombinator.com/item?id=5248728"" rel=""nofollow"">https://news.ycombinator.com/item?id=5248728</a>",1361347470
107,5249441,comment,5244222.0,5248686.0,1,0,Aloisius,,,"Oh not those studies again. Those studies are wonderful until you get to the fact that the Inuit have the shortest life expectancy of any other Canadian group - upwards of 15 <i>years</i> shorter.<p>So of course you find less heart disease in that group. They're dying of TB, diabetes (of all things) and suicide long before they get heart disease.",1361347421
108,5249440,comment,5242381.0,5248854.0,1,0,tanzam75,,,"Whatever the <i>original</i> reasons for China's atomic bomb program, they became completely irrelevant after relations with the Soviet Union deteriorated.<p>By 1964, when the first Chinese atomic bomb was tested, China was barely on speaking terms with the Soviet Union.  By 1969, China and the Soviet Union were on the brink of war.  The Soviets <i>tripled</i> their forces in the Far East during the 1960s, deploying fully <i>one-quarter</i> of the Soviet military along the Chinese border.  (They did this without drawing down their forces in Europe, which placed quite a strain on the Soviet economy.)<p>After Nixon visited China in 1972, Henry Kissinger even gave security briefings to <i>Chinese generals</i>, supplying them with satellite imagery and the location of Soviet forces.",1361347407
109,5249439,comment,5239820.0,5247107.0,3,0,lutusp,,,"> I don't know much about programming, so this question might seem a little dumb, but how did you write Apple Writer?<p>At the time (beginning in 1978) Apple had only one computer for sale -- a small machine called the Apple II that used a very limited processor called the 6502. Both RAM and storage were limited, and the machine had a clock speed of 1 mHz (glacially slow by modern standards).<p>Also (apart from a version of BASIC that was too slow for serious work), there were no high-level languages, so if you wanted to write a high performance program, you needed to write in assembly language -- one step above object code.<p>I wrote Apple Writer in assembly language -- a very slow and laborious process, but the resulting program was very fast - much faster than its competition. This was one reason for its success.<p>> And how did it end up being used in Apple's O/S?<p>It was actually sold alongside Apple's operating system, it wasn't integrated into it. What happened was that the Apple decision-makers, Steve Jobs in particular, realized they had already saturated the market for hobbyists, and wanted to begin to sell computers to ordinary people, people who intended to use a computer to solve everyday problems like writing and printing documents.<p>Somehow they heard about a word processor I was writing for my own use, and asked to see it. So, riding my bicycle to the post office with a big manila envelope, I thought, ""Hey, maybe they'll like my program. I might make hundreds of dollars."" As it turned out, over the next five years I made over six million dollars in royalties.<p>More details: <a href=""http://www.atariarchives.org/deli/cottage_computer_programming.php"" rel=""nofollow"">http://www.atariarchives.org/deli/cottage_computer_programmi...</a>",1361347398
110,5249438,comment,5249337.0,5249433.0,6,0,homakov,,,"Yes, I recommended to use 0; because 1; has flaws too (slicing framebrakers).",1361347390
111,5249437,comment,5246003.0,5247318.0,1,0,adrr,,,No one is talking about the payload.  How do people know if they got hit or not?,1361347364
112,5249436,comment,5248456.0,5249018.0,1,0,ra,,,"I think you're right.<p>Early on git got a lot of traction, and I think this was largely due to github being so, so good.<p>Since the acquisition, bitbucket has come a long way in a short space of time, and I'm sure they're clawing back some marketshare. Now that they have forking, pull requests and git repos, there's no reason not to use them.<p>For some reason though, I still find it easier to browse / read / review code on github.",1361347355
113,5249435,story,,,4,1,eitland,Original version: The great Omaha manhole fireball photo mystery,http://www.omaha.com/article/20130129/NEWS/701299893/1734,,1361347298
114,5249434,comment,5244956.0,5246993.0,2,0,daliusd,,,"He is talking like you can't run QML apps on desktop. Actually you can and they are developed currently on desktop without any simulator/emulator/real device (I'm volunteering on Ubuntu Phone OS calculator app, as well have some experience writing QML apps for different platforms/devices).",1361347289
115,5249433,comment,5249337.0,5249337.0,17,0,gdeglin,,,This is clever. The Chrome team likely made a major oversight when they made the decision to introduce the 1;mode=block value for the X-XSS-Protection header.<p>Interesting to see that Facebook responded by disabling the XSS protection header altogether.<p>Most likely the reason Facebook didn't just set it to X-XSS-Protection: 1 is because a similar technique could then be used to defeat Javascript based clickjacking protection.,1361347236
