,col0,col1,col2,col3,col4,col5,col6,col7,col8,col9,col10,col11,col12,col13,col14,col15,col16,col17,col18,col19
0,e7dbd73e-8fd1-11eb-924d-9cd76263cbd0,genus,Pachystegia,,,Cheeseman,Q1361590,,,,,,,,,10361-1,wfo-4000027705,3150320,,
1,f3ab3b26-8fb4-11eb-924d-9cd76263cbd0,species,insignis,Pachystegia,,(Hook.f.) Cheeseman,"Q157501,Q1361590",1925.0,,1925,,,,,,236333-1,wfo-0000072037,3150323,,
2,247afe38-8fb7-11eb-924d-9cd76263cbd0,variety,minor,Pachystegia,insignis,Cheeseman,Q1361590,1925.0,,"Cheeseman, T. F. 1925: Manual of the New Zealand Flora.2 ed.  Wellington, N.Z.,  911 1925",,,,,,,wfo-0000096797,6293527,,
3,21a61b88-8fb3-11eb-924d-9cd76263cbd0,species,minor,Pachystegia,,(Cheeseman) Molloy,"Q1361590,Q5733777",1987.0,,144 1987,,,,,,,wfo-0000042241,3150321,,
4,95a5b884-8fb5-11eb-924d-9cd76263cbd0,species,rufa,Pachystegia,,Molloy,Q5733777,1987.0,,1987,,,,,,,wfo-0000079794,3150322,,
