,col0,col1,col2,col3,col4,col5,col6,col7
0,access_report_intrastat_code,report.intrastat.code,model_report_intrastat_code,account.group_account_manager,1,1,1,1
1,access_report_intrastat,report.intrastat,model_report_intrastat,account.group_account_manager,1,0,0,0
2,access_report_intrastat_code_sale_manager,report.intrastat.code sale manager,model_report_intrastat_code,base.group_sale_manager,1,1,1,1
3,access_report_intrastat_code_purchase_manager,report.intrastat.code purchase manager,model_report_intrastat_code,purchase.group_purchase_manager,1,1,1,1
4,access_report_intrastat_code_stock_manager,report.intrastat.code stock manager,model_report_intrastat_code,stock.group_stock_manager,1,1,1,1
