,col0,col1,col2,col3,col4,col5,col6,col7,col8,col9,col10
0,580360,comment,579690.0,579712.0,0,0,octane,,,"Brentwood, Westwood, and Holmby Hills and Bel Air (the areas that surround UCLA) are some of the wealthiest areas in the nation and <i>world</i>, right up there with Palo Alto, Woodside, Stanford, etc.<p>I have no idea where you or any of your friends got the idea that it would be dangerous there.",1240775989
1,580359,story,,,1,0,estromberg,Text of Steve Jobs Deposition,http://seekingalpha.com/article/133203-text-of-steve-jobs-deposition,,1240775960
2,580358,comment,580250.0,580250.0,0,0,ars,,,"<a href=""https://bugzilla.mozilla.org/show_bug.cgi?id=147777"" rel=""nofollow"">https://bugzilla.mozilla.org/show_bug.cgi?id=147777</a>",1240775861
3,580357,comment,580189.0,580189.0,0,0,AndrewDucker,,,"Interesting.  Both Zen and Analysis fascinate me.  But I could have done with more information on the process, and less on the person undergoing it.<p>But possibly it's all so personal that you can't get more than that.",1240775812
4,580356,comment,580060.0,580060.0,0,0,catzaa,,,Singapore also have an excelent system to minimize drug use.,1240775791
5,580355,comment,580027.0,580109.0,0,0,bokonist,,,"People left the cities because of the rise in crime.  Crime can always be prevented by a reasonably effective government.  Read this book to get a sense of what happened in Brooklyn: <a href=""http://www.amazon.com/Canarsie-Italians-Brooklyn-Against-Liberalism/dp/0674093615"" rel=""nofollow"">http://www.amazon.com/Canarsie-Italians-Brooklyn-Against-Lib...</a>  The same story was repeating itself across the country.",1240775531
6,580354,comment,580209.0,580209.0,0,0,aristus,,,I finally engineered this for myself at age 14 or 15. I discovered that I could get into <i>both</i> the advanced courses and a dropout prevention program that let me out of school at noon to go work a job doing programming and animation.,1240775485
7,580353,comment,580250.0,580250.0,0,0,DenisM,,,"Cute.<p>So suppose I want to know who my visitors are, but I do not want to resort to underhanded tactis like this. Any ideas on how to get to know my customers yet respect their privacy?",1240775434
8,580352,comment,580332.0,580332.0,0,0,tumult,,,"C isn't hard, don't worry! It's actually a fairly simple language. But it's medium/low-level and there is a lot of power within its simplicity. Fast to learn, but a long time to master, as one might say.<p>I don't know what people are using to learn C these days, but the standard has always been the white book <a href=""http://www.amazon.com/Programming-Language-Prentice-Hall-Software/dp/0131103628"" rel=""nofollow"">http://www.amazon.com/Programming-Language-Prentice-Hall-Sof...</a><p>You will find yourself spending more time thinking about programming concepts rather than dealing with C syntax, since it's pretty concise. I don't know how difficult it is to learn about pointers if you have already been programming for a while but haven't had to use references directly, but it's very important to learn. C does not do too much for you on its own, so handling references yourself is an important skill. It will also help you understand how higher level languages and concepts work.<p>If you are working through it and find that you're enjoying yourself, congratulations, you're a programmer :] Then it's time to pick up the 1st volume of Knuth and start working through that.",1240775380
9,580351,comment,580073.0,580073.0,0,0,simonw,,,"The Cairo-powered <a href=""http://www.aeracode.org/projects/graphication/"" rel=""nofollow"">http://www.aeracode.org/projects/graphication/</a> is well worth a look - unfortunately the only documentation is examples at the moment.",1240775372
10,580350,comment,580221.0,580221.0,0,0,eli,,,"NPR may be ""thriving"" in terms of audience size, but just a few months ago they canceled a show and announced layoffs due to a lack of funds.",1240775299
11,580349,comment,580332.0,580332.0,0,0,Zarathu,,,"Sure!  Knowing C can definitely help with your overall understanding of how things work.  It's especially helpful when learning new languages.<p>I uploaded a copy of K&R ANSI C for you.  In my opinion, it's probably the best way to learn it.<p><a href=""http://whitepaperclip.com/files/ansi_c.pdf"" rel=""nofollow"">http://whitepaperclip.com/files/ansi_c.pdf</a><p>Have fun!",1240775284
12,580348,comment,580221.0,580326.0,0,0,eli,,,"I believe the plurality of money comes from pledge drives, not the government. But point taken.",1240775238
13,580347,comment,580332.0,580332.0,0,0,makecheck,,,"K&R\n<a href=""http://en.wikipedia.org/wiki/The_C_Programming_Language_(book)"" rel=""nofollow"">http://en.wikipedia.org/wiki/The_C_Programming_Language_(boo...</a>",1240775236
14,580346,story,,,1,0,voodootikigod,DTrace And JavaScript Presented at JSConf 2009,http://mediacast.sun.com/users/arajadurai/media/JSconf2009.pdf,,1240775167
15,580345,comment,580060.0,580156.0,0,0,anigbrowl,,,"A reasonable point. Then again, drug use is arguably the primordial hack to your own wetware, and drug policy indirectly says something about how the state approaches individual cases it might not understand - consider the history of PGP, or whether Linux would have been developed in the US. So I vote for relevant, although only very peripherally.",1240775148
16,580344,comment,580027.0,580309.0,0,0,rsheridan6,,,Because it fit his hypothesis better?,1240775134
17,580343,comment,580221.0,580221.0,0,0,eli,,,"Also, they're not afraid of getting replaced in a shareholders' revolt.",1240775134
18,580342,story,,,1,0,voodootikigod,PhoneGap At JSConf 2009,http://blogs.nitobi.com/brian/2009/04/25/jsconf-2009-phonegap-slides/,,1240774999
19,580341,comment,579919.0,579919.0,0,0,buugs,,,"Nothing amazing, but I'm sure a very useful script as sometimes if you need to add multiple domains vhosts would be a pain without some automation.",1240774966
20,580340,comment,579391.0,579587.0,0,0,mcav,,,> <i>I wouldn't want my pacemaker running a garbage-collected language and yet most web apps are written with GC.</i><p>I'd prefer GC over memory leaks...,1240774834
21,580339,story,,,4,0,twampss,Disable The Annoying Thing In Ubuntu Jaunty,http://teddziuba.com/2009/04/disable-the-annoying-thing-in.html,,1240774824
22,580338,comment,579979.0,579979.0,0,0,nordgren,,,"Three books have really helped me:<p>1) Getting Things Done by David Allen gives you a system that works for keeping track of things and choosing what to work on when.<p>2) The Now Habit by Neil Fiore teaches you how to get rid of some stupid things we do and think that keeps us procrastinating.<p>3) Tribes by Seth Godin inspires you to go out and do great deeds, big and small.",1240774812
23,580337,comment,580219.0,580219.0,0,0,tumult,,,"If I encountered code like this on the job, I'd feel obligated to let someone higher up know about it. I know this isn't a very constructive comment, but I don't really have much else to say :)",1240774752
24,580336,comment,579401.0,580213.0,0,0,jamesbritt,,,"Can't imagine how I could confuse those names. :)<p>More to the point:<p>""This presentation and the reaction afterward is being taken as INDICATIVE of a problem that is neither recognized nor addressed.""<p>I don't see a single presentation out of whatever total number of Ruby talks  as coming even close to being indicative of a problem.<p>Nine years of Ruby conferences.  One comes along that demonstrates notable poor taste.  That's a good record.",1240774668
25,580335,comment,580304.0,580304.0,0,0,ig1,,,"The author seems to fundamentally misunderstand the point of a phone screen, you don't ask trivial questions to see how good the engineer is, but to filter out the really bad engineers.<p>If someone doesn't know what a hashtable or a pointer is then there's no point in wasting their time or yours in bringing them in for an in-house interview. Many companies reject as many as 70-90% of candidates at phone interviews due to candidates lacking basic skills.",1240774610
26,580334,comment,580304.0,580315.0,0,0,Dilpil,,,"Indeed, the first thing I thought after reading the article was 'Google has HR do their phone screens?  Really?'- apparently not.",1240774551
27,580333,comment,580209.0,580209.0,0,0,octane,,,"Yeah, I hated school too.  It's not ever going to change because it's <i>for the masses</i>.  That's its <i>sole and express purpose</i>.  Why is anyone trying to redesign the system or otherwise shoehorn exceptional people into a system designed for the masses?  Either drop out or shut up, in my opinion.  Massive social structures don't have time for unique butterflies.  That's the Reality of the situation with a capital R.<p>The optimum solution is to just get it done at an 75-90% level until you graduate HS or college and get on with your god damn life instead of fighting it for years and years and years and pulling yourself and others down in the process.  Just give them the bare minimum of what they want while pursuing your own interests.  It's politics 101.<p>This is why many, many successful people say ""I dropped out"", or ""Oh, I was only a B and C student"" instead of ""I spent every waking moment of my life trying to rebel against the system in which I had no place in, attempting to reforming it form the inside to suit my specific needs to a tee.""",1240774520
28,580332,story,,,62,65,FiveFiftyOne,Ask HN: Learning C,,"Throughout my career, I've viewed C as the sleeping monster that mere mortals such as myself dare not waken. However, as I increasingly seek to achieve more complex goals in my projects, I find myself encountering C libraries (such as GMime) which will answer all my questions, if I could actually program in C. I have a copy of C Primer Plus Fifth Edition at hand, a development FreeBSD server as well as my Mac, but would like to ask of this community if they are aware of any other references, such as old CS course materials, which may help. Many thanks in advance. I realise that this is a long term goal, but feel that with my taste in server platform and operations software, C will prove a boon to me.",1240774453
29,580331,comment,580209.0,580292.0,0,0,ShabbyDoo,,,">It's not that bad. I'm in 10th grade right now, and here's the way I see it: I spend a few hours in school every day, where most of the time is wasted,<p>Your standards for ""not that bad"" are low.  Wasting half your day sucks.  Why not just take the GED and go to college?  If your state (presuming you are in the US) is anything like Ohio, you can go to a local college on the public school's dime and get both HS and college credit.  No GED required.<p>I wasted so much time in school.  When most people make this statement, it's blatant anti-intellectualism.  For me, it's a testament to the inefficiency of public education in the US.",1240774338
30,580330,comment,580171.0,580171.0,0,0,anigbrowl,,,"Back in the day, CompuServe, Delphi etc. used to charge for connections by the mnute (not to mention for emails). Major phone companies like Verizon etc. still segment customers dependent on whether they're calling inside or outside the network (as if I care what carrier someone else sues, or are going to ask them to switch for my benefit!).I hope this model is doomed.<p>I'm glad the current administration is committed to a broadband plan for the US, although I'm worried that the FCC has set it sights far too low. Personally, I'm OK with some taxes going towards this; Broadband is nowadays as important  as a well-functioning road system. It seems to me that the poorer or less economically developed parts of the US would derive big long-term economic benefits.<p><a href=""http://www.fcc.gov/broadband"" rel=""nofollow"">http://www.fcc.gov/broadband</a> is the central FCC page for the electronic superhighway and related policies. Though very dull looking, there's a lot of substance at the links on the left.",1240774335
31,580329,story,,,12,5,andrewljohnson,Help Docs as a Design Tool,http://www.trailbehind.com/trips/view_report/140565/,,1240774298
32,580328,comment,580209.0,580209.0,0,0,jnorthrop,,,"The whole idea of unschooling is a little too utopian for me. Teaching is a skilled craft. A good teacher will work a classroom to keep all manner of kids involved and engaged. We've all had teachers like that. I had a 7th grade social studies teacher who was fantastic and an accounting professor in college who made accounting exciting. Accounting!<p>The problem in this country is well known. We have too many poorly trained and poorly paid teachers. And unfortunately with No Child Left Behind, we've stiffled the good teachers as well.<p>You can't just remove the teacher. Even the author's experience of independent study still relies on teachers to create the curriculum, produce learning materials and monitor progress through tests. That's a far cry to ""go learn on your own.""",1240774262
33,580327,comment,580171.0,580171.0,0,0,jmtame,,,"History and the implications of network neutrality (covers AT&T and Verizon in depth): <a href=""http://jtame05.wordpress.com/2008/10/21/network-neutrality-word97/"" rel=""nofollow"">http://jtame05.wordpress.com/2008/10/21/network-neutrality-w...</a>",1240774208
34,580326,comment,580221.0,580221.0,0,0,jdminhbg,,,"I'd imagine the government subsidies and not needing to pay for their chunk of the FM spectrum probably have a lot to do with it, too.",1240774166
35,580325,comment,579391.0,579778.0,0,0,wingo,,,"The thing is, usually when you want the stack frames, /they are there/. They're present because they form part of the continuation of the computation.<p>Tail calls, because they don't form part of the continuation, are usually not interesting at all in stack traces.<p>To put it another way: a python backtrace doesn't include statements that were already executed. ""Of course it doesn't, they're already executed!"", you say -- well so have the tail calls! They are exactly equivalent (google for CPS transformation).",1240774152
36,580323,comment,580171.0,580246.0,0,0,Hexstream,,,"I'm guessing you're excluding Quebec? I can consistently download at 800k/sec (if the server will push the bits this fast) with Videotron. Is that really considered impossibly slow nowadays?! I don't even know what I'd do with more bandwidth, though now that I have a server the 100k/sec upload limit is a bit more of an irritation.",1240774090
37,580322,comment,579914.0,579914.0,0,0,thatguycheese,,,"When clicking on ""private"" and then canceling out of the box that pops up, ""log in"" changes to ""og in."" A minor issue, but an issue none-the-less.",1240774048
38,580321,comment,580171.0,580247.0,0,0,m_eiman,,,"In Sweden we have something called Sidewalk Express where you can sit down at a computer and browse the web for €1 per hour. If you want to use the WLAN in the same location (from some other company), you'll have to pay ~€5 per hour - and then the computer isn't included. Weird.",1240774047
39,580320,comment,579697.0,580017.0,0,0,Zaak,,,"<a href=""http://en.wikipedia.org/wiki/Lunar_Escape_Systems"" rel=""nofollow"">http://en.wikipedia.org/wiki/Lunar_Escape_Systems</a>",1240773954
40,580319,comment,579391.0,580105.0,0,0,wingo,,,"The ""Lambda: The Ultimate GOTO"" paper shows a still-timely example of when you might want to express a state machine as mutually recursive functions. Granted, they compare to the actual GOTO, but you can't make state machines of any manageable size with iteration, either.",1240773878
41,580318,comment,580060.0,580060.0,0,0,MaysonL,,,"Link to the Cato Institute, where you can download the report they sponsored: <a href=""http://cato.org/pub_display.php?pub_id=10080"" rel=""nofollow"">http://cato.org/pub_display.php?pub_id=10080</a>",1240773865
42,580316,comment,579872.0,579920.0,0,0,wheels,,,Anyone running an accelerator will certainly have people around that understand how to set up a corporation.<p>The programming equivalent would be trying to fight off competition by not showing them your ~/.emacs.,1240773845
43,580315,comment,580304.0,580307.0,0,0,ori_b,,,"Exactly. He starts with saying that Sergey Brin wouldn't pass Google's phone screening, but (at least when I interviewed with them for an internship) Google phone screens with engineers. The conversation was good, the problems were an interesting/fun challenge, and it would certainly have been effective in deciding whether I was cut out for the position.<p>I think that the argument should be rewritten to say that the only people that should be judging competence are the ones that work in the field. An HR person shouldn't be trying to decide whether an applicant has passed a screening. They should get an engineer to talk to them instead and decide.",1240773821
44,580314,comment,580312.0,580312.0,0,0,boundlessdreamz,,,I thought this news was important enough to break the submitting rules about non hacker related subjects,1240773810
45,580313,comment,580209.0,580209.0,0,0,russell,,,"One of the things I did with my kids was to push them to take courses at the local community colleges while they were still in high school.  They got better quality instruction, more advanced topics, and college level credit.  My son had credit for all but two math classes in EECS at UC Berkeley.  My daughter was able to graduate in four years at UCLA, rather than drag on to 5 years because of schedule conflicts and oversubscribed classes.",1240773786
46,580311,comment,579391.0,579589.0,0,0,silentbicycle,,,"Python has a pretty distinctive programming style (what's considered ""pythonic""), and code that makes idiomatic use of tail calls tends to be structured quite differently. While it may have been a good addition early in Python's history, retrofitting it now would make the language more complicated and messy, and avoiding having a dozen ways to do the same thing (as in Perl) has been a goal from the start. Python's design seems to argue that any incremental improvements gained by using one coding style over another will be lost due to dealing with several different coding styles. (Particularly when somebody is actually trying to write Scheme, Haskell, etc. in Python.)<p>Questions about whether it'd be better if Python supported tail-call elimination, type inference, macros, etc. need to consider not just the theoretical power advantage, but the extent they would tend to fragment the existing community, make existing code harder to use/maintain, etc.<p>FWIW, Lua (<a href=""http://lua.org"" rel=""nofollow"">http://lua.org</a>) is stylistically quite similar to Python, and has an equally strong focus on keeping things simple, but approaches it differently. Its designers kept the core language extremely small, yet easily extensible in Lua or C. It's very interesting to compare and contrast its design with Python's. (It's also a great language in its own right, and it has TCO.)",1240773670
47,580310,comment,580171.0,580270.0,0,0,octane,,,"The English speaking world includes parts of Asia, including Singapore and Hong Kong.  It also includes parts of Central and South America and Africa, and large parts of India and parts of the Middle East.<p>The sun never sets on the British Empire, remember all that crap they used to say before it set on them for good?<p>Sigh.",1240773597
48,580309,comment,580027.0,580262.0,0,0,occam,,,"Yes, why did he choose 1996?  2004 is the more obvious choice.",1240773511
49,580308,comment,580267.0,580297.0,0,0,slackerIII,,,"I used to do a bit of work at cable access in Austin in the 90's.  Alex was around quite a bit and always interested in talking about conspiracy theories, the new world order, etc.  He just radiated mania and paranoia.  His online/on-air personality is really not a act -- he was dead serious about everything he said.",1240773501
50,580307,comment,580304.0,580304.0,0,0,swombat,,,"Interesting point, but I think this post is attacking a certain kind of phone screening, rather than all phone screening.<p>If you get a (people-friendly) geek to do the phone screening instead, with a single question: ""would you like to have a further 30 minute chat with this person?"", I would hope you get better results.<p>I'll agree that getting HR to do your phone screening for technical people is pretty disastrous though.",1240773484
51,580306,comment,580060.0,580176.0,0,0,billswift,,,"How about ""People who generically object to statistics KNOW their own position can't be rationally supported.""",1240773451
52,580305,comment,579134.0,580016.0,0,0,aswanson,,,"I'll try that, thanks.",1240773340
53,580304,story,,,7,11,naish,Looking to Hire an Engineer? 3 Reasons to Forgo the Phone Screening,http://gigaom.com/2009/04/26/looking-to-hire-an-engineer-3-reasons-to-forgo-the-phone-screening/,,1240773290
54,580303,comment,579697.0,580127.0,0,0,jeffesp,,,"I don't necessarily want to start a flame war, but it is inaccurate to say ""God said so in that holy book."" People have added up the number of years that are mentioned in the Bible and claimed that the earth is only that old. A decent amount of Genesis can be looked at not as literal history, but a summary. This is done even by some very conservative scholars who believe that God is the creator and also believe that the earth really is as old as science says it is.",1240773279
55,580302,comment,578999.0,578999.0,0,0,DTrejo,,,">He felt the sores on his body dry up and start to slough off. He was hungry enough that he actually caught himself peeling off the scabby cornflakes and eating them. It grossed him out, but he was hungry.<p>:)",1240773260
56,580301,comment,580126.0,580126.0,0,0,electromagnetic,,,"This is misleading, they lost 1,600 full-time (or equivalent) workers. This could mean a lot of their part-time workers getting extra hours could no longer get extra hours, it doesn't mean they 'axed' 1,600 full-time positions, they likely cut the hours of 1,600 part-time employees.<p>Then there's the whole, it was the Christmas season. I bet if you look back at records for the past decade there's either been a decline in employees in Q2 as apposed to Q1 or that their growth rate stalls in the Q2 as they no longer need new workers. Then I bet if you look at Q4, there's a big employment spike for the Christmas season.<p>There's too many variables here to say Apple predicted the recession. Maybe they did, however there's much more practical reasons why this decision would have been made.<p>The best reason I can think of is that when the economy started to falter, they reduced part-time workers hours. I don't know about Apples statistics, but most retail companies tend to have double (or more) the number of part-time workers as full-time (usually due to paying less in benefits). This likely means Apple has 28,000 part-time employees, 1,600 of which could have been working extra at Christmas to, you know, pay <i>for</i> Christmas.",1240773187
57,580300,comment,580209.0,580209.0,0,0,amalcon,,,"There's an idea I've been rolling around in my head for a while, wherein some portion of the day (say an hour) for each class would be dedicated to each student of one grade teaching one of the next younger grade (so two hours per day total per student, one teaching, one being taught).  The idea has a lot of potential, both because it helps the educational system scale and provides much-needed individual attention.  Individual attention is useful even if it comes from poor teachers.  It's much too radical to be implemented in a modern public education system (too much politics there).<p>The reason I found this interesting is that it gives something to do with class size disparity:  have the ""best"" students in the oversized class work in an independent study format for that hour.  It's so simple.",1240773175
58,580299,comment,580209.0,580209.0,0,0,tokenadult,,,"""The Grade 12 final examinations in those days were set and marked by a province-wide board, so universities could judge who the best students were without having to consider differences between schools.""<p>United States college admission does not work in the same way, and that is one of the reasons that few schools in the United States would try quite the same experiment. The experiment I've been trying, after years of advocating a ""learn in freedom""<p><a href=""http://learninfreedom.org/"" rel=""nofollow"">http://learninfreedom.org/</a><p>approach to education, is negotiating with my oldest son about which distance learning courses and local brick-and-mortar courses make a coherent, college-preparatory program to fit HIS personal goals, and then letting him take on challenges that no other high school in town would let him take on. It will be interesting to see what a college admission committee will make of the experiment. In the United States, the college admission process is enough of a black box that applicants have to cast a wide net to make sure they have a decent, affordable college choice. High test scores alone<p><a href=""http://talk.collegeconfidential.com/parents-forum/377882-how-do-top-scorers-tests-fail-gain-admission-top-schools.html"" rel=""nofollow"">http://talk.collegeconfidential.com/parents-forum/377882-how...</a><p>don't do the whole job of guaranteeing admission to a strong college program at an affordable price.",1240773108
59,580298,comment,580073.0,580244.0,0,0,loginx,,,"I second this. Graphing libs fall into 2 camps:<p>- Flash and JS charts. Those are interactive and most of the processing takes place on the client side, but they cannot be embedded into email reports or PDF documents or anything else, and are very difficult for the average end-user to archive.<p>- Server-side generated images. Those are not interactive, but obviously can be embeded into anything and easily archived, so tend to be more flexible and require no extra dependencies, such as a fast JS engine or a plugin.<p>I've been working with both types for way too long, and I eventually settled on PyCha. I wrote a presets package for my apps that allow me to very quickly change every aspect of charts in bulk, and I was floored when I ran my charting benchmarks. It's also one of the few libraries that scale to a very high number of datapoints (provided you remove the line shadow).",1240772984
60,580297,comment,580267.0,580296.0,0,0,staunch,,,> <i>I've spent some time with Alex</i><p>Do tell.,1240772976
61,580296,comment,580267.0,580274.0,0,0,slackerIII,,,A flat out blacklist of prisonplanet would be just fine with me.  I've spent some time with Alex.  He is not someone you want to get your news from.,1240772889
62,580295,comment,579979.0,580199.0,0,0,vorador,,,"For that there's leechblock : <a href=""https://addons.mozilla.org/en-US/firefox/addon/4476"" rel=""nofollow"">https://addons.mozilla.org/en-US/firefox/addon/4476</a>\nIt's analogous to noprocrast.",1240772810
63,580294,comment,580221.0,580221.0,0,0,GavinB,,,"The interesting point for me here is NPR's revenue model.  They're supported by tasteful sponsorships and donations, and they give their content away. They're more successful at this model than any website that I can think of.<p>They are the one traditional news outlet that isn't damaged by changes in distribution methods.  The only change might be that they need to spread their pledge drives out more broadly so that it's harder to skip or tune out.",1240772788
64,580293,comment,580209.0,580209.0,0,0,tokenadult,,,"I'm surprised no one has yet mentioned pg's essay on very similar issues from 2005, submitted a while ago to HN:<p><a href=""http://paulgraham.com/hs.html"" rel=""nofollow"">http://paulgraham.com/hs.html</a>",1240772756
65,580292,comment,580209.0,580279.0,0,0,PieSquared,,,"Nah, I disagree. It's not that bad. I'm in 10th grade right now, and here's the way I see it: I spend a few hours in school every day, where most of the time is wasted, come home, and spend the remaining 6-8 hours of free time I have learning whatever I want.<p>I used to be pretty annoyed about school in general, but once I realised how much free time I really have, it's amazing how much I started getting done in that same time.<p>(As for the actually interesting or difficult classes, which sometimes do exist, you can do the same thing; for instance, in the first few months of my calculus class, I bought a textbook and finished learning the material until the end of the year. Now that class is just as relaxing and as much of a breeze as any other.)",1240772724
66,580291,story,,,3,1,peter123,GeoCities = MySpace = newspapers ,http://www.buzzmachine.com/2009/04/25/geocities-myspace-newspapers/,,1240772715
67,580290,comment,580250.0,580250.0,0,0,tptacek,,,"Wow am I ever not OK with browser security demonstrations that crash my browser.<p>From the JS, It looks like this is just this old trick:<p><a href=""http://ha.ckers.org/weird/CSS-history-hack.html"" rel=""nofollow"">http://ha.ckers.org/weird/CSS-history-hack.html</a>",1240772684
68,580289,story,,,33,6,Keyframe,The making of Playstation,http://www.edge-online.com/magazine/the-making-of-playstation,,1240772660
69,580288,comment,580171.0,580246.0,0,0,dmix,,,"I have a standard 7mbs/1mbs connection from Rogers in Canada.<p>I paid an extra $14, for a total of about $80 last month, because I downloaded an extra 7GB over my 60GB monthly cap.<p>Mmm nothing like markets with zero competition.",1240772650
70,580287,comment,580219.0,580253.0,0,0,kitallis,,,Why didn't I ever see that before? It's pretty cool.,1240772634
71,580286,comment,580126.0,580126.0,0,0,TJensen,,,"Once again, a title shouts ""Panic at the economy"" while the actual meat of the article says something completely different.",1240772586
72,580285,comment,579979.0,580024.0,0,0,potatolicious,,,"Absolutely agreed. Make a conscious decision about what you're doing wrong. I found that I was spending too much of my time on aggregators like digg and reddit, and getting little to nothing in return.<p>Both sites, among others, are now banned via my /etc/hosts file - this is a very good technique I find. It's not permanent, but having to sudo to get to it puts in a conscience filter.<p>HN is now the only aggregator I follow regularly, and even then I've become more disciplined about how much time I spend on here.<p>Become more conscious about what you're doing. When you find yourself idling surfing Wikipedia or whatever, catch yourself and ask yourself if there's something else you ought to be doing right now. Catch yourself enough and you will be surprised at how much more productive you become.",1240772576
73,580284,story,,,7,0,davidw,Here Comes Twitter Spam And How To Fight It,http://www.techcrunch.com/2009/04/26/here-comes-twitter-spam-and-how-to-fight-it/,,1240772554
74,580283,comment,580209.0,580266.0,0,0,thesethings,,,"Here's my theory on the ""How.""<p>Similar to yours, but starting even a bit more removed:<p>Innovation will happen (and is happening) first in non-accredited adult (and maybe even non-accredited child) learning environments. Crazy theatrical lectures, Spanish classes disguised as video games, etc. People will have really positive experiences with this stuff, and it will trickle down.<p>It's probably too scary for some people to just hand over the keys to their kids' ""real"" education at first.  Once people see how comfortable and successful changing stuff up is outside of schools, and it will feel less risky inside of schools.<p>I see the edge of this already happening on the Internet, with sites like edufire, for example.",1240772543
75,580282,story,,,15,1,quoderat,In defense of common English,http://chronicle.com/temp/reprint.php?id=1200zq259py5hw6r0xs6h43x9jzd2gf3,,1240772521
76,580281,story,,,9,6,jibiki,Ask HN: sound - electricity?,,"I was thinking about doing a little wind power project, and thought it would be cool to not use a turbine... so, what's a cheap and easy way to generate electric power from sound?  (Maybe using those little piezoelectric buzzers?)",1240772486
77,580280,comment,579361.0,579603.0,0,0,electromagnetic,,,"Agreed. I take ibuprofen when I've got a head ache or a pulled muscle, but Wyeth makes a major profit off of me when I buy advil. However I'd much rather pay my money, like anyone else on the planet, to not feel like crap.<p>I worked construction, I know how painful a ripped muscle is. With ibuprofen I can continue working, because it prevents the inflammation from being more painful than my actual injury. What would anyone rather pay, 3-4 days wages while your muscle gets back to strength naturally or 3-4 hours of wages while your muscle gets back to strength with an anti-inflammatory.<p>I believe it's my right to pay as little as possible for the same quality of medicines and such, however if I want to pay $100 (or whatever) for a vaccination for the H1N1 virus, which has a very low death rate, then that's my prerogative. I'd be buying a service, which is called 'Peace of Mind', and the person selling it expects payments.<p>People have recovered from cancers without the necessary medical treatments. However, everyone here would pay every penny they have to be cured of a cancer, why? Because rational humans don't count on miracles happening, we count on disasters happening.",1240772435
78,580279,comment,580209.0,580209.0,0,0,dkberktas,,,I remember the years I spent in high school and college just to pass the courses. It was boring and useless. All the time I waited for the course to finish to that I can go to home and do whatever I wanted to do. What a waste of time.,1240772403
79,580278,comment,580002.0,580002.0,0,0,TweedHeads,,,A: Superpower,1240772402
