,col0,col1,col2,col3
0,<29811605.1075857293969.JavaMail.evans@thyme>,angusmcka@aol.com,2001-05-14 14:17:00,Fwd Ah hunting season Received from rlyygmxaolcom rlyygmailaolcom by airygmailaolcom vr with ESMTP Mon May Received from pimoutintprodigynet pimoutextprodigynet by rlyygmxaolcom vr with ESMTP Mon May Received from prodigynet ASANTsplitrocknet by pimoutintprodigynet with ESMTP id fELJw Mon May MessageID Date Mon May From davis w simpson XMailer Mozilla en Win U XAcceptLanguage en MIMEVersion Subject Ah hunting season ContentType multipartmixed boundaryCEAECDEF To undisclosedrecipients With hunting season just around the corner I wanted to whip up a little excitement so I am sending a picture of my Aggie buddy in his tree stand last year
1,<32036633.1075861206298.JavaMail.evans@thyme>,angusmcka@aol.com,2001-11-20 08:24:22,Re no subjectI cant do lunch because the Crows are coming and their plane does not get in til You all go on to Port OConner I more than understand
2,<25275209.1075861206319.JavaMail.evans@thyme>,angusmcka@aol.com,2001-11-20 07:57:47,no subjectI just saw the stock price of ene What do you think is going to happen
3,<24141051.1075857295189.JavaMail.evans@thyme>,angusmcka@aol.com,2001-05-14 14:17:00,Fwd Ah hunting season Received from rlyygmxaolcom rlyygmailaolcom by airygmailaolcom vr with ESMTP Mon May Received from pimoutintprodigynet pimoutextprodigynet by rlyygmxaolcom vr with ESMTP Mon May Received from prodigynet ASANTsplitrocknet by pimoutintprodigynet with ESMTP id fELJw Mon May MessageID Date Mon May From davis w simpson XMailer Mozilla en Win U XAcceptLanguage en MIMEVersion Subject Ah hunting season ContentType multipartmixed boundaryCEAECDEF To undisclosedrecipients With hunting season just around the corner I wanted to whip up a little excitement so I am sending a picture of my Aggie buddy in his tree stand last year
4,<8761330.1075855109366.JavaMail.evans@thyme>,angusmcka@aol.com,2001-12-31 12:29:35,Fwd How to Live a Happy Life Cc Returnpath From Fullname KayMartinO MessageID Date Mon Dec EST Subject Fwd How to Live a Happy Life To BiggammoYahoocom coastalmarketingnet MIMEVersion ContentType multipartmixed boundarypartcafcdbboundary XMailer AOL for Windows US sub Returnpath From Fullname VirgoEllie MessageID Date Fri Dec EST Subject How to Live a Happy Life To MIMEVersion ContentType multipartalternative boundarypartcafefeboundary XMailer AOL for Windows US sub HOW TO LIVE A HAPPY LIFE Throw out nonessential numbers This includes age weight and height Let the doctor worry about them That is why you pay himher Keep only cheerful friends The grouches pull you down Keep learning Learn more about the computer crafts gardening whatever Never let the brain idle An idle mind is the devils workshop The devils name is Alzheimers Enjoy the simple things When the children are young that is all that you can afford When they are in college that is all that you can afford When you are on retirement that is all that you can afford Laugh often long and loud Laugh until you gasp for breath Laugh so much that you can be tracked in the store by your distinctive laughter Tears happen Endure grieve and move on The only person who is with us our entire life is ourselves Be alive while you are alive dont put out a mailbox on the highway of death and just wait in residence for your mail Surround yourself with what you love whether it is family pets keepsakes music plants hobbies whatever Your home is your refuge Cherish your health If it is good preserve it If it is unstable improve it If it is beyond what you can improve get help Dont take guilt trips Go to the mall the next county a foreign country but not to guilt country Tell the people you love that you love them at every opportunity Life is not measured by the number of breaths we take but by the moments that take our breath away
5,<11752580.1075857295255.JavaMail.evans@thyme>,angusmcka@aol.com,2001-05-14 14:17:00,Fwd Ah hunting season Received from rlyygmxaolcom rlyygmailaolcom by airygmailaolcom vr with ESMTP Mon May Received from pimoutintprodigynet pimoutextprodigynet by rlyygmxaolcom vr with ESMTP Mon May Received from prodigynet ASANTsplitrocknet by pimoutintprodigynet with ESMTP id fELJw Mon May MessageID Date Mon May From davis w simpson XMailer Mozilla en Win U XAcceptLanguage en MIMEVersion Subject Ah hunting season ContentType multipartmixed boundaryCEAECDEF To undisclosedrecipients With hunting season just around the corner I wanted to whip up a little excitement so I am sending a picture of my Aggie buddy in his tree stand last year
