,col0,col1,col2,col3,col4,col5,col6,col7,col8,col9,col10,col11,col12,col13,col14,col15,col16,col17,col18,col19
0,a4fd39f2-9bad-11eb-a8a2-19ed5c03f8d3,genus,Pyrrhoderma,,,Imazeki,,1966.0,,Trans. Mycol. Soc. Japan 7: 4 (1966),,,,a4fd39f2-9bad-11eb-a8a2-19ed5c03f8d3,,,,,18436, 
1,9fa68d00-9bad-11eb-a8a2-19ed5c03f8d3,species,adamantinum,Pyrrhoderma,,(Berk.) Imazeki,Q662338,1966.0,,Trans. Mycol. Soc. Japan 7: 5 (1966),,,,4b56cf26-9bad-11eb-a8a2-19ed5c03f8d3,,,,,338116, 
2,14b4e6ec-9bad-11eb-a8a2-19ed5c03f8d3,species,andinopatagonicum,Pyrrhoderma,,J.E. Wright & J.R. Deschamps,,1972.0,,"Rev. Invest. Agrop. INTA V, Pat. Veg. 9 154 (1972)",,,,14b4e6ec-9bad-11eb-a8a2-19ed5c03f8d3,,,,,322178, 
3,3e20daae-9bad-11eb-a8a2-19ed5c03f8d3,species,andinopatagonicus,Pyrrhoderma,,J.E. Wright & J.R. Deschamps,,,,,,,,3e20daae-9bad-11eb-a8a2-19ed5c03f8d3,,,,,374388, Pyrrhoderma andinopatagonicum
4,737e4098-9bac-11eb-a8a2-19ed5c03f8d3,species,musashiense,Pyrrhoderma,,(Henn.) Imazeki,Q4497246,1955.0,invalid,Mycological Flora of Japan. Basidiomycetes 2(4): 389 (1955),,,,fb50a6dc-9bac-11eb-a8a2-19ed5c03f8d3,,,,,338117,"Nom. inval., Art. 43.1 "
5,e537a4ea-9bac-11eb-a8a2-19ed5c03f8d3,species,scaura,Pyrrhoderma,,(Lloyd) Ryvarden,"Q4264539,Q4567813",,,,,,,b1b39024-9bad-11eb-a8a2-19ed5c03f8d3,,,,,279526, Pyrrhoderma scaurum
6,adc98b12-9bad-11eb-a8a2-19ed5c03f8d3,species,scaurum,Pyrrhoderma,,(Lloyd) Ryvarden,"Q4264539,Q4567813",1990.0,,Mycotaxon 38: 97 (1990),,,,b1b39024-9bad-11eb-a8a2-19ed5c03f8d3,,,,,127479, scaura
7,3df56cb2-9bac-11eb-a8a2-19ed5c03f8d3,species,sendaiense,Pyrrhoderma,,(Yasuda) Imazeki,Q21019760,1966.0,invalid,Trans. Mycol. Soc. Japan (1966),,,,e3d25f00-9bac-11eb-a8a2-19ed5c03f8d3,,,,,441079,"Nom. inval., Art. 43.1 "
