,col0,col1,col2,col3,col4,col5,col6,col7,col8,col9,col10
0,990930,comment,990355.0,990870.0,0,0,throw_away,,,"the f & t commands are more useful if they are composed with action commands.  say, for example, I have used the method getNewObject, but then I realize that it's really supposed to be createObject.  If my cursor is on the g, I can say ctOcreate<esc> (change the text between the cursor up to the character before the next O to read ""create"").  outside of vim, I have to move my cursor over to the O, backspace out the ""getNew"" and then type ""create"".<p>a nine character difference (or three if you have a delete-character command) doesn't sound like much, but it adds up & also breaks you out of your flow a little bit.  I find myself doing refactorings other people wouldn't do, just because I know how to do them very quickly in vim, while others would be arrow-keying and back-spacing around forever.",1260579570
1,990929,story,,,2,0,r11t,"JRuby, Duby, and Surinx: Building a Better Ruby 	",http://www.infoq.com/presentations/nutter-jruby-duby-juby,,1260579552
2,990928,comment,990799.0,990799.0,0,0,bootload,,,"<i>""... What's amazing to me isn't that /. has carried on this long, but rather that the comment quality on here hasn't gone the way of most social new sites. ...""</i><p>I am surprised /. has survived. The place pretty much as it was back when it started in '97.<p><pre><code>    As our way of thanking you for your \n    positive contributions to Slashdot, \n    you are eligible to disable advertising\n</code></pre>\nThis is my first post [0] for a couple of years. But there was a time when I lived here. I remember when /. was sold & CmdrTaco said all he wanted to do was run it I'm sure I for one didn't believe he'd still be at it now. The sig/noise is still bad if you trawl below the +2 level. But at +5 it's readable. I think the combination of moderation, ability to filter comments (text, best comments at top), culture and relationships have helped shape the site into something still readable. HackerNews exhibits all of the same sorts of growing pains /. had to go through.<p>[0] <a href=""http://slashdot.org/comments.pl?sid=1475404&cid=30409194"" rel=""nofollow"">http://slashdot.org/comments.pl?sid=1475404&cid=30409194</a>",1260579547
3,990927,comment,989810.0,990527.0,0,0,yu,,,LINQ is nice and if it helps db4o which is GPL has Java and .NET languages support.,1260579542
4,990926,comment,990659.0,990659.0,0,0,andrewcooke,,,> <i>will recognize that functions in JScript are fundamentally the Lambda Calculus</i><p>i would have thought you could say that about functions in any language...,1260579363
5,990925,comment,990567.0,990567.0,0,0,timwiseman,,,"Perhaps someone with more knowledge of them can speak to this, but I know in some circles there is a belief that unions tend to commoditize their workers, practice if not in theory.<p>I do not know if that is true, but I do know that I absolutely do not want my services to be a commodity.  I work hard to try to get into the upper echelons of a highly differentiated field, and I would seek to either differentiate myself or change fields to a more differentiated one if it began to appear that my services could easily be commoditized.",1260579319
6,990924,comment,990323.0,990547.0,0,0,Legion,,,"Jamie Zawinski said to shut up, stop what you're doing and make a back-up. Jeff simply spread Jamie's message to a wider audience, rather than claiming it as his own.",1260579308
7,990923,comment,990920.0,990920.0,0,0,alanthonyc,,,"Pretty on point.<p>""There was this weird lump in my throat, this tightness in my chest. I had this vision of the future — a ruined empire, run by number crunchers, squalid and stupid and puffed up with phony patriotism, settling for a long slow decline.""",1260579121
8,990922,comment,990672.0,990826.0,0,0,madebylaw,,,"Not sure about the patents but your link says:<p><i>the Apple patent proposes interweaving photo sensors alongside each pixel projector</i><p>whereas the linked video shows photo sensors around the edge of the screen, which they claim is superior to photo sensors between pixels. A subtle difference, so not sure if Apple's patent applies.",1260579094
9,990920,story,,,19,5,alanthonyc,Fake Steve Rails at AT&T,http://www.fakesteve.net/2009/12/a-not-so-brief-chat-with-randall-stephenson-of-att.html?utm_source=feedburner&utm_medium=feed&utm_campaign=Feed%3A+TheSecretDiaryOfSteveJobs+%28The+Secret+Diary+of+Steve+Jobs%29&utm_content=Google+Reader,,1260579074
10,990919,comment,990091.0,990820.0,0,0,anamax,,,"> If deliberate, humorous exaggeration in argument is wrong, I'm in some great company! e.g. Mark Twain, Oscar Wilde, yaddayadda.<p>Are you trying to do what they did?  If not....",1260579012
11,990918,comment,990323.0,990443.0,0,0,whatusername,,,No it's not.<p>It should be.  It might even be in some of the plans.  But most of the time it doesn't happen.,1260579010
12,990915,story,,,2,1,wturner,AskHn:Why hasn't a text-to-mediawiki converter been created?,,"I'm wondering if there is some deep technical reason why a text-to-mediawiki markup converter hasn't been created...yet.<p>Or a conversion extension that sits ""inside"" mediawiki so to speak and lets users type using a WYSIWYG window and then does the conversion after the user hits submit.<p>I was watching a video at the singularity university website and the the person giving the talk challenged anyone to create this in passing.<p>I know there is a mediawiki ""usability"" initiative but the editor is still a stretch away from people using microsoft word or other similar programs they are accustomed to",1260578855
13,990914,comment,990253.0,990321.0,0,0,kylemathews,,,"I used QueryPath for a recent project and really liked it. Its selectors are almost identical to jQuery's so the learning curve was shallow. Two thing QueryPath does that this library doesn't seem to is work w/ XML and allow for chainable method calls. See this IBM Developer Work's article <a href=""http://www.ibm.com/developerworks/opensource/library/os-php-querypath/"" rel=""nofollow"">http://www.ibm.com/developerworks/opensource/library/os-php-...</a>",1260578848
14,990913,comment,990698.0,990698.0,0,0,anamax,,,"This is a problem with the twitter api, which makes it easy to use twitter screen names, which are not permanent, and not twitter user ids, which are permanent.",1260578801
15,990912,comment,990698.0,990856.0,0,0,mahmud,,,"No need to scrape: <a href=""http://twitter.com/<USERNAME>?format=json"" rel=""nofollow"">http://twitter.com/<USERNAME>?format=json</a>",1260578785
16,990911,comment,990799.0,990799.0,0,0,chriseppstein,,,"I'm always a bit surprised whenever I hear that /. is still running. I'm sure they're still a very successful site, but it's been like, forever. Aren't they bored?",1260578765
17,990909,comment,990567.0,990790.0,0,0,anamax,,,"> Not all unions are like that.<p>How about 3 examples that are more than 30 years old.  (Unions tend to last as long as the host, which is a problem for the UAW.)",1260578693
18,990908,comment,990323.0,990411.0,0,0,Legion,,,s3sync is great. I'm using it for automated backups for a number of work projects. Thank you for writing it and sharing it.,1260578690
19,990907,comment,990799.0,990799.0,0,0,philwelch,,,"Interesting comment:<p>What's amazing to me isn't that /. has carried on this long, but rather that the comment quality on here hasn't gone the way of most social new sites. It seems that in general as a social news site ages, matures, and grows, the comment quality follows an inverse pattern. Or more simply, as the number of users approaches infinity, the comment quality approaches 4chan. Digg used to be a decent site for discussion; now you'd be laughed at for even suggesting that the comments might be notable. Reddit is quickly getting there. Slashdot though seems to best this pattern. While I'm well aware that someone will reply to this with ""In soviet russia 4chan approaches you!"" or something similar in a successful attempt to disprove my point, but I think it still holds true in some respect. Kudos slashdot, keep it up. You keep trying to make UI (un)improvements and we'll still be here to comment without RTFA - and we'll both be thankful for it.<p><a href=""http://meta.slashdot.org/comments.pl?sid=1475404&cid=30408166"" rel=""nofollow"">http://meta.slashdot.org/comments.pl?sid=1475404&cid=304...</a>",1260578686
20,990906,comment,986991.0,987367.0,0,0,grinich,,,What about a short movie vs. screenshots?,1260578683
21,990905,comment,990799.0,990892.0,0,0,dpcan,,,"This week Digg posted that they've had over 14 Million stories posted to their site after only 5 years.<p>Slashdot is probably talking about front-page stories and not submissions, but, if we consider the editorial process, 100,000 is definitely high.<p>P.S. One of my most exciting geek-memories as a younger man was having one of my submissions hit the front-page of Slashdot.",1260578643
22,990904,comment,990799.0,990799.0,0,0,JCThoughtscream,,,"My first response to seeing this over HN's twitter feed was ""what, only?""",1260578642
23,990903,comment,990507.0,990507.0,0,0,wglb,,,"Old saying is ""If it ain't tested, is is broken.""\nOld corollary: ""If it is tested, it might still be broken.""\nAnd: ""If it is a backup, it might still be broken.""<p>Seems like a good idea to occasionally spend the time and totally fill a sparkley clean image with your backups and see how well it fares.<p>My sympathies.",1260578503
24,990902,comment,990630.0,990630.0,0,0,dhouston,,,"believe it or not, this was intentional and an homage to slashdot (the concept of having low IDs that are publicly viewable), however obscure<p>the public link feature was actually a proof of concept and never intended to stick around :)<p>but anyway, having this information doesn't let you do anything but get a rough count of our users, so saying it's a security issue is a stretch. there are no public-facing forms or inputs that take these values as input",1260578424
25,990901,comment,990355.0,990870.0,0,0,aaronblohowiak,,,This is why i just do / or ?,1260578423
26,990900,comment,990693.0,990693.0,0,0,bcx,,,"Just for fun, you might want to drop Olark (<a href=""http://olark.com"" rel=""nofollow"">http://olark.com</a>) on your website, so when you do get useful traffic you'll have an opportunity to help sell to them -- it's worked out pretty well for us.  (shameless plug)",1260578399
27,990899,comment,990567.0,990790.0,0,0,run4yourlives,,,>Some people are afraid to say something about a contract because they're afraid they won't be hired or they're afraid they'll get fired if they're an employee.<p>This is not a problem I have.<p>Is there way a union will specifically benefit me?,1260578299
28,990898,comment,990323.0,990377.0,0,0,jacquesm,,,"I feel for the guy too, but it really isn't the first time in the last couple of months that some service provider fails at their #1 stated goal: to keep your data safe.<p>And it isn't just the small ones either.<p>For the love of - insert your favorite deity here - please <i>try</i> to restore your backups, and try to do so on a regular basis. If not all you might have is the illusion of a backup.<p>It is a very easy trap to fall in to, and I really am happy this guy writes about it because it seems there are still people that feel that if their data is in the hands of third parties that it is safe.<p>That goes for your stuff on flickr, but it also goes for your google mail account and all those other 'safe' ways to store your data online. In the end you have to ask who suffers the biggest loss if your data goes to the great big back-up drive in the sky, the service provider or you. If the answer is 'you' then go and make that extra backup.",1260578294
29,990897,comment,990630.0,990855.0,0,0,wglb,,,And it is a very badly written article.,1260578254
30,990896,comment,989564.0,989892.0,0,0,anamax,,,"> MDs and politicians should absolutely be doing cost-benefit tradeoffs.<p>No, they shouldn't.  If I'd rather spend my money on hookers and booze, that's my decision to make.  If I'd rather spend all my money on health care so I've got a chance to see my first grandchild, that's also my decision to make.<p>I expect MDs to be experts on health benefits (""your knee won't be stiff in the morning"") and health costs (like ""you'll limp if you let this slid"").  I expect someone associated to have a handle on how much money is involved.<p>However, that's not enough information to make a health care decision.  Someone has to decide the relative value of those things, to decide if the costs are worth the benefits.<p>I am the expert in deciding how much these things matter to me.  Booze vs grandchild is my call for me.  It's your call for you.  It's okay that we make different decisions.<p>If you think that I'm not ""the expert"" wrt those things for me, who is?<p>Or, do you think that those decisions shouldn't be made wrt my values for me?  I'll be happy to make them for you if you want, but I don't want you making them for me.<p>> Expecting everyone to be able to exhibit the judgment of a professional in every field is so wildly implausible that I've obviously mistaken your meaning.<p>Either I was unclear or you don't understand what experts are experts at.<p>> Politicians should be required to be experts.<p>It's easier to require them to be unicorns.<p>As a general rule, you don't get to assume unobtanium even if that's the only way to make your preferred approach work.  Any approach that requires unobtanium is, by definition, wrong, no matter how many ponies that you think that we'd get if it worked.",1260578245
31,990895,comment,990685.0,990685.0,0,0,mahmud,,,"You can get-by with just read-only C skills. Invest your time learning the ins and outs of python and its performance characteristics.<p>It's also inevitable that you will have to learn systems programming; POSIX or Win32 API most likely, for Unix and Windows respectively. But not for another year or so.<p>Have fun.",1260578237
32,990894,comment,990022.0,990022.0,0,0,rlpb,,,It looks almost exactly what rsync.net provides. They're established. Why aren't you telling me why your service is better than theirs?<p>Your prices do appear to be cheaper but as you've said with a much larger minimum quantity. Is cost the only significant differentiating factor?,1260578236
33,990893,comment,990567.0,990567.0,0,0,iigs,,,"<i>Blain is president of WashTech, a Seattle affiliate of the Communications Workers of America.</i><p>A link to the opposing viewpoint is cited at the end of the article.<p>Personally, I prefer to retain all of my bargaining control, rather than delegating it to another entity.<p>Furthermore, I do not understand the ""us-vs-them"" attitude that is pervasive in the pro-union mentality. I have stock in my company: I <i>am</i> them.",1260578194
34,990892,comment,990799.0,990799.0,0,0,Hates_,,,"Wow. For some reason it feels like such a ""low"" number. After so many years of browsing /. it feels like there has been so much stuff posted that the number should be so much higher.",1260578186
35,990891,comment,990355.0,990870.0,0,0,basman,,,"The repeat commands are your friend: Fh without looking, followed by ; and , if you don't end up in the right place the first time.",1260578112
36,990890,comment,984382.0,984382.0,0,0,sgbrix,,,"Using Firefox 3.5.5 no fixes yet 12/11 for TB & Lightning. What a doozy! Remember satellite to mars, feet & meters? Here is one right on earth.",1260578081
37,990889,comment,990323.0,990377.0,0,0,mgorsuch,,,I'm with ya.  This sort of thing can sneak up on you.,1260578060
38,990888,comment,990799.0,990799.0,0,0,apowell,,,"I remember being Slashdotted in 1999.  It was a brutal onslaught of traffic.  Fortunately, more sites seem equipped to handle that sort of traffic today. (<a href=""http://slashdot.org/story/99/12/04/158227"" rel=""nofollow"">http://slashdot.org/story/99/12/04/158227</a>, if you're curious.)",1260578006
39,990887,story,,,2,0,mcantelon,Graphing transit routes with Git and Graphviz,http://gugod.org/2009/12/git-graphing.html,,1260578002
40,990886,comment,990567.0,990567.0,0,0,wheaties,,,Unions are great when they are needed.  The problem with unions is that once they are not needed anymore they don't go away.,1260577976
41,990885,comment,990685.0,990685.0,0,0,gills,,,"You can learn the ins and outs of network programming in pretty much any language.  When you find yourself needing the level of control or speed which C offers, or compatibility with some platform, then go there.",1260577962
42,990884,story,,,7,0,vishaldpatel,Let us buy you a beer (or three) (iPhone developers in the Bay Area),,"My friend and I have been working on a new way to better monetize ad-supported / free / next-to-free apps, and would love to talk to fellow iPhone developers on how they'd use our API.<p>We're also approaching that stage where we'd like to pilot the API and would love to get a handful of developers in the loop for this.<p>If you've released iPhone apps and are in the Bay Area and can make it to San Francisco / Berkeley, then we'd love to buy you a beer! =)<p>Thanks.\nYou can email us at: developers@mobilefolk.com",1260577915
43,990883,comment,990355.0,990870.0,0,0,dhimes,,,"I find that having to concentrate on that actually refocuses me.  Sometimes my mind needs a rest and I do it the lazy way, but by-and-large it is an excellent habit.",1260577860
44,990882,comment,989734.0,989919.0,0,0,wglb,,,"Actually it is easy to define: <a href=""http://dictionary.reference.com/browse/obsolete"" rel=""nofollow"">http://dictionary.reference.com/browse/obsolete</a><p>The term is misused in conversations that talk about fashion.  I like the 100 year rule mentioned there.  My hp200lx still has a way to go.",1260577854
45,990881,comment,990185.0,990800.0,0,0,microtherion,,,"I also like this one about printers:<p><a href=""http://it.toolbox.com/blogs/irm-blog/bryces-pet-peeve-computer-printers-11242009-35499"" rel=""nofollow"">http://it.toolbox.com/blogs/irm-blog/bryces-pet-peeve-comput...</a><p>where he talks about ""today's consumer dot-matrix printers"".",1260577758
46,990880,comment,990355.0,990355.0,0,0,dylanz,,,"<a href=""http://github.com/c9s/Vimana"" rel=""nofollow"">http://github.com/c9s/Vimana</a> referenced in there looks pretty neat.  Installing Vim plugins the normal way is indeed a un-fun process.",1260577743
47,990879,comment,990874.0,990874.0,0,0,mahmud,,,"Seems like a lot of people don't know about this nice service. It's my default search engine in the Firefox search bar:<p><a href=""http://www.scroogle.org/cgi-bin/scraper.htm"" rel=""nofollow"">http://www.scroogle.org/cgi-bin/scraper.htm</a>",1260577688
48,990878,comment,990136.0,990136.0,0,0,ez77,,,Firefox has a 47.4% marketshare as of August 2009??? Does anybody know what sources were used? It would be nice to see the same graph but this time with real data...,1260577660
49,990877,comment,990355.0,990870.0,0,0,dylanz,,,"Yeah, I actually do that.  If I see it's an ""h"" that I need to go back to, I'll do the ""Fh"".  Sometimes it takes me more than one jump to go back though (if any other ""h"" are in the way).",1260577615
50,990876,comment,990185.0,990185.0,0,0,rw140,,,"I am tempted to make the blanket statement: ""Don't let non-technical managers manage technical people.""<p>That would be unfair to all the good non-technical managers out there (I believe this is harder, but still possible).  How about ""Don't let managers who cannot establish a rapport with technical people manage technical people""?",1260577597
51,990875,comment,990799.0,990799.0,0,0,dasht,,,"We'll see if this is later confirmed but, I think it pretty funny that (as of this writing) Slashdot appears to be, well, Shashdotted over this post.   (Disclaimer: Obviously it won't be quite so funny if it turns out to be a malicious DoS attack or some quite unrelated glitch.)",1260577588
52,990874,story,,,42,22,mahmud,Scroogle: Google Anonymously,http://scroogle.org/,,1260577475
53,990873,comment,990698.0,990698.0,0,0,ivankirigin,,,"I don't understand what is wrong with editing the application settings:\n<a href=""http://www.facebook.com/editapps.php"" rel=""nofollow"">http://www.facebook.com/editapps.php</a><p>What magic did you expect to happen to make this right? Should twitter's facebook app have disabled itself? I think that is correct behavior for deactivating an account.<p>On a similar note, you could control the apps on twitter with this tool:\n<a href=""http://twitter.com/account/connections"" rel=""nofollow"">http://twitter.com/account/connections</a>\n[unless you've given out your password, then you need to change it]",1260577457
54,990872,story,,,1,0,MikeCapone,Global Aging: The Real Challenge of Our Times,http://colinfarrelly.blogspot.com/,,1260577453
55,990871,comment,990698.0,990698.0,0,0,pmjordan,,,"I suspect the facebook app just subscribes to a bunch of giant search feeds for all users and then dishes out any new messages. There's no authentication involved in twitter searches so neither Facebook, nor the author of the FB app, nor Twitter are to blame: you are. You should have deleted the app when you deleted your twitter account.",1260577441
56,990870,comment,990355.0,990355.0,0,0,pyre,,,"I always hate it when people say to use something like ""Fh"" to jump to the beginning of a section that starts with an 'h'. How much time will I waste thinking about whether or not there is or isn't another letter 'h' somewhere between the cursor and where I want to go? It's easy to construct examples like this <i>after</i> the fact, but it's not going to take me <1 sec to process the entire line for ""are there any h's?""<p>Or am I in the minority here? Do people really think/code that way on a normal basis?",1260577372
57,990869,comment,990689.0,990769.0,0,0,jacquesm,,,"The really scary thing is that it would probably sell like hotcakes. After all, plenty of people seem to use twitter to show the world what they're thinking (and that seems to be for the most part complete rubbish).<p>As the cost of a bit goes down the signal-to-noise ratio seems to get worse. Broadcasting everyones spoken words is definitely in our future somewhere if the current trends continue.",1260577339
58,990868,comment,990355.0,990783.0,0,0,drhodes,,,"this is the image on slide 52, provided for your convenience :)<p><a href=""http://www.terminally-incoherent.com/blog/wp-content/uploads/2006/08/curves.jpg"" rel=""nofollow"">http://www.terminally-incoherent.com/blog/wp-content/uploads...</a>",1260577255
59,990867,comment,990091.0,990148.0,0,0,thesethings,,,"Hmmm. I didn't interpret the article as stereotyping, but rather a writing style I think of as ""Making room for skepticism.""  Basically sympathizing with the (stereotype) profile/skepticism/opposition the writer anticipates before putting a forth an idea.<p>I read this style all the time, and take it for what it is: a construct that makes things <i>easier</i> to digest, even when neither the argument, nor counterargument, apply to me.<p>Again, I usually find it helpful/intellectual lubricant, and did in this case.<p>That said, I can't deny your experience.  If you felt friction, there must be something to reconsider in this style of presentation.  Thanks potatolicious for taking the time to describe how it make you feel.  I will consider your ideas the next time I have to present slightly counter-intuitive things to folks. (I often present really technical things to business people who are handicapped not by their lack of technical skill, but extremely conservative approach to risk.)<p>And thanks as well to ahoyhere, who posted the article. Good stuff.",1260577244
60,990866,story,,,1,0,mjfern,Study: More Than 50 Android Phones to Ship in 2010,http://www.pcworld.com/article/184455/,,1260577197
61,990865,comment,990323.0,990323.0,0,0,trs81,,,"he's back: <a href=""http://twitter.com/codinghorror/statuses/6581734847"" rel=""nofollow"">http://twitter.com/codinghorror/statuses/6581734847</a>",1260577189
62,990864,comment,990091.0,990334.0,0,0,ahoyhere,,,"It really isn't a relevant question. Anyone who self-identifies as a geek has skin in the game when it comes to my article because it's so much more about (self-limiting) self-image than <i>my</i> conception of what a geek\nis.<p>Hint: if it pissed you off, it hit a nerve.",1260577173
63,990863,story,,,1,0,jacquesm,Apple fires back at Nokia in patents battle,http://www.reuters.com/article/idUSTRE5BA2DO20091211?type=technologyNews,,1260577173
64,990862,comment,990698.0,990698.0,0,0,steveklabnik,,,"I switched twitter names a while back, and even if I un and re install the app, it still won't update my facebook status.<p>I pretty much just gave up.",1260577167
65,990861,story,,,1,0,bootload,T-63: Studying the interaction between the magnetic field of Saturn & Titan,http://saturn.jpl.nasa.gov/mission/flybys/titan20091212/,,1260577085
66,990860,comment,990689.0,990796.0,0,0,randallsquared,,,"I'd be interested in using it, but I'm a terrible predictor of what other people will find interesting.",1260577014
67,990859,comment,990091.0,990200.0,0,0,ahoyhere,,,"I'm ny particularly pleased to burst your bubble, but this spirit is alive and well even here on HN. I know it's more fun to think of this as a bastion of rationality and reason, but it's not. Mote importantly, holding rationality and ""facts"" above all else is another source of different but related problems.<p>Not involving elephants.<p>Remember, the more sure you are of\nsomething, the more you are likely to be blinded to its flaws.",1260577012
68,990857,story,,,4,0,Vonunov,Gentoo Linux shell server,http://anapnea.net/,,1260576938
69,990856,comment,990698.0,990698.0,0,0,mcav,,,"Twitter can't fix this, unless the FB application is <i>only</i> using Twitter's authentication system to ensure it's properly linked.<p>Facebook twitter apps can just scrape twitter for your most recent status update -- if that's the case, they don't even need your twitter password to get updates.<p>(I don't know how that twitter->facebook app works, but given your situation, that's what I'd guess. So there isn't anything Twitter could do to stop it.)",1260576897
70,990855,comment,990630.0,990630.0,0,0,tptacek,,,"Uh, what?<p>Unless this reveals actual information about the valid account, this a sev:informational finding on any professional assessment. In other words: you probably wouldn't even list it as a vulnerability.<p>I'm not sure I've <i>ever</i> seen an application that didn't have an account ID distinguisher somewhere in it. All you need is a place that generates ""Permission denied"" instead of ""Not found"".<p>Publicly calling out Dropbox for something that has extremely minimal real-world impact is bad form. Dropbox might care that there's a method to count accounts (I doubt it, since most of those accounts are free, so you can't work them back to financials), but it's not a matter of Internet safety and hygiene.",1260576866
71,990854,comment,990567.0,990567.0,0,0,nym,,,Local 1337 demands more red bull and pizza.,1260576786
72,990853,comment,989539.0,989777.0,0,0,yu,,,"Great points.  Earlier today I read an AP story before seeing this (now COB Friday).  While I have not gone through the posts at TC, the AP story appeared to have checked/ covered/ summarized both sides <a href=""http://news.ycombinator.com/item?id=990515"" rel=""nofollow"">http://news.ycombinator.com/item?id=990515</a><p>Interesting Arrington said neither has rights to the product.  Just pointing out from an independent AP source instead of TC.",1260576760
73,990852,comment,989539.0,989882.0,0,0,cma,,,"It isn't likely that he didn't think to make a contract.  More like he wanted better terms and thought he could jerk them around, and they thought the same thing.  In the end they both win a dead product.",1260576737
74,990851,comment,990689.0,990834.0,0,0,randallsquared,,,"The article covers this: you register one of your cards, and use that for public purchases.  They plan to provide a sticker for that card to make it more obvious.",1260576715
75,990850,comment,990602.0,990602.0,0,0,anigbrowl,,,"Quite interesting. Both Rathakrishnan's remarks and TC's suit suggest the falling-out was over who would have majority control of the venture.<p>Incidentally, Engagdet has been all over this particular story...does someone there have history with TechCrunch? They seem to be very much on the side of Fusion Garage, for some reason.",1260576696
76,990849,comment,990689.0,990793.0,0,0,randallsquared,,,"<i>It will all end in tears.</i><p>It will middle in tears, anyway.",1260576641
77,990848,story,,,2,0,CaptainMorgan,Formula to Detect an Author’s Literary ‘fingerprint’,http://www.sciencedaily.com/releases/2009/12/091209194437.htm?utm_source=feedburner&utm_medium=feed&utm_campaign=Feed%3A+sciencedaily+(ScienceDaily%3A+Latest+Science+News),,1260576623
78,990847,story,,,8,1,edw519,Facebook’s Zuckerberg Becomes Poster Child for New Privacy Settings,http://www.wired.com/epicenter/2009/12/zuckerberg-facebook-privacy/?utm_source=feedburner&utm_medium=feed&utm_campaign=Feed%3A+wired%2Findex+(Wired%3A+Index+3+(Top+Stories+2))&utm_content=My+Yahoo,,1260576581
79,990846,comment,990222.0,990222.0,0,0,bradgessler,,,Does anybody else think its wrong how he blames his loss of $2mm on his website falling on Google's rankings?<p>Umm... maybe he lost $2mm from all the crap he bought!,1260576555
80,990845,comment,990628.0,990628.0,0,0,csmajorfive,,,"Very cool. This class consistently produces great projects. You can see all the projects since 2006 here: <a href=""http://instruct1.cit.cornell.edu/Courses/ece576/FinalProjects/"" rel=""nofollow"">http://instruct1.cit.cornell.edu/Courses/ece576/FinalProject...</a>",1260576550
81,990844,comment,990222.0,990353.0,0,0,covercash,,,"transcript is wrong, he says $75,000 in the actual interview.",1260576534
82,990843,comment,990698.0,990698.0,0,0,pierrefar,,,Did you contact Twitter? If yes what did they say?,1260576491
83,990842,story,,,1,0,spacecowboy,Ask HN: How does your group celebrate success?,,"My group at work recently brought up the point that we don't celebrate success.  We get so caught up in schedules, putting out fires and working to meet the next milestone that we don't stop to celebrate any of our successes.  We could blame senior management for not setting the right atmosphere but we also determined that ""we"" should be able to celebrate success on our own.  How DO YOU celebrate success within your own groups?  Any feedback, recommendations or other ideas are welcomed.  Thanks in advance.",1260576437
84,990841,story,,,27,16,cwan,"Buy Local, Act Evil",http://www.slate.com/id/2237674/,,1260576403
85,990840,comment,990689.0,990728.0,0,0,jerf,,,"This is one of the classic ways people hook you into giving up your privacy, by talking about only the benefits and not talking about the costs.<p>I don't deny that amongst the buried millions of transactions this system will most assuredly generate, some minute fraction may actually benefit somebody by showing Comcast shenanigans or something. But... at what cost?<p>Sure, consumers might get some small amount of ""empowerment"", and all it took was handing large amounts of empowerment over to Blippy and whatever ""affiliates"" they sign with next month. Wow, what a <i>deal!</i>",1260576401
86,990839,comment,989539.0,989659.0,0,0,hristov,,,"Yes oral contracts can be enforceable, but (i) there are limits to the types of oral contracts that are enforceable (see statute of frauds) and (ii) even for an oral contract the parties have to show that both sides clearly intended to be bound by a contract (there are some exceptions to this, but they do not apply here).<p>From what I read it seems that neither party treated the relationship as if they are bound by a contract. On the contrary it seemed like they proceeded under the assumption that they will negotiate some type of a deal in the future, but currently did not want to bind themselves.<p>None of this is legal advice, etc.",1260576323
87,990837,comment,988520.0,988724.0,0,0,antipimp,,,"blah blah blah. If you are waiting on that, you'll be waiting a long time.  Dude..I've done this for too long to even attempt to come to a forum like this and do sh*t like that.  I'm just offering an honest view from the other side of the table.  Honestly..I don't like recruiters either.  Which is why I started my site.  Have a great weekend.",1260576209
88,990836,story,,,1,0,cwan,Restaurant of the future?,http://online.wsj.com/article/SB10001424052748703558004574582381819140954.html,,1260576201
89,990835,comment,990222.0,990222.0,0,0,thechangelog,,,"I think this says it all:<p>""Interviewee: Yes, that was actually an .htaccess thing I forgot to do. You can do a redirect - there's a few types of redirects you can do, there's like 301s, 401s, and there's one, there's a redirect that you can do in the .htaccess file that says, ""Hey, this page is gone - not missing, it's over here."" And we didn't do that, and I didn't figure that out until a month later when it was too late, when the old design, when the old site was already gone.""",1260576159
90,990834,comment,990689.0,990689.0,0,0,evdawg,,,"I find it completely and utterly mind boggling that anyone would find this useful. Spending habits are private: tracking your OWN is useful. But sharing everything publicly? It's insane. Guaranteed you are going to be embarrassed after you reveal your $200 purchase at the Love Shack or once your friends realize you eat at McDonalds 3 times a week. What happens people start tracking down gifts or you blow the surprise on your engagement ring?<p>People want to share <i>some</i> of the things they buy to show off, but no one wants to share <i>everything</i> they buy. From the mundane to the inane to the embarrassing, it's a wide window into your private life that very few would feel comfortable opening.",1260576154
91,990833,story,,,1,0,oinopion,Brandt’s Law of NDAs,http://www.andybrandt.net/546/brandts-law-of-ndas,,1260576104
92,990832,comment,990587.0,990810.0,0,0,scott_s,,,My colleagues - researchers - that are not here on student visas are here on H1-B visas. Those that are on student visas will eventually need H1-B visas after they graduate. I take their objections to be anti-foreign worker.,1260576080
