,col0,col1,col2,col3,col4,col5,col6,col7
0,access_crm_claim_manager,crm.claim.manager,model_crm_claim,base.group_sale_manager,1,1,1,1
1,access_crm_claim_user,crm.claim.user,model_crm_claim,base.group_sale_salesman,1,1,1,0
2,access_crm_claim_stage_user,crm.claim.stage.user,model_crm_claim_stage,base.group_sale_salesman,1,1,1,1
3,access_crm_claim_report_manager,crm.claim.report.manager,model_crm_claim_report,base.group_sale_manager,1,1,1,1
4,access_crm_claim_partner_manager,crm.claim.partner.manager,model_crm_claim,base.group_partner_manager,1,0,0,0
