,col0,col1,col2,col3,col4,col5,col6,col7,col8,col9,col10,col11,col12,col13,col14,col15,col16,col17,col18,col19
0,eabf7870-8fd1-11eb-924d-9cd76263cbd0,genus,Stenandriopsis,,,S.Moore,Q2975984,1906,,"J. Bot. 44: 153, t. 478B. 1906.",,,,,,,wfo-4000036457,7263523,,
1,b0be2eb8-8fcd-11eb-924d-9cd76263cbd0,species,afromontana,Stenandriopsis,,(Mildbr.) Benoist,"Q470035,Q4083881",1943,,"Bull. Mus. Natl. Hist. Nat., sér. 2 15: 236 1943",,,,,,55380-1,wfo-0001045309,3772570,,
2,b0537168-8fcd-11eb-924d-9cd76263cbd0,species,amoena,Stenandriopsis,,Benoist,Q4083881,1943,,"Bull. Mus. Natl. Hist. Nat., sér. 2 15: 233–234 1943",,,,,,55381-1,wfo-0001044444,3772562,,
3,b0538af4-8fcd-11eb-924d-9cd76263cbd0,variety,catatii,Stenandriopsis,amoena,Benoist,Q4083881,1943,,"Bull. Mus. Natl. Hist. Nat., sér. 2 15: 234 1943",,,,,,,wfo-0001044445,7512585,,
4,b0be689c-8fcd-11eb-924d-9cd76263cbd0,species,boivinii,Stenandriopsis,,(S.Moore) Benoist,"Q2975984,Q4083881",1943,,"Bull. Mus. Natl. Hist. Nat., sér. 2 15: 235 1943",,,,d678f5e4-8fcc-11eb-924d-9cd76263cbd0,,55382-1,wfo-0001045311,3772555,,
5,b0bda7b8-8fcd-11eb-924d-9cd76263cbd0,species,buntingii,Stenandriopsis,,(S.Moore) Heine,"Q2975984,Q625668",1966,,Fl. Gabon no. 13. Acanthaceae: 99 1966,,,,,,55383-1,wfo-0001045304,3772547,,
6,b0544f48-8fcd-11eb-924d-9cd76263cbd0,species,carduacea,Stenandriopsis,,Benoist,Q4083881,1939,,Notul. Syst. (Paris) 8: 151–152 1939,,,,,,55384-1,wfo-0001044452,3772538,,
7,620fbc6a-8fcc-11eb-924d-9cd76263cbd0,species,gabonica,Stenandriopsis,,(Benoist) Heine,"Q4083881,Q625668",1966,,in Fl. Gabon 13: 101 1966,,,,d67c8a1a-8fcc-11eb-924d-9cd76263cbd0,,55385-1,wfo-0000433908,3772530,,
8,620ff4e6-8fcc-11eb-924d-9cd76263cbd0,species,guineensis,Stenandriopsis,,(Nees) Benoist,"Q76349,Q4083881",1943,,"Bull. Mus. Natl. Hist. Nat. II, 15: 235 1943",,,,d67d0a6c-8fcc-11eb-924d-9cd76263cbd0,,55386-1,wfo-0000433909,3772521,,
9,b0541686-8fcd-11eb-924d-9cd76263cbd0,species,humilis,Stenandriopsis,,Benoist,Q4083881,1939,,Notul. Syst. (Paris) 8: 152 1939,,,,,,55387-1,wfo-0001044450,3772512,,
10,b0543346-8fcd-11eb-924d-9cd76263cbd0,variety,keraudrenae,Stenandriopsis,humilis,(Benoist) Benoist,Q4083881,1967,,Fl. Madagasc. 182: 214 1967,,,,b0beeeca-8fcd-11eb-924d-9cd76263cbd0,,,wfo-0001044451,8419957,,
11,b0beeeca-8fcd-11eb-924d-9cd76263cbd0,species,keraudrenae,Stenandriopsis,,Benoist,Q4083881,1963,,Bull. Soc. Bot. France 110: 399 1963,,,,,,,wfo-0001045316,3772503,,
12,b053c398-8fcd-11eb-924d-9cd76263cbd0,species,leptostachys,Stenandriopsis,,Benoist,Q4083881,1939,,Notul. Syst. (Paris) 8: 152–153 1939,,,,,,55389-1,wfo-0001044447,3772493,,
13,b058aa5c-8fcd-11eb-924d-9cd76263cbd0,variety,longifolia,Stenandriopsis,leptostachys,Benoist,Q4083881,1939,,Notul. Syst. (Paris) 8: 153 1939,,,,,,,wfo-0001044493,8173461,,
14,b053a7be-8fcd-11eb-924d-9cd76263cbd0,species,perrieri,Stenandriopsis,,Benoist,Q4083881,1943,,"Bull. Mus. Natl. Hist. Nat., sér. 2 15: 234 1943",,,,,,55390-1,wfo-0001044446,3772483,,
15,b058c438-8fcd-11eb-924d-9cd76263cbd0,species,subdentata,Stenandriopsis,,Benoist,Q4083881,1943,,"Bull. Mus. Natl. Hist. Nat., sér. 2 15: 233 1943",,,,,,55391-1,wfo-0001044494,3772473,,
16,b08a5cdc-8fcd-11eb-924d-9cd76263cbd0,species,talbotii,Stenandriopsis,,(S.Moore) Heine,"Q2975984,Q625668",1966,,"Fl. Gabon no. 13. Acanthaceae: 105, t. 21, 14–21 1966",,,,,,55392-1,wfo-0001044854,3772464,,
17,621170fa-8fcc-11eb-924d-9cd76263cbd0,species,thomensis,Stenandriopsis,,(Milne-Redh.) Heine,"Q5817751,Q625668",1966,,in Fl. Gabon 13: 99 1966,,,,d687a062-8fcc-11eb-924d-9cd76263cbd0,,55393-1,wfo-0000433912,3772452,,
18,b053dd6a-8fcd-11eb-924d-9cd76263cbd0,species,thompsonii,Stenandriopsis,,S.Moore,Q2975984,1906,,"J. Bot. 44: 154, t. 478B 1906",,,,,,55394-1,wfo-0001044448,3772445,,
19,b053f96c-8fcd-11eb-924d-9cd76263cbd0,variety,subdentata,Stenandriopsis,thompsonii,(Benoist) Benoist,Q4083881,1967,,Fl. Madagasc. 182: 212 1967,,,,b058c438-8fcd-11eb-924d-9cd76263cbd0,,,wfo-0001044449,7558758,,
20,b0bdfb82-8fcd-11eb-924d-9cd76263cbd0,species,warneckei,Stenandriopsis,,(S.Moore) Napper,"Q2975984,Q5805157",1970,,Kew Bull. 24: 342 1970,,Q55778394,,d688d5c2-8fcc-11eb-924d-9cd76263cbd0,,55395-1,wfo-0001045307,3772433,,
