,col0,col1,col2,col3,col4,col5
0,"Montoriol R., Guilbeau-Frugier C., Payre B., Telmon N., Savall F.",57194399704;15058952700;6506777685;7005327959;55573987300;,2019,Revue de Medecine Legale,https://www.scopus.com/inward/record.uri?eid=2-s2.0-85063030497&doi=10.1016%2fj.medleg.2019.02.003&partnerID=40&md5=61f3e5ec35cae3e3f224aac7adc6bda2,2-s2.0-85063030497
1,"Manganelli M., Weyermann C., Gassner A.-L.",57203804710;23978745200;24764836500;,2019,Forensic Science International,https://www.scopus.com/inward/record.uri?eid=2-s2.0-85062731246&doi=10.1016%2fj.forsciint.2019.02.050&partnerID=40&md5=a8e25482c42f307e44f4d7ccdfc19313,2-s2.0-85062731246
2,"Seyfang K.E., Lucas N., Redman K.E., Popelka-Filcoff R.S., Kobus H.J., Kirkbride K.P.",56957040600;57169935900;56956687500;15521468200;7003432475;56337473100;,2019,Forensic Science International,https://www.scopus.com/inward/record.uri?eid=2-s2.0-85063334942&doi=10.1016%2fj.forsciint.2019.03.010&partnerID=40&md5=4824d9f8dcf99f7f0898bacfd5fb33ef,2-s2.0-85063334942
3,"Lucas N., Cook M., Kirkbride K.P., Kobus H.",57169935900;57169595000;56337473100;7003432475;,2019,Forensic Science International,https://www.scopus.com/inward/record.uri?eid=2-s2.0-85062442610&doi=10.1016%2fj.forsciint.2019.02.017&partnerID=40&md5=cd3c741f024b1351b23aae48f6eb23a6,2-s2.0-85062442610
4,"Mistek E., Fikiet M.A., Khandasammy S.R., Lednev I.K.",56730868900;57200879408;57200881474;7004549899;,2019,Analytical Chemistry,https://www.scopus.com/inward/record.uri?eid=2-s2.0-85058070129&doi=10.1021%2facs.analchem.8b04704&partnerID=40&md5=0a5b18ba0f6eed40f911fa3dc212a4aa,2-s2.0-85058070129
5,"Blakey L.S., Sharples G.P., Chana K., Birkett J.W.",57200181669;7003677879;35809803800;7004014784;,2018,Journal of Forensic Sciences,https://www.scopus.com/inward/record.uri?eid=2-s2.0-85040036495&doi=10.1111%2f1556-4029.13555&partnerID=40&md5=f0697b59d8b30b4a357ed5c727f2ecac,2-s2.0-85040036495
6,"Tucker W., Lucas N., Seyfang K.E., Kirkbride K.P., Popelka-Filcoff R.S.",57192181789;57169935900;56957040600;56337473100;15521468200;,2017,Forensic Science International,https://www.scopus.com/inward/record.uri?eid=2-s2.0-84999736804&doi=10.1016%2fj.forsciint.2016.11.024&partnerID=40&md5=e4afa6b1db3dabe33e512b9da079f4fb,2-s2.0-84999736804
