,col0,col1,col2,col3,col4,col5,col6,col7,col8,col9,col10,col11
0,IEMFileVersion,5,,,,,,,,,,
1,Date,11/15/12,,,,,,,,,,
2,Workflow,GenerateFASTQ,,,,,,,,,,
3,Application,HiSeq FASTQ Only,,,,,,,,,,
4,Instrument Type,HiSeq 1500/2500,,,,,,,,,,
5,Assay,Agilent_Sure_SelectXT,,,,,,,,,,
6,Index Adapters,Agilent_Sure_SelectXT,,,,,,,,,,
7,Description,,,,,,,,,,,
8,Chemistry,Default,,,,,,,,,,
9,Operator,Katayoun Alemazkour/Michael Gombert,,,,,,,,,,
10,Investigator,Ute Fischer,,,,,,,,,,
11,Backup_NAS_name,Boron,,,,,,,,,,
12,kind_of_run,2x101bp,,,,,,,,,,
13,Notes,1-4 QC drop at 70/1-4 truncated read 1 to 70,,,,,,,,,,
14,[Reads],,,,,,,,,,,
15,101,,,,,,,,,,,
16,101,,,,,,,,,,,
17,,,,,,,,,,,,
18,[Settings],,,,,,,,,,,
19,ReverseComplement,0,,,,,,,,,,
20,Adapter,AGATCGGAAGAGCACACGTCTGAACTCCAGTCA,,,,,,,,,,
21,AdapterRead2,AGATCGGAAGAGCGTCGTGTAGGGAAAGAGTGT,,,,,,,,,,
22,,,,,,,,,,,,
23,[Data],,,,,,,,,,,
24,Lane,Sample_ID,Sample_Name,Sample_Plate,Sample_Well,I7_Index_ID,index,Sample_Project,Description,spike_entity_id,spike_entity_role,spike_ignore_sample
25,1,LeSc1,,,,,,MSC,,,,
26,2,LeSc2,,,,,,MSC,,,,
27,3,LeSc3,,,,,,MSC,,,,
28,4,LeSCc4,,,,,,MSC,,,,
29,5,LiMa11,,,,,,MSC,,,,
30,6,LiMa12,,,,,,MSC,,,,
31,7,LiMa14,,,,,,MSC,,,,
32,8,NoJo25,,,,,,MSC,,,,
