,col0,col1,col2,col3,col4,col5,col6,col7,col8,col9,col10
0,7982131,comment,7981876.0,7982115.0,14,0,icelancer,,,"They are largely pacifist, known for incredible work ethic (work alongside one at a manual labor job and you&#x27;ll understand), and isolationist. Basically they are how we perceive older generations of Americans (romanticized no doubt given the &quot;pacifist&quot; label isn&#x27;t quite applicable to early-stage Americans).<p>They don&#x27;t try to force their views on general society and leave well enough alone while providing unique cultural contributions for those who visit them and purchase goods/services. Not really &quot;PR,&quot; they just leave others alone and have enough positive traits that everyone seems to respect.<p>EDIT: I countered the random downvote you had.",1404377986
1,7982130,comment,7981518.0,7981815.0,2,0,eru,,,Isn&#x27;t vitamin C a pretty good preservative agent for food?,1404377975
2,7982129,story,,,4,0,gmakkoulis,A guide to building your app business,,"If you are a talented app developer but new to the app business, you should get a basic understanding of some core concepts.<p>http://www.avocarrot.com/blog/guide-building-app-business/",1404377927
3,7982128,comment,7978075.0,7978075.0,5,0,learc83,,,"None of my engineer friends have ever had a Google style technical interview. What makes software so different?<p>You don&#x27;t ask an electrical engineer to layout a complicated PCB on a whiteboard, you don&#x27;t have a civil engineer build a bridge out of popsicle sticks.<p>Surely hiring an incompetent electrical engineer is just as bad as hiring an incompetent software engineer, but from talking to the EEs I know, they just get asked basic questions or go over past projects--nothing nearly as stressful as a coding interview.<p>If other industries can get by without them, whiteboard technical interviews must not be as necessary as they&#x27;re made out to be. It seems to me they are just a damaging fad. I think the high stress technical interview could even be one of the factors contributing to the software monoculture.",1404377908
4,7982127,comment,7981876.0,7981876.0,3,0,confluence,,,"tldr; They get fleeced, just like everyone else.<p>A fool and his money are soon parted.",1404377893
5,7982126,comment,7978599.0,7980803.0,2,0,lucian1900,,,"It&#x27;s also rather unwieldy to use, much more so than other dependently typed languages (like Idris).<p>Sadly, despite having useful-looking properties, I suspect it&#x27;ll serve as little more than inspiration for others.",1404377884
6,7982125,comment,7978118.0,7979026.0,1,0,gadders,,,"I think if a conviction was reported in a newspaper when it happened, I don&#x27;t think that should be removed from Google, even if the conviction is subsequently &quot;spent&quot;. Do people go through newspaper archives deleting them from the (what used to be) microfiche copies?",1404377884
7,7982124,comment,7970405.0,7970405.0,1,0,kovrik,,,"Remote or Relocation (almost anywhere)<p>I&#x27;d like to solve hard problems, meet challenges and help people.<p>Willing to learn new stuff and improve my skills (especially Clojure).<p>Skills: Java (SE, EE, Concurrency, Spring, Hibernate etc.), MySQL, PostgreSQL, MongoDB, Perl, Bash, Linux, vim etc. Had experience with PHP, HTML, CSS and JS. Currently learning Clojure.<p>Email: kovrik0@gmail.com<p>Linkedin: <a href=""http://www.linkedin.com/profile/view?id=150589292"" rel=""nofollow"">http://www.linkedin.com/profile/view?id=150589292</a><p>Github: <a href=""https://github.com/kovrik"" rel=""nofollow"">https://github.com/kovrik</a>",1404377840
8,7982123,comment,7981328.0,7981707.0,2,0,fractallyte,,,"It&#x27;s gratifying to read such an insightful, unequivocal comment on HN - and I hope you also emailed it as (relevant!) feedback to the two addresses provided in the article!",1404377803
9,7982122,comment,7981645.0,7982116.0,1,0,VeejayRampay,,,"Unless I&#x27;m missing something, you cannot use forEach on a Javascript object as of now (or map, reduce, every, some and other methods that are available on Array.prototype).<p>The only way is to use:<p><pre><code>  for(var key in obj) {...}\n</code></pre>\nAs for interpolation, I indeed missed the bit about quasis. Though I really wonder why they would still use concatenation if they can interpolate... Maybe to only show one feature at a time, which I guess makes sense.",1404377781
10,7982121,comment,7982019.0,7982019.0,1,0,dragos2,,,There seems to be a problem with the web app. You have to wait a couple of seconds before the QR code appears.,1404377732
11,7982120,comment,7979921.0,7980574.0,1,0,snogglethorpe,,,"Almost every Emacs user uses the standard keybindings for most stuff (though many change the odd binding or two for personal reasons).  They work <i>really</i> well once you get used to them, and they tend to form a system: C-f goes forward a character, M-f goes forward a word, C-M-f goes forward an &quot;expression&quot;, and those same modifier keys have similar relationships for other commands.<p>As for ergonomics... Emacs bindings feel far more natural and comfortable than any other editor bindings I&#x27;ve ever used, but then I&#x27;ve used Emacs for a long time and am well used to them.  I suspect that the same is true for most people: what feels/works best will have more to with what you&#x27;re used to than any inherent superiority.  [And probably no keyboard-oriented editor that&#x27;s been successful for any length of time will have a truly un-ergonomic design, because it couldn&#x27;t have succeeded with such.]<p>Probably the closest thing to what you&#x27;re describing is the various editor emulation packages, which often remap many basic bindings...  Of these, vi/vim emulation is probably the most popular these days, and there are like 4-5 vi/vim emulation packages, of varying degrees of sophistication (and age), although I&#x27;m not sure which is the current favorite (maybe &quot;evil&quot;? <a href=""http://www.emacswiki.org/emacs/Evil"" rel=""nofollow"">http://www.emacswiki.org/emacs/Evil</a> ).",1404377697
12,7982119,comment,7978075.0,7978425.0,1,0,claus1860,,,This is a very interesting discussion. Would love to hear your thoughts on our London based startup www.Prehash.com which is going in a similar direction. Companies can host organization specific coding challenges on our website and developers apply by solving them. There is no time limit for developers and no one is looking over your shoulder. The only thing is that each time you run the test we take a snapshot in a github repo. Any feedback is welcome! Cheers.,1404377684
13,7982117,comment,7980434.0,7981917.0,3,0,Lost_BiomedE,,,Surprising that they could not get a loan given their order backlog. Were the margins terribly small or something?,1404377594
14,7982116,comment,7981645.0,7981935.0,5,0,laughinghan,,,"<p><pre><code>    items(x).forEach(function(key, value) {\n      alert(key + &#x27;,&#x27; + val);\n    });\n</code></pre>\nYou can already just do that, without ES6.<p>> It also brings up the question of interpolation, why do we even have to use + in the first place?<p>Did you miss the last item, &quot;quasis&quot;? `You are ${age} years old.`<p>> Also, can someone in the know care to tell me why that is that those additions for what is the end rather basic functionality is coming so late to the language?<p>Because unlike most languages, there&#x27;s no canonical implementation.<p>Mozilla, who actually holds the trademark on the name &quot;JavaScript&quot;, totally tried to evolve the language since the beginning and even shipped e.g. JavaScript 1.7 (which had generators, iterators, let, array comprehensions, and destructuring assignment [1]) with Firefox 2 in 2006, but Firefox just didn&#x27;t have the market share for authors to start using the new features, and no other browser implemented any of them. That deadlock was only broken by Brendan Eich using corporate politics rather than hacker-style &quot;putting it out there&quot;: rounding up all the big browser makers (of course, it helped that Apple and Google had just broken into the scene), and convincing them to commit to implementing new features decided on by the committee they formed, TC39 (and to update their browsers at all, <i>ahem</i> IE <i>ahem</i>).<p>[1]: <a href=""https://developer.mozilla.org/en-US/docs/Web/JavaScript/New_in_JavaScript/1.7"" rel=""nofollow"">https://developer.mozilla.org/en-US/docs/Web/JavaScript/New_...</a>",1404377567
15,7982115,comment,7981876.0,7982030.0,3,0,baddox,,,"I think their &quot;PR&quot; is just really good, for some reason. I feel like most Americans that live near Amish communities (I did growing up) might gently joke about how weird it is to live like that, but I think we tend to think of them as a romanticized version of pre-industrial American farmers, despite that not being very accurate.<p>I don&#x27;t think they are considered not US citizens or their lands not US lands. They pay local and state property taxes on their land.",1404377520
16,7982114,comment,7980240.0,7980865.0,2,0,guard-of-terra,,,"In Moscow they exist and are official. I&#x27;ve caught one today while heading to work - 317м to be precise.<p>Vans changed transportation landscape massively in late 90s, and for good. Some villages which had like five busses per day now are served by a van every half an hour.",1404377509
17,7982113,comment,7976910.0,7977354.0,1,0,xorcist,,,"Genuinely interested here. Would you mind explaining the terminology, or even better, expand on your thoughts in a blog post or something?<p>Bitcoin exchanges are generally very illiquid, in the meaning that little funds are kept on the exchanges. (Because there are no regulations and guarantees.) Would you not expect &quot;huge holes&quot; in such an order book? Why not?<p>What does &quot;price level&quot; mean? I read it as the distance between orders in the order book, but then your comment does not make sense. You are surprised these levels are farther apart than the bid/ask spread. Why?<p>What does &quot;unsophisticated&quot; mean? It seems to me you mean this in a specific sense rather than the dictionary meaning of the word. How is it that no discernible pattern is indicative of a less sophisticated market? In the layman definition of the word, one would expect the opposite.<p>I don&#x27;t know if other markets behave the same but Bitcoin exchanges have large dark components to them. If the price moves dramatically, lots of coins move in/out of the exchanges. Some people believe the days-destroyed metric is indicative of these movements, but in practice things are of course not that simple.<p>As you might understand, I do dabble with Bitcoin trading on the side on a pure hobbyist basis and I would be very interested in your views on this. I don&#x27;t know if there is a personal message function on the HN board but any answer would be appreciated. I think a lot of traders on Bitstamp and other exchanges are hobbyists too, but I have the feeling that something happened during the runup to the October rally and would not be surprised if there are quite a few pros among us now.",1404377447
18,7982112,comment,7980434.0,7981330.0,1,0,regularfry,,,"> I wonder what it says about the device and the market that they&#x27;re planning to sell to well-heeled homeowners first.<p>I think the key is in where he says a unit with a fifth the output wouldn&#x27;t be a fifth the cost.  If he can use the luxury end of the market to drive the manufacturing costs down, I&#x27;m sure general retail won&#x27;t be far behind.",1404377440
19,7982111,comment,7978163.0,7982081.0,10,0,pron,,,"> The incumbents will have the existing regulations on their side and use them to shut you down.<p>Absolutely, but you must consider the possibility that in addition to turf protection, those regulations actually serve a social purpose. Not every innovation is good and every regulation is bad. Sometimes regulation is formalized valuable lessons learned over many years. As someone who sees Uber as an exploitative venture (I may be wrong), I actually find those regulations the last wall slowing down the huns.",1404377415
20,7982110,comment,7981518.0,7982015.0,1,0,confluence,,,And iron.,1404377413
21,7982109,comment,7981633.0,7981633.0,1,0,chanux,,,"Pipe to clipboard with following alias<p>alias clip=&#x27;xsel -i --clipboard&#x27;<p>Get tree view of directories<p>alias lst=&#x27;tree -L 2 $1&#x27;<p>Also I use za to go up in directory tree<p>bash <a href=""https://gist.github.com/chanux/1119556"" rel=""nofollow"">https://gist.github.com/chanux/1119556</a>\nfish <a href=""https://gist.github.com/chanux/9411092"" rel=""nofollow"">https://gist.github.com/chanux/9411092</a>",1404377379
22,7982108,comment,7981518.0,7982089.0,2,0,BSousa,,,"While I agree, at least for Vit. D, the issue is what is considered &#x27;deficiency&#x27; is quite low by doctors/blood tests. I don&#x27;t remember the values, but even doctors that a few years ago laughed (yes, laughed) on my wife and mine face because we we concerned about it and the effects of low Vit. D in her pregnancy are now recommending to their patients some supplementation even for known normal levels. (One doctor told us the only concern for low Vit. D levels were for the +65 year olds for example)",1404377376
23,7982107,comment,7977731.0,7978135.0,1,0,martiuk,,,Seriously guys we&#x27;re gonna drop 2.<p>--Many Releases Later--<p>Seriously guys we&#x27;re gonna drop 2.,1404377339
24,7982105,comment,7975645.0,7980117.0,2,0,dspillett,,,"There is no handy list that I know of.<p>The big six definitely do have the filters. Some smaller players do too, but a fair few don&#x27;t. The only people I know for sure are A&A because they put their heads above the parapet and made a stand.<p>Some simply haven&#x27;t implemented it because it would be work and they therefore won&#x27;t until forced to (rather than because of any moral objection) - they&#x27;ll not make any statement about not doing it as it will look bad if they eventually do.<p>There may of course be others in A&A&#x27;s position who haven&#x27;t done as good a job getting the message out.",1404377120
25,7982104,comment,7980434.0,7981419.0,3,0,johnpowell,,,I remember when Kamen was going on all the morning shows saying that he was going to change the world and transportation. Many speculated that it was a Sterling Engine. It was the Segway.,1404377078
26,7982102,comment,7976151.0,7976151.0,1,0,hypertexthero,,,Some nice typefaces (Gentium is a favorite) and quotations there.<p>I like the following from Stowe Boyd&#x27;s _Postnormal era_:<p><pre><code>    Authoritarian/Centralized > Egalitarian/Decentralized\n    Objective/Impartial > Subjective/Partial\n    Hierarchy > Network\n    Nuclear > neo-Tribal\n    Globalism/Growth > Localism/Steady-State\n    Nation/Province/City > Locale/Watershed/Region/World\n    Broadcast > Participative\n    Exploitative/Unsustainable > Restorative/Sustainable\n    Dogmatic/Orthodox > Enigmatic/Heterodox\n</code></pre>\nEdit: A right arrow (→) would be better than the greater-than symbol in the above.,1404377047
27,7982101,comment,7975436.0,7975436.0,1,0,phazmatis,,,"Most of the points he makes are a byproduct of expecting too much from other people. I.E. gem authors, or misunderstanding why something exists I.E. the ruby standard library, which is a motley crew of modules meant to let people write hacky scripts a la perl.\nThis is why I&#x27;m getting away from magic/cleverness as much as possible. Clever solutions usually rely on the dark corners of a language/ecosystem, which might break in the future.",1404377016
28,7982100,comment,7970372.0,7970372.0,1,0,tbje,,,"SEEKING WORK: Remote or Switzerland (max 50%)<p>Full stack Scala dev (Akka, Play, Slick, Spray, Lift)<p>~5 years Scala experience as dev & trainer<p><a href=""http://trondbjerkestrand.no/contact"" rel=""nofollow"">http://trondbjerkestrand.no/contact</a>",1404376955
29,7982099,comment,7980434.0,7980434.0,4,0,regularfry,,,"An interstitial, a popover to explain the site&#x27;s navigation, then an ad which scrolls over the content?  You&#x27;ve got to be keen to want to read this stuff.",1404376950
30,7982098,comment,7981633.0,7982069.0,1,0,robin_reala,,,"I never got RVM working with fish; unsurprising, seeing as it’s 20k lines of bash. rbenv works well though (with one additional conf line), and chruby was working on support last time I checked.",1404376946
31,7982097,comment,7981645.0,7981935.0,2,0,espadrine,,,"Iterables can have many forms (Strings, Arrays, Maps…), so having a forEach method is tricky.<p>On the other hand, most iterables have their own methods to loop around values. Arrays and Maps both have a .forEach() method.",1404376913
32,7982096,comment,7981876.0,7981876.0,0,0,dtrizzle,,,My guess: 12 inch subwoofers and 26 inch rims.,1404376908
33,7982095,comment,7981431.0,7981880.0,1,0,gonzo,,,Assuming the path loss exponent as &#x27;2&#x27; is a mistake.,1404376856
34,7982093,comment,7979921.0,7981505.0,1,0,TimWolla,,,"There is a git-diff package that shows colored bars next to the line numbers: <a href=""https://github.com/atom/git-diff"" rel=""nofollow"">https://github.com/atom/git-diff</a>. While not a real diff I find it pretty helpful.",1404376807
35,7982092,comment,7980434.0,7980434.0,2,0,ChaoticGood,,,"Sterling Engines are cool. Here is one being used in combination with a Fresnel lens.\n<a href=""https://www.youtube.com/watch?v=A_AFnW1bZL8"" rel=""nofollow"">https://www.youtube.com/watch?v=A_AFnW1bZL8</a>",1404376804
36,7982090,comment,7979786.0,7981103.0,1,0,geuis,,,True. But most haven&#x27;t been done well.,1404376730
37,7982089,comment,7981518.0,7982015.0,4,0,Nursie,,,"If you have a known deficiency, sure, but a quick web search will show you that it&#x27;s arguable what level is deficient, and that it&#x27;s arguable that supplementation has a good effect on anyone that&#x27;s not suffering from a few specific conditions.<p>So I&#x27;ll repeat - unless you have a known deficiency or a restricted diet, they&#x27;re a waste of time and money, and the industry is snake-oil.",1404376625
38,7982088,comment,7980561.0,7981175.0,2,0,quarterwave,,,"The 741 has quite a few current mirrors for bias/gain, so the bias points would be much more sensitive to transistor parameter mismatch than to wiring neatness. Also, discrete PNP transistors tend to be different from the lateral PNP&#x27;s in a bipolar transistor IC process.<p>I suppose the value in ordering such a kit is that the devices shipped are pre-matched etc, so the hobbyist may reasonably expect a first-pass success.<p>The 741 is dominant-pole compensated, so even if there were wiring-related phase shifts at high frequencies there will be no loop gain in that region to cause instability.",1404376601
39,7982087,comment,7980240.0,7981079.0,1,0,icebraining,,,"Cargo bikes seem great if you&#x27;re doing the whole trip in them, but not really appropriate for a trip that involves using a light rail or bus as well, like Caltrain.",1404376592
40,7982086,comment,7981431.0,7981781.0,1,0,pauly,,,radio frequency,1404376536
41,7982085,comment,7974203.0,7975911.0,1,0,dspillett,,,"<i>> It&#x27;s is a bit troubling that the EFF didn&#x27;t present the entire issue</i><p>Never assume any group is not doing this. Everyone makes more effort to present the facts that support their case/cause than they do those against/neutral. The EFF are better about not denying the truths they don&#x27;t like than many similarly vocal groups, but don&#x27;t expect them to tell you the facts that don&#x27;t support their position.<p><i>> What the FBI and other 3 letter agencies don&#x27;t have anything more important to do</i><p>They can&#x27;t chose the laws that they concentrate on, really. The &quot;don&#x27;t you have something more important to do officer&quot; argument (as often sung by petty criminals) is bunkum. They enact the law, all of it, and the reason they are chasing the people committing lesser offences (in the offender&#x27;s eyes at least) is because people are committing lesser offences.<p><i>> &quot;Selling is legal fucking is legal so why isn&#x27;t selling fucking legal?&quot;</i><p>This is probably the answer to a certain extent: legalise it, regulate it to try protect both the workers and the punters, and potentially tax it to cover the cost of that regulation.<p>Though the legalisation argument as it is usually presented is rather simplistic, and the effects it would have on major crime (for example people trafficking) seems vastly over-stated IMO.",1404376532
42,7982084,comment,7979921.0,7982074.0,3,0,peterhunt,,,"I disagree with this. React abstracts away DOM manipulation just as well as Angular does at a high level. When you dive deeper (i.e. building components/directives) React continues to abstract it away, whereas Angular reveals it.<p>In fact, React is able to get superior performance <i>because</i> the DOM is abstracted so far away.",1404376410
43,7982083,comment,7962761.0,7962761.0,1,0,TomSteck,,,"Yes, I had a professional coach and I find professional coaching process very useful, because it helps you to verify your own beliefs and actions, in a way you won&#x27;t be able to do it yourself, neither with your friends or business partners. At the same time, I am aware that there are plenty of people that call themselves &#x27;business/life/name-it coaches&#x27; having no idea what professional coaching is.<p>If you are looking for an experienced and professional coach, first of all you should look for a person with accreditation of any big international coach organisation, e.g. ICF [1] is one of the biggest organisation that sets professional coaching standards.<p>You should also understand how professional coaching differs from pseudo-coaching, so if a &#x27;business coach&#x27; offers you to share their knowledge or give you an advice, they are NOT really a professional coach [2].<p>And this is the moment when you realize, that there is a profession called &quot;professional coaching&quot; and a life coaching, business coaching, executive coaching, etc. are only branding/marketing titles, and if a coach is certified/accredited by a large coaching organisation, they should use exactly the same tools to help their clients achieve their goals (regardless of their &#x27;marketing title&#x27;).<p>[1] <a href=""http://www.coachfederation.org"" rel=""nofollow"">http://www.coachfederation.org</a>\n[2] <a href=""http://www.coachfederation.org/need/landing.cfm?ItemNumber=978&navItemNumber=567"" rel=""nofollow"">http://www.coachfederation.org/need/landing.cfm?ItemNumber=9...</a>",1404376335
44,7982082,comment,7981633.0,7981816.0,3,0,pling,,,I still prefer &quot;sh&quot; on BSD (particularly OpenBSD). It doesn&#x27;t have as many knobs to turn nor as many surprises.,1404376322
45,7982081,comment,7978163.0,7981913.0,3,0,cryptophile,,,Uber is actually a good example of how existing regulations can be a formidable barrier to startups; or even any kind of innovation. You are not just free to offer a new product or service that competes with existing ones. The incumbents will have the existing regulations on their side and use them to shut you down.,1404376288
46,7982080,comment,7981518.0,7981518.0,13,0,amirmc,,,"Aside: I found the following visualisation fun and somewhat interesting (on supplements and the ailments they might be good for). It&#x27;s changed a lot over the years and it links off to the underlying spreadsheet.<p><a href=""http://www.informationisbeautiful.net/visualizations/snake-oil-supplements/"" rel=""nofollow"">http://www.informationisbeautiful.net/visualizations/snake-o...</a>",1404376266
47,7982079,comment,7979921.0,7981468.0,2,0,MagerValp,,,"The font rendering in Atom is what&#x27;s currently keeping me from giving it a serious try:<p><a href=""http://discuss.atom.io/t/atom-vs-textmate-font-rendering/9072/3"" rel=""nofollow"">http://discuss.atom.io/t/atom-vs-textmate-font-rendering/907...</a>",1404376233
48,7982078,story,,,4,0,d3v3r0,The units of Web Design,http://alexsblog.org/2014/07/03/the-units-of-web-design/,,1404376226
49,7982077,comment,7978897.0,7979595.0,1,0,davedx,,,&quot;Reliable source maps&quot; - going to give this a try. If it works I&#x27;ll buy you a beer.,1404376172
50,7982076,comment,7977965.0,7978808.0,1,0,conatus,,,"Judging by my above comment, probably spectrum analysis.",1404376137
51,7982075,comment,7976910.0,7981595.0,1,0,jackgavigan,,,"You turn to the desk head and say &quot;Boss, I just lost $16,000.&quot; and <i>he</i> says &quot;Don&#x27;t worry. It&#x27;s happened before, it&#x27;ll happen again.&quot;<p>That incident happened just a few weeks into my (short) career as a trader. I later learnt that everybody makes a mistake once in a while. It&#x27;s unavoidable. It becomes a problem if you try to cover it up or if you keep making mistakes.",1404376103
52,7982074,comment,7979921.0,7982035.0,1,0,Cthulhu_,,,"Pretty much this. AngularJS abstracts DOM manipulation away from the user; by adding React to an AngularJS project, you&#x27;re giving up on that abstraction. I consider React a sacrifice of abstraction / ease of development in favor of performance.<p>I think AngularJS will adopt a similar strategy for their 2.0 development effort, maybe even a 1.x point release. But I haven&#x27;t looked at the angular development process for a while now.",1404376043
53,7982073,comment,7976910.0,7978375.0,1,0,haakon,,,"<a href=""https://www.coinsetter.com/"" rel=""nofollow"">https://www.coinsetter.com/</a> also offers FIX.",1404375914
54,7982072,comment,7981431.0,7981961.0,3,0,paletoy,,,"How is this protocol better than LoRa(by semtech - an old stable company, used by giants like IBM) ,or weightless(standardized protocol) ? Because they are your competitors , not wifi and the like.",1404375845
55,7982071,story,,,2,1,salimane,Chrome displays a nice message for MITM attacks\uFEFF,https://plus.google.com/112275920165552529479/posts/fkUGWdB8Pvd,,1404375823
56,7982070,comment,7979168.0,7980905.0,4,0,TimJRobinson,,,What&#x27;s a Safeway card and why would it get him deported? Also why is the border agent searching through his wallet?,1404375822
57,7982069,comment,7981633.0,7981943.0,2,0,bshimmin,,,"I love fish and have happily been using it for years.  Every time it comes up here, though, someone inevitably will complain about compatibility - and I will admit that RVM, for instance, has definitely caused me problems with fish in the past.  I guess it depends quite a lot on your particular usage and requirements.",1404375808
58,7982068,comment,7978163.0,7978781.0,1,0,gone35,,,"Beautifully, concisely put!<p>It is a shame though your downvoters elsewhere in this thread fail to appreciate your effort at explaining the --admittedly quite unintuitive-- <i>demand</i> side of the macroeconomy.",1404375772
59,7982067,comment,7981633.0,7981834.0,1,0,JonnieCache,,,"Ctrl-P autocompletes from your history too. It works like Ctrl-R but after you&#x27;ve already started typing, if you see what I mean.<p>This might be a zsh thing though.",1404375720
60,7982066,comment,7979168.0,7981639.0,2,0,keerthiko,,,"Let&#x27;s be honest here. Entrepreneurs are not welcomed anywhere, but your home country, if that (several countries are terrible to start businesses in, like India, Australia, etc). I could talk about this at length, but just wanted to say that this is a trite and dismissive comment you have made without any experience or understanding of the issues at hand. You think people like the author and myself haven&#x27;t considered this?",1404375708
61,7982065,comment,7979497.0,7981162.0,2,0,zAy0LfpBZLC8mAC,,,"That some conditions are economically risky is not a prejudice, that&#x27;s my whole point. Choosing the healthier person for a position is a perfectly rational thing to do, and increasing insurance rates with higher risks due to their health situation also is perfectly rational (and note that that&#x27;s not just limited to health insurance) - you&#x27;d have to turn the whole economic system on its head to fix that.",1404375708
62,7982064,comment,7977925.0,7977925.0,1,0,rachelandrew,,,"OmniFocus for my own stuff, Trello for team tasks.",1404375696
63,7982063,comment,7980240.0,7980240.0,1,0,dcposch,,,"> “Back in the day, officers used to harass us day and night: throw van keys on the roof, throw them in the garbage, bring us into the station just for driving a van.” An N.Y.P.D. spokeswoman didn’t respond to a request for comment<p>The sad thing is that stories like those don&#x27;t even seem to elicit surprise.<p>We need a way to refocus our police on their mission, to &quot;protect and serve&quot;. We need to demand more professionalism from them. It&#x27;s a difficult challenge. By nature, the job attracts a lot of bad applicants along with the good.<p>&quot;officers used to [...] throw van keys on the roof, throw them in the garbage&quot;<p>Why do we tolerate people walking our cities with guns and tasers who behave like schoolyard bullies?",1404375685
64,7982062,comment,7981882.0,7981882.0,3,0,casualobserver,,,"Kind of misleading title after clicking through:<p>> Costly new longevity drugs could help the wealthy live 120 years or more – but will everyone else die young?<p>Drug research is costly, but it&#x27;s not wealthy benefactors of the clinical application that pay for it.  Some research is privately funded, much is government funded but it&#x27;s also costly to fail to pay for it.<p>The age gap due to wealth discussed in the article is not related to the cost to the individual of drug research and development.<p>Once the research is done, most drugs become inexpensive to produce and if they prevent the burden of ageing on healthcare and society.  Reason to fund gerontology research if it decreases healthcare expenditure.<p>The then minor cost could be subsidised and there would be little argument in limiting its availability beyond that of aspirin and clean drinking water.<p>The current longevity gap due to poverty/environment discussed isn&#x27;t a reason to discount increases in healthspan/lifespan that might benefit the rich more immediately.<p>Gerontology/drug research is not mutually exclusive of improving access to education, mental health and reducing pollution etc.",1404375682
65,7982061,comment,7976151.0,7977045.0,1,0,thejosh,,,">since no one is going to do that ever in real life<p>Yes they will, it&#x27;s the easiest way to get different fonts how you want them.",1404375680
66,7982060,story,,,4,0,sunnykgupta,How and why Prezi turned to JavaScript - and why it took 4 years.,https://medium.com/prezi-engineering/how-and-why-prezi-turned-to-javascript-56e0ca57d135?source=tw-9e247e9438c8-1404375644216,,1404375677
67,7982059,comment,7979921.0,7980620.0,1,0,kalkeo,,,why？,1404375676
68,7982058,comment,7981431.0,7981431.0,1,0,CompuHacker,,,Being unfamiliar with wireless authentication/encryption; What prevents the Helium bridge/platform from impersonating a specific Helium device? Could they originate a false message or change the timestamps on an old message?,1404375669
69,7982057,comment,7981645.0,7981935.0,2,0,chuckup,,,">Also, can someone in the know care to tell me why that is that those additions for what is the end rather basic functionality is coming so late to the language?<p>I would think Internet Explorer being the dominant browser had something to do with it.",1404375668
70,7982056,comment,7979921.0,7981305.0,0,0,kalkeo,,,good~,1404375655
71,7982055,story,,,1,0,balbaugh,Her House of Cards,http://www.vanityfair.com/society/2014/07/viper-room-hollywood-poker-game,,1404375649
72,7982054,comment,7980743.0,7981004.0,1,0,kevingadd,,,Quotes in the article from research team employees suggested the opposite: that experiments were often run without anyone else on the team even knowing about it. That doesn&#x27;t sound like oversight to me.,1404375638
73,7982053,comment,7977154.0,7977154.0,2,0,rachelandrew,,,"I wrote about how I built mine here: <a href=""http://rachelandrew.co.uk/archives/2014/01/07/html-epub-mobi-pdf-wtf-creating-an-ebook/"" rel=""nofollow"">http://rachelandrew.co.uk/archives/2014/01/07/html-epub-mobi...</a><p>TL:DR going from HTML to PDF is more of a PITA than you think, .mobi and epub is pretty straightforward.",1404375627
74,7982052,comment,7978075.0,7979195.0,1,0,eli_gottlieb,,,"Of course it&#x27;s total bullshit.  You still have to pass it.  You can&#x27;t demand that everyone else be at least as wise as you, especially since you could well still be wrong.",1404375591
75,7982051,comment,7981431.0,7982046.0,2,0,pharkmillups,,,"Hey noonespecial,  \nJust a quick point. The radio is based on 802.15.4 which is an open standard. Much of our end node code is going to be open source, if not all.",1404375556
76,7982050,story,,,1,0,jrmgx,Outview: Hardware hacking project to experiment a disembodiment thru technology,https://github.com/jrmgx/outview,,1404375546
77,7982049,comment,7978443.0,7981966.0,1,0,sailro,,,"Yep one guy behind Mono.Cecil, the other behind Reflexil",1404375497
78,7982048,story,,,2,0,basil,Analysis of PHP Coding Conventions,http://www.squizlabs.com/php-codesniffer/analysis-of-coding-conventions,,1404375467
79,7982047,comment,7981645.0,7982032.0,1,0,CmonDev,,,~10 years.,1404375385
80,7982046,comment,7981431.0,7981431.0,1,0,noonespecial,,,"I don&#x27;t like that the radio is closed and that the network is owned, but I love the direction of tiny IoT modules that <i>already have their fcc certs done</i>.<p>I&#x27;m hoping someday the &quot;intentional radiator&quot; portion of getting a product online is as simple as sticking in a SIM card now (<i>in Europe</i> I add sarcastically).",1404375377
81,7982045,comment,7981633.0,7981996.0,3,0,JoeAcchino,,,"> You know what else I hate? Typing in long commands in the Mac OS X terminal and then them wrapping weirdly.<p>I solved this by adding the following line in my ~/.bashrc<p><pre><code>  shopt -s checkwinsize\n</code></pre>\nNever tried on Mac OS X though, so I don&#x27;t know if it works.",1404375349
82,7982044,comment,7981168.0,7981870.0,1,0,ehurrell,,,"I second this, food and light are both important parts of the process. Have used something similar to this to prevent jetlag on both legs of multiple transatlantic/panasiatic  flights (though it has to be said travelling west-to-east is always rougher than east-to-west.",1404375342
83,7982043,comment,7981882.0,7982037.0,2,0,thewarrior,,,But I bet that these drugs would be patented and would be selling at very high prices for decades. Countries like India wouldnt want to encourage generic production of these drugs as that would make the existing population problem worse.,1404375340
84,7982042,comment,7980240.0,7980865.0,6,0,SideburnsOfDoom,,,"This doesn&#x27;t exist in London. The London underground, overground and bus routes are extensive, and the black taxis and minicabs fill in the gap for a moderate fee.<p>You will however find something much like this well established in large cities in Sub-Saharan Africa under the name &quot;Matatu&quot; or &quot;Minibus taxi&quot; :  <a href=""http://en.wikipedia.org/wiki/Share_taxi#South_Africa"" rel=""nofollow"">http://en.wikipedia.org/wiki/Share_taxi#South_Africa</a>",1404375338
85,7982041,comment,7976151.0,7981353.0,1,0,PeterGriffin,,,"I use some Google Web Fonts and I was interested, but when I went here:<p><a href=""http://brick.im/fonts/"" rel=""nofollow"">http://brick.im/fonts/</a><p>And I clicked on a few fonts, I kept getting 404s. Any idea?",1404375314
86,7982040,comment,7981431.0,7981431.0,0,0,jmspring,,,Essentially a bunch of hype based around yet another proposal for adhoc(++) networking limited to a geographic region.<p>Why is this a lingering post at top of news.ycombinator?,1404375302
87,7982039,story,,,1,0,ot,Facebook vows not to toy with our emotions,http://www.ft.com/intl/cms/s/0/17414d24-0208-11e4-9af7-00144feab7de.html#axzz36OJqBSeA,,1404375300
88,7982038,comment,7974096.0,7977686.0,1,0,kruczek,,,"If people don&#x27;t have a soul, it still is a problem, because you are still killing a person. Why should I care that my exact clone will be living my life, if I&#x27;ll be vaporized? And consider another scenario, as described in &quot;Into the Silent Land&quot; - what if there&#x27;s a malfunction and the clone is created, but I am not immediately destroyed - should I then voluntarily agree to be killed just to make sure there&#x27;s only one of myself?",1404375229
89,7982037,comment,7981882.0,7981882.0,11,0,kfk,,,"If you speak Italian head over noisefromamerika and search “modello superfisso”, there you can see why this reasoning is flawed. Prices of stuff are not fixed, they are a function of demand and offer. The true problem here is how you innovate enough to make the offer high enough that prices will drop. Instead, the writer is focusing on the myth of the 10% owning the 90% and he gets lost in yet another useless complain about spreading the wealth. Go look at why health services are so expensive in US, hints: monopolies, artificially low number of doctors, lobbies, patents…<p>By the way, about 44% of my gross salary is managed by the State (tax and social contribution). How much more does the writer want to tax people in order to “help” the poor?",1404375225
90,7982036,comment,7981431.0,7981912.0,3,0,noonespecial,,,"I know this is a joke but a company I used to work for had a <i>serious discussion</i> about hiring sandwich board men to walk around with mobile hotspots that would inject ads and provide certain local services to those connected.<p>Based on the price structures at the time, it made a certain mad sense.",1404375095
91,7982035,comment,7979921.0,7980488.0,1,0,deepakprakash,,,"Yes, and apparently you can take advantage of React&#x27;s faster/smarter rendering (<a href=""http://www.williambrownstreet.net/blog/2014/04/faster-angularjs-rendering-angularjs-and-reactjs/"" rel=""nofollow"">http://www.williambrownstreet.net/blog/2014/04/faster-angula...</a>)<p>That said, I would be uncomfortable mixing something as opinionated as Angular with another framework that expects to &quot;own&quot; the DOM/rendering. My guess is that Angular will implement their own version of VDOM in the next few months since it shows demonstrably better performance.",1404374996
92,7982034,comment,7978118.0,7978413.0,1,0,kintamanimatt,,,"There&#x27;s a difference between the EU and one particular court ruling. The EU itself is brilliant in many ways; this Stalinesque ruling, not so much.",1404374981
93,7982033,comment,7979921.0,7982029.0,2,0,illumen,,,"I like that core Sublime Text is stable and fast. Where &#x27;interesting&#x27; things mostly happen in the thousands of available plugins.<p>Speed, good core API design, and stability take time.",1404374977
94,7982032,comment,7981645.0,7981645.0,2,0,yoanizer,,,Ok but when can we expect to start using that and have our web apps work in the real world? in 10 years? 20 years?,1404374960
95,7982031,comment,7981633.0,7981996.0,17,0,Tiksi,,,"Here you go, just throw it in your .bashrc:<p><pre><code>  shopt -s histappend\n  export HISTSIZE=100000\n  export HISTFILESIZE=100000\n  export HISTCONTROL=ignoredups:erasedups\n  export PROMPT_COMMAND=&quot;history -a;history -c;history -r;$PROMPT_COMMAND&quot;\n</code></pre>\nI wish I could give credit to where I originally found this but it was ages ago.",1404374909
96,7982030,comment,7981876.0,7982016.0,19,0,rurounijones,,,"It is certainly interesting from a &quot;segregation&quot; viewpoint.<p>If the Amish were immigrants arriving in American today they would (Warning: generalization incoming) probably be demonized by a decent % of the population for refusing to integrate into mainstream American society, the fact they arrived a long time ago insulates them from that.<p>From reading about the selective service / social security bit it is almost like they are not US citizens and their lands are not US lands. Weird situation.",1404374842
97,7982029,comment,7979921.0,7980512.0,1,0,mrmondo,,,"I too feel this way, it seems to still have that signature javascript &#x27;lag&#x27; where ST3 is very snappy, also it still can&#x27;t load files > 2MB.",1404374822
98,7982028,comment,7981431.0,7981431.0,1,0,geuis,,,"I understand that common names are reusable. I understand that your product is different than mine. Still, I wish there was still some respect when choosing product names, especially open source projects.<p><a href=""https://github.com/geuis/helium-css"" rel=""nofollow"">https://github.com/geuis/helium-css</a>",1404374812
99,7982026,comment,7981431.0,7982010.0,1,0,pharkmillups,,,"Shuank, helium edge routers will have a global footprint to minimize latency to the internet. We always want latency from the internet to helium enabled devices to be as low as possible.",1404374728
100,7982025,story,,,1,0,johnsteve,The Key Feature Of The iWatch Could Be Voice Messaging,http://www.businessinsider.com/key-feature-of-iwatch-voice-messaging-2014-7,,1404374724
101,7982022,comment,7980743.0,7981233.0,1,0,bonaldi,,,&quot;How do you expect them to do anything?&quot;<p>By getting informed consent before experimenting on their users? You act like this is some outrageous bar they have to cross: it isn&#x27;t.,1404374682
102,7982021,comment,7979168.0,7980162.0,1,0,cryptophile,,,"They may not have a choice. I can perfectly well see why they erect barriers and put large obstacles in front of people trying to cross their borders. The problem is rather that startups should not demand that you physically move over there. I have had the case several times and I had to refuse the project. Moving over there, is unpractical. Why not collaborate remotely with people around the world? Do people really need to sit next to you in order to work with them?",1404374578
103,7982020,story,,,1,0,jcr,Risks and Realization of HTTPS Traffic Analysis,http://arxiv.org/abs/1403.0297,,1404374559
104,7982019,story,,,2,1,dragos2,Show HN: Show and control a slideshow from your Android device (beta program),https://groups.google.com/forum/#!forum/screenit-private-beta-program,,1404374496
105,7982018,comment,7976445.0,7976862.0,1,0,fanf2,,,"That diagram is about the energy inputs to heat the plasma.<p>Energy output to generate electricity is quite indirect: hot neutrons escape the magnetic containment and are caught in a lithium blanket. This produces tritium from the nuclear reaction between the neutrons and lithium nuclei, and heat. The blanket is cooled with water which is used to drive a conventional steam turbine generator set.<p>See the last paragraph of the reactor overview at <a href=""http://en.m.wikipedia.org/wiki/ITER"" rel=""nofollow"">http://en.m.wikipedia.org/wiki/ITER</a> and note that they do not plan to generate electricity from ITER: it is purely experimental.",1404374478
106,7982017,comment,7981991.0,7981991.0,2,0,argonz,,,"link to the paper:\n<a href=""http://www.pnas.org/content/early/2014/06/11/1406556111"" rel=""nofollow"">http://www.pnas.org/content/early/2014/06/11/1406556111</a><p>Although gene-expression and socio-evolution might have a bigger role in selection than the genes itself.",1404374476
107,7982016,comment,7981876.0,7981876.0,16,0,baddox,,,"The Amish are fascinating from so many different angles. Their history of surprisingly successful legal clashes with the US government (no selective service, no Social Security contributions, no education past 8th grade). Their decentralized legal system, which despite being famously strict, is pacifist and arguably anarchist. Their theology/philosophy, if you&#x27;re into that. Their local economies. Rumspringa. Meidung (shunning). And of course, their extremely fast growth (estimated around 5% per year), which I&#x27;ve heard attributed to &quot;traditional birth rates and modern medicine.&quot;",1404374451
