,col0,col1,col2,col3,col4,col5,col6,col7,col8,col9,col10
0,Udecx.sys,51200,1,1050719191,2003-04-19T02:26:31.000Z,imports,ntoskrnl.dll,ExFreePoolWithTag,f920ff63ad376001d8946fa22a8b598d,f2f95f9352cc89cd2e68d9483a82a3f789627a0472da9dfbce0e2245b2055d11,c:\Windows\WinSxS\amd64_microsoft-windows-usb-ude-classextension_31bf3856ad364e35_10.0.18362.1_none_b0c796bbe4104ea3\Udecx.sys
1,Udecx.sys,51200,1,1050719191,2003-04-19T02:26:31.000Z,imports,ntoskrnl.dll,IoGetAttachedDeviceReference,f920ff63ad376001d8946fa22a8b598d,f2f95f9352cc89cd2e68d9483a82a3f789627a0472da9dfbce0e2245b2055d11,c:\Windows\WinSxS\amd64_microsoft-windows-usb-ude-classextension_31bf3856ad364e35_10.0.18362.1_none_b0c796bbe4104ea3\Udecx.sys
2,Udecx.sys,51200,1,1050719191,2003-04-19T02:26:31.000Z,imports,ntoskrnl.dll,IoWMIRegistrationControl,f920ff63ad376001d8946fa22a8b598d,f2f95f9352cc89cd2e68d9483a82a3f789627a0472da9dfbce0e2245b2055d11,c:\Windows\WinSxS\amd64_microsoft-windows-usb-ude-classextension_31bf3856ad364e35_10.0.18362.1_none_b0c796bbe4104ea3\Udecx.sys
3,Udecx.sys,51200,1,1050719191,2003-04-19T02:26:31.000Z,imports,ntoskrnl.dll,IofCompleteRequest,f920ff63ad376001d8946fa22a8b598d,f2f95f9352cc89cd2e68d9483a82a3f789627a0472da9dfbce0e2245b2055d11,c:\Windows\WinSxS\amd64_microsoft-windows-usb-ude-classextension_31bf3856ad364e35_10.0.18362.1_none_b0c796bbe4104ea3\Udecx.sys
4,Udecx.sys,51200,1,1050719191,2003-04-19T02:26:31.000Z,imports,ntoskrnl.dll,KeLowerIrql,f920ff63ad376001d8946fa22a8b598d,f2f95f9352cc89cd2e68d9483a82a3f789627a0472da9dfbce0e2245b2055d11,c:\Windows\WinSxS\amd64_microsoft-windows-usb-ude-classextension_31bf3856ad364e35_10.0.18362.1_none_b0c796bbe4104ea3\Udecx.sys
5,Udecx.sys,51200,1,1050719191,2003-04-19T02:26:31.000Z,imports,ntoskrnl.dll,KfRaiseIrql,f920ff63ad376001d8946fa22a8b598d,f2f95f9352cc89cd2e68d9483a82a3f789627a0472da9dfbce0e2245b2055d11,c:\Windows\WinSxS\amd64_microsoft-windows-usb-ude-classextension_31bf3856ad364e35_10.0.18362.1_none_b0c796bbe4104ea3\Udecx.sys
6,Udecx.sys,51200,1,1050719191,2003-04-19T02:26:31.000Z,imports,ntoskrnl.dll,MmGetSystemRoutineAddress,f920ff63ad376001d8946fa22a8b598d,f2f95f9352cc89cd2e68d9483a82a3f789627a0472da9dfbce0e2245b2055d11,c:\Windows\WinSxS\amd64_microsoft-windows-usb-ude-classextension_31bf3856ad364e35_10.0.18362.1_none_b0c796bbe4104ea3\Udecx.sys
7,Udecx.sys,51200,1,1050719191,2003-04-19T02:26:31.000Z,imports,ntoskrnl.dll,MmMapLockedPagesSpecifyCache,f920ff63ad376001d8946fa22a8b598d,f2f95f9352cc89cd2e68d9483a82a3f789627a0472da9dfbce0e2245b2055d11,c:\Windows\WinSxS\amd64_microsoft-windows-usb-ude-classextension_31bf3856ad364e35_10.0.18362.1_none_b0c796bbe4104ea3\Udecx.sys
8,Udecx.sys,51200,1,1050719191,2003-04-19T02:26:31.000Z,imports,ntoskrnl.dll,ObfDereferenceObject,f920ff63ad376001d8946fa22a8b598d,f2f95f9352cc89cd2e68d9483a82a3f789627a0472da9dfbce0e2245b2055d11,c:\Windows\WinSxS\amd64_microsoft-windows-usb-ude-classextension_31bf3856ad364e35_10.0.18362.1_none_b0c796bbe4104ea3\Udecx.sys
9,Udecx.sys,51200,1,1050719191,2003-04-19T02:26:31.000Z,imports,ntoskrnl.dll,RtlCompareMemory,f920ff63ad376001d8946fa22a8b598d,f2f95f9352cc89cd2e68d9483a82a3f789627a0472da9dfbce0e2245b2055d11,c:\Windows\WinSxS\amd64_microsoft-windows-usb-ude-classextension_31bf3856ad364e35_10.0.18362.1_none_b0c796bbe4104ea3\Udecx.sys
10,Udecx.sys,51200,1,1050719191,2003-04-19T02:26:31.000Z,imports,ntoskrnl.dll,RtlCopyUnicodeString,f920ff63ad376001d8946fa22a8b598d,f2f95f9352cc89cd2e68d9483a82a3f789627a0472da9dfbce0e2245b2055d11,c:\Windows\WinSxS\amd64_microsoft-windows-usb-ude-classextension_31bf3856ad364e35_10.0.18362.1_none_b0c796bbe4104ea3\Udecx.sys
11,Udecx.sys,51200,1,1050719191,2003-04-19T02:26:31.000Z,imports,ntoskrnl.dll,RtlGetVersion,f920ff63ad376001d8946fa22a8b598d,f2f95f9352cc89cd2e68d9483a82a3f789627a0472da9dfbce0e2245b2055d11,c:\Windows\WinSxS\amd64_microsoft-windows-usb-ude-classextension_31bf3856ad364e35_10.0.18362.1_none_b0c796bbe4104ea3\Udecx.sys
12,Udecx.sys,51200,1,1050719191,2003-04-19T02:26:31.000Z,imports,ntoskrnl.dll,RtlInitUnicodeString,f920ff63ad376001d8946fa22a8b598d,f2f95f9352cc89cd2e68d9483a82a3f789627a0472da9dfbce0e2245b2055d11,c:\Windows\WinSxS\amd64_microsoft-windows-usb-ude-classextension_31bf3856ad364e35_10.0.18362.1_none_b0c796bbe4104ea3\Udecx.sys
13,Udecx.sys,51200,1,1050719191,2003-04-19T02:26:31.000Z,imports,ntoskrnl.dll,_vsnprintf,f920ff63ad376001d8946fa22a8b598d,f2f95f9352cc89cd2e68d9483a82a3f789627a0472da9dfbce0e2245b2055d11,c:\Windows\WinSxS\amd64_microsoft-windows-usb-ude-classextension_31bf3856ad364e35_10.0.18362.1_none_b0c796bbe4104ea3\Udecx.sys
14,Udecx.sys,51200,1,1050719191,2003-04-19T02:26:31.000Z,imports,ntoskrnl.dll,_vsnwprintf,f920ff63ad376001d8946fa22a8b598d,f2f95f9352cc89cd2e68d9483a82a3f789627a0472da9dfbce0e2245b2055d11,c:\Windows\WinSxS\amd64_microsoft-windows-usb-ude-classextension_31bf3856ad364e35_10.0.18362.1_none_b0c796bbe4104ea3\Udecx.sys
15,Udecx.sys,51200,1,1050719191,2003-04-19T02:26:31.000Z,imports,wdfldr.dll,WdfRegisterClassLibrary,f920ff63ad376001d8946fa22a8b598d,f2f95f9352cc89cd2e68d9483a82a3f789627a0472da9dfbce0e2245b2055d11,c:\Windows\WinSxS\amd64_microsoft-windows-usb-ude-classextension_31bf3856ad364e35_10.0.18362.1_none_b0c796bbe4104ea3\Udecx.sys
16,Udecx.sys,51200,1,1050719191,2003-04-19T02:26:31.000Z,imports,wdfldr.dll,WdfVersionBind,f920ff63ad376001d8946fa22a8b598d,f2f95f9352cc89cd2e68d9483a82a3f789627a0472da9dfbce0e2245b2055d11,c:\Windows\WinSxS\amd64_microsoft-windows-usb-ude-classextension_31bf3856ad364e35_10.0.18362.1_none_b0c796bbe4104ea3\Udecx.sys
17,Udecx.sys,51200,1,1050719191,2003-04-19T02:26:31.000Z,imports,wdfldr.dll,WdfVersionBindClass,f920ff63ad376001d8946fa22a8b598d,f2f95f9352cc89cd2e68d9483a82a3f789627a0472da9dfbce0e2245b2055d11,c:\Windows\WinSxS\amd64_microsoft-windows-usb-ude-classextension_31bf3856ad364e35_10.0.18362.1_none_b0c796bbe4104ea3\Udecx.sys
18,Udecx.sys,51200,1,1050719191,2003-04-19T02:26:31.000Z,imports,wdfldr.dll,WdfVersionUnbind,f920ff63ad376001d8946fa22a8b598d,f2f95f9352cc89cd2e68d9483a82a3f789627a0472da9dfbce0e2245b2055d11,c:\Windows\WinSxS\amd64_microsoft-windows-usb-ude-classextension_31bf3856ad364e35_10.0.18362.1_none_b0c796bbe4104ea3\Udecx.sys
19,Udecx.sys,51200,1,1050719191,2003-04-19T02:26:31.000Z,imports,wdfldr.dll,WdfVersionUnbindClass,f920ff63ad376001d8946fa22a8b598d,f2f95f9352cc89cd2e68d9483a82a3f789627a0472da9dfbce0e2245b2055d11,c:\Windows\WinSxS\amd64_microsoft-windows-usb-ude-classextension_31bf3856ad364e35_10.0.18362.1_none_b0c796bbe4104ea3\Udecx.sys
20,Udecx.sys,51200,1,1050719191,2003-04-19T02:26:31.000Z,imports,wpprecorder.dll,WppAutoLogStart,f920ff63ad376001d8946fa22a8b598d,f2f95f9352cc89cd2e68d9483a82a3f789627a0472da9dfbce0e2245b2055d11,c:\Windows\WinSxS\amd64_microsoft-windows-usb-ude-classextension_31bf3856ad364e35_10.0.18362.1_none_b0c796bbe4104ea3\Udecx.sys
21,Udecx.sys,51200,1,1050719191,2003-04-19T02:26:31.000Z,imports,wpprecorder.dll,WppAutoLogStop,f920ff63ad376001d8946fa22a8b598d,f2f95f9352cc89cd2e68d9483a82a3f789627a0472da9dfbce0e2245b2055d11,c:\Windows\WinSxS\amd64_microsoft-windows-usb-ude-classextension_31bf3856ad364e35_10.0.18362.1_none_b0c796bbe4104ea3\Udecx.sys
22,Udecx.sys,51200,1,1050719191,2003-04-19T02:26:31.000Z,imports,wpprecorder.dll,WppAutoLogTrace,f920ff63ad376001d8946fa22a8b598d,f2f95f9352cc89cd2e68d9483a82a3f789627a0472da9dfbce0e2245b2055d11,c:\Windows\WinSxS\amd64_microsoft-windows-usb-ude-classextension_31bf3856ad364e35_10.0.18362.1_none_b0c796bbe4104ea3\Udecx.sys
23,Udecx.sys,51200,1,1050719191,2003-04-19T02:26:31.000Z,imports,wpprecorder.dll,imp_WppRecorderReplay,f920ff63ad376001d8946fa22a8b598d,f2f95f9352cc89cd2e68d9483a82a3f789627a0472da9dfbce0e2245b2055d11,c:\Windows\WinSxS\amd64_microsoft-windows-usb-ude-classextension_31bf3856ad364e35_10.0.18362.1_none_b0c796bbe4104ea3\Udecx.sys
