,col0,col1,col2,col3,col4,col5,col6,col7,col8,col9,col10,col11,col12,col13,col14,col15,col16,col17,col18,col19
0,a03ecc14-9bad-11eb-a8a2-19ed5c03f8d3,genus,Leptocapnodium,,,(G. Arnaud) Cif. & Bat.,"Q4516707,Q4079389",1963.0,,"in Batista & Ciferri, Saccardoa 2: 121 (1963)",,,,,,,,,2761.0, 
1,6cca3a72-9bac-11eb-a8a2-19ed5c03f8d3,species,brasiliense,Leptocapnodium,,(Puttemans) Bat. & Cif.,"Q4079389,Q4516707",,,,,,,45b3932a-9bac-11eb-a8a2-19ed5c03f8d3,,,,,333160.0, 
2,1eb20684-9bad-11eb-a8a2-19ed5c03f8d3,species,juniperi,Leptocapnodium,,(W. Phillips & Plowr.) Bat. & Cif.,"Q4079389,Q4516707",1963.0,,Saccardoa 2: 122 (1963),,,,1e441418-9bac-11eb-a8a2-19ed5c03f8d3,,,,,333161.0, 
3,7cae20ec-9bad-11eb-a8a2-19ed5c03f8d3,species,krameri,Leptocapnodium,,Bat. & Cif.,"Q4079389,Q4516707",,,,,,,7cae20ec-9bad-11eb-a8a2-19ed5c03f8d3,,,,,333162.0, 
4,1eb2496e-9bad-11eb-a8a2-19ed5c03f8d3,species,walteri,Leptocapnodium,,(Sacc.) Bat. & Cif.,"Q707840,Q4079389,Q4516707",1963.0,,Saccardoa 2: 125 (1963),,,,7558cad2-9bac-11eb-a8a2-19ed5c03f8d3,,,,,333163.0, 
5,bafbe394-8fd1-11eb-924d-9cd76263cbd0,species,loeselii,Leptocarpaea,,(L.) DC.,"Q1043,Q123057",1821.0,,Syst. Nat. 2: 202 1821,,,,,,286480-1,wfo-0001244781,3046877.0,,
