,col0,col1,col2,col3,col4,col5
0,2,David M.Bourg,ゲーム開発のための物理シミュレーション入門―Physics for Game Developers,オーム社,4410,427406526X
1,3,ヘンリー スウィーザル,The Java 3D API仕様 (JAVAシリーズ),アスキー,6720,4756130178
2,4,石井 裕,CSCWとグループウェア―協創メディアとしてのコンピュータ (ヒューマンコミュニケーション工学シリーズ),オーム社,2548,427407787X
3,5,ドナルド・A. ノーマン,インビジブルコンピュータ―PCから情報アプライアンスへ,新曜社,3465,4788511711
4,6,シェリー パワーズ,初めてのJavaScript,オライリージャパン,2730,4873113229
5,7,宮本 信二,Eclipse 3.4完全攻略,ソフトバンククリエイティブ,2940,4797350490
6,8,竹添 直樹,Eclipse 3.4 プラグイン開発 徹底攻略 Eclipse 3.4 Ganymede対応,毎日コミュニケーションズ,4095,4839929726
7,9,(株)アンク,Javaの絵本 増補改訂版,翔泳社,1659,9784798108377
8,10,江渡 浩一郎,パターン、Wiki、XP ~時を超えた創造の原則 (WEB+DB PRESS plusシリーズ),技術評論社,2394,4774138975
9,11,結城浩,新版C言語プログラミングレッスン 文法編,ソフトバンク クリエイティブ,2100,479733679X
10,12,結城 浩,増補改訂版Java言語で学ぶデザインパターン入門,ソフトバンククリエイティブ,3990,4797327030
11,13,竹下 隆史,マスタリングTCP/IP 入門編 第4版,オーム社,2310,4274066770
12,14,折中 良樹,実践マスター Mac OS X Version10.5 Leopard,ソーテック社,2310,4881666258
13,15,Joshua Bloch,Effective Java プログラミング言語ガイド,ピアソン・エデュケーション,2730,4894714361
14,16,アラン・シャロウェイ,デザインパターンとともに学ぶオブジェクト指向のこころ (Software patterns series),ピアソン・エデュケーション,3990,4894716844
15,17,蒲地 輝尚,はじめて読む486―32ビットコンピュータをやさしく語る,アスキー,2548,4756102131
16,18,藤倉 俊幸,リアルタイム/マルチタスクシステムの徹底研究―組み込みシステムの基本とタスクスケジューリング技術の基礎 (TECHI),CQ出版,2200,4789833267
17,19,川合 秀実,30日でできる! OS自作入門,毎日コミュニケーションズ,3990,4839919844
18,20,ロバート・C・マーチン,アジャイルソフトウェア開発の奥義,ソフトバンククリエイティブ,6090,4797323361
19,21,アンドリュー・S・タネンバウム,分散システム 原理とパラダイム 第2版,ピアソンエデュケーション,7980,4894714981
20,22,エリック ガンマ,オブジェクト指向における再利用のためのデザインパターン,ソフトバンククリエイティブ,5040,4797311126
21,23,結城 浩,増補改訂版 Java言語で学ぶデザインパターン入門 マルチスレッド編,ソフトバンククリエイティブ,4935,4797331623
22,24,Tucker,憂鬱なプログラマのためのオブジェクト指向開発講座―C++による実践的ソフトウェア構築入門 (DDJ Selection),翔泳社,3360,4881356194
23,25,宮野 公樹,学生・研究者のための 使える!PowerPointスライドデザイン 伝わるプレゼン1つの原理と3つの技術,化学同人,1890,4759811753
24,26,坂井 弘亮,C言語によるオブジェクト指向プログラミング入門,翔泳社,2940,4798121134
25,27,Garr Reynolds,プレゼンテーション Zen,ピアソンエデュケーション,2415,4894713284
26,28,板谷 康夫,企業人と理工系学生のための知的財産権概論―特許から著作権まで,日刊工業新聞社,1470,4526058866
27,29,石田 綾,スモールコンパイラ の制作で学ぶ プログラムのしくみ,技術評論社,1974,4774121770
28,30,石川 竜也,プログラミングのスパイス (C magazine),ソフトバンククリエイティブ,2940,4797330252
29,31,北山 洋幸,.NETフレームワークのためのC#システムプログラミング―Visual Studio2008対応,カットシステム,6090,4877831924
30,32,松浦 健一郎,Windows Vistaガジェットプログラミング,秀和システム,2730,4798016586
31,33,粂井 康孝,猫でもわかるWindowsプログラミング 第2版 (Neko series),ソフトバンククリエイティブ,2940,4797328487
32,34,F. ブッシュマン,ソフトウェアアーキテクチャ―ソフトウェア開発のためのパターン体系,近代科学社,4830,4764902834
33,35,鷲崎 弘宜,ソフトウェアパターン―パターン指向の実践ソフトウェア開発 (トップエスイー実践講座),近代科学社,3780,4764903482
34,36,ディーン・レフィングウェル,アジャイル開発の本質とスケールアップ 変化に強い大規模開発を成功させる14のベストプラクティス (IT Architects’ Archive),翔泳社,3780,4798120405
35,37,米田 友洋,ディペンダブルシステム―高信頼システム実現のための耐故障・検証・テスト技術,共立出版,3885,432012152X
36,38,バリー ウイルキンソン,並列プログラミング入門―ネットワーク結合UNIXマシンによる並列処理,丸善,4095,4621047736
37,39,藤田 眞作,LATEX2εコマンドブック (コマンドブックシリーズ),ソフトバンククリエイティブ,3570,4797322802
38,40,佐藤 竜一,エンジニアのためのWord再入門講座 美しくメンテナンス性の高い開発ドキュメントの作り方,翔泳社,2310,4798117137
39,41,阿部 圭一,明文術 伝わる日本語の書きかた,NTT出版,1890,4757101961
40,42,アンドリュー・S. タネンバウム,分散システム―原理とパラダイム,ピアソンエデュケーション,8925,4894715562
41,43,スティーブ J.メラー,Executable UML MDAモデル駆動型アーキテクチャの基礎 (Object Oriented SELECTION),翔泳社,3990,479810602X
42,44,Kenneth L. Calvert,TCP/IPソケットプログラミング Java編,オーム社,1890,4274065200
43,45,奥村 晴彦,[改訂第4版]  LaTeX2ε美文書作成入門,技術評論社,3339,4774129844
44,46,野口 ジュディー,理系たまごシリーズ（3）理系英語のライティング,アルク,3990,4757411464
45,47,野口 ジュディー,理系たまごシリーズ（4）理系英語のプレゼンテーション,アルク,3990,4757411472
46,49,水島 和憲,Eclipse 3.1によるJavaアプリケーション開発     オープンソース徹底活用,秀和システム,2940,4798012254
47,50,Ed Burnette,初めてのAndroid,オライリージャパン,2310,4873114098
48,51,小野 真樹/夷藤 勇人/米山 学/他,Eclipse パーフェクトマニュアルベストセレクション,技術評論社,2814,4774131946
49,52,ジェローム・ディマジオ,初めてのGoogle Androidプログラミング サンプルで学ぶ必須作法と基本手順,日経BP社,3150,4822283712
50,53,アスキー書籍編集部,Mac OS X 10.5 Leopard UNIX的システム構築,アスキー,3150,4756151167
51,54,松本 光春,10日でおぼえるFedora Core 6サーバ構築・管理入門教室,翔泳社,2940,4798111600
52,55,エリック ガンマ,Eclipseプラグイン開発,ソフトバンククリエイティブ,3990,4797324899
53,56,竹添 直樹,Eclipseプラグイン開発徹底攻略―Eclipse 3.2対応,毎日コミュニケーションズ,3990,4839922195
54,57,高橋 忍,Windows Mobile 5.0 アプリケーション開発 Beginner&#039;s Book (Gihyo Technology),技術評論社,3129,4774128910
55,58,丸山 宏,XMLとJavaによるWebアプリケーション開発,ピアソンエデュケーション,6090,4894716623
56,59,佐久嶋 ひろみ,JavaScriptハッカーズ・プログラミング—Webエキスパートが知っておきたい基本から応用まで,メディアテック出版,3024,4896272862
57,60,谷尻 かおり,Visual C# 2005 [実践]プログラミングテクニック 応用できる基本の書き方,技術評論社,3864,4774129453
58,61,池谷 京子,Visual C#2005 逆引き大全500の極意,秀和システム,2730,479801382X
59,62,シーズ,改訂第5版 オールカラー  HTML ポケットリファレンス (POCKET REFERENCE),技術評論社,1764,4774126489
60,63,奥村 晴彦,［改訂第3版］LATEX 2ε美文書作成入門,技術評論社,3129,4774119407
61,64,結城 浩,C言語プログラミングレッスン 入門編―ANSI対応 (SOFTBANK BOOKS),ソフトバンククリエイティブ,2100,4797307579
62,65,クレイグ ハント,TCP/IPネットワーク管理,オライリージャパン,6720,4873111293
63,66,Ken Coar,Apacheクックブック 第2版 ―Webサーバ管理者のためのレシピ集,オライリージャパン,3360,4873113814
64,67,Ben Laurie,Apacheハンドブック,オライリージャパン,4830,4873111501
65,68,ポール アルビッツ,DNS&amp;BIND,オライリー・ジャパン,5250,4900900915
66,69,田中 ナルミ,MySQLコマンドブック,ソフトバンククリエイティブ,2520,4797330821
67,70,沓名 亮典,Linux コマンド (ポケットリファレンス),技術評論社,2394,4774123609
68,71,北浦 訓行,UNIXシェル入門 (エッセンシャルソフトウェアガイドブック),技術評論社,2499,4774139203
69,72,高安 厚思,StrutsによるWebアプリケーションスーパーサンプル,ソフトバンククリエイティブ,3360,4797329963
70,73,アイティーブースト,はじめてのJSP&amp;サーブレットプログラミング―Eclipse WTP 2.0対応 (TECHNICAL MASTER),秀和システム,2940,4798017566
71,74,Sing Li,"Beginning J2ME: From Novice to Professional, Third Edition",Apress,4436,1590594797
72,75,Lynn Beighley,Head First: Php &amp; Mysql (A Brain-Friendly Guide),Oreilly &amp; Associates Inc,4436,596006306
73,76,Scott Oaks,Jxta in a Nutshell (In a Nutshell (O&#039;Reilly)),Oreilly &amp; Associates Inc,3446,059600236X
74,77,David Flanagan,Java In A Nutshell,Oreilly &amp; Associates Inc,4306,596007736
75,78,Brett McLaughlin,Head Rush Ajax (Head First),Oreilly &amp; Associates Inc,4118,596102259
76,79,Elisabeth Freeman,Head First Html With CSS &amp; XHTML,Oreilly &amp; Associates Inc,3943,059610197X
77,80,Ethan Watrall,Head First Web Design (A Brain Friendly Guide),Oreilly &amp; Associates Inc,4929,596520301
78,81,Bruno Lowagie,Itext in Action: Creating And Manipulating PDF,Manning Pubns Co,4929,1932394796
79,82,Premchand S. Nair,Java Programming Fundamentals: Problem Solving Through Object Oriented Analysis and Design,Crc Pr I Llc,8377,1420065475
80,83,Alan Shalloway,Design Patterns Explained: A New Perspective on Object-Oriented Design (2nd Edition) (Software Patterns Series),Addison-Wesley Professional,5267,321247140
81,84,Martin Scheibl,Peer-to-Peer Collaboration,VDM Verlag,5634,3836485826
82,85,Ron White,How Computers Work (9th Edition) (How It Works),Que,3450,789736136
83,86,Ronen Feldman,The Text Mining Handbook: Advanced Approaches in Analyzing Unstructured Data,Cambridge University Press,5882,521836573
84,87,Daniel Brookshier,JXTA: Java P2P Programming (Kaleidoscope),Sams,3835,672323664
85,88,日経BP社出版局,クラウド大全 サービス詳細から基盤技術まで,日経BP社,2520,4822283887
86,89,George Reese,Cloud Application Architectures (Theory in Practice (O&#039;Reilly)),Oreilly &amp; Associates Inc,2957,596156367
87,90,John W. Rittinghouse,"Cloud Computing: Implementation, Management, and Security",Crc Pr I Llc,7521,1439806802
88,91,山口 泰,Javaによる3Dグラフィクス入門,昭晃堂,2940,4785690747
89,92,Stephen Prata,C++ Primer Plus (5th Edition) (Primer Plus (Sams)),Sams,5199,672326973
90,93,Barry Holmes,Object-Oriented Programming With Java,Jones &amp; Bartlett Pub,4043,763714356
91,94,Robert W. Sebesta,Programming the World Wide Web (4th Edition),Addison Wesley,7982,321489691
92,95,Mark G. Sobell,"A Practical Guide to Linux(R) Commands, Editors, and Shell Programming",Prentice Hall PTR,4361,131478230
93,96,Joshua Bloch,Effective Java (2nd Edition) (Java Series),Prentice Hall,5422,321356683
94,97,Andrew S. Tanenbaum,Structured Computer Organization,Pearson Education (US),7221,135094054
95,98,Larry L. Peterson,"Computer Networks, Fourth Edition: A Systems Approach (The Morgan Kaufmann Series in Networking)",Morgan Kaufmann,8108,123705487
96,99,Marcus Heege,Expert Visual C++/CLI: .NET for Visual C++ Programmers (Expert&#039;s Voice in .Net),Apress,6408,1590597567
97,100,Andrew S Tanenbaum,Operating Systems Design and Implementation (3rd Edition) (Prentice Hall Software Series),Prentice Hall,14001,131429388
98,101,Ajay D. Kshemkalyani,"Distributed Computing: Principles, Algorithms, and Systems",Cambridge University Press,7071,521876346
99,102,David A. Patterson,"Computer Organization and Design, Fourth Edition, Fourth Edition: The Hardware/Software Interface (The Morgan Kaufmann Series in Computer Architecture and Design)",Morgan Kaufmann,6768,123744938
100,103,Jean Dollimore,Distributed Systems: Concepts and Design (4th Edition) (International Computer Science Series),Addison Wesley,7521,321263545
101,104,Andrew S. Tanenbaum,Computer Networks (4th Edition),Prentice Hall,11240,130661023
102,105,C. J. Date,An Introduction to Database Systems,Addison-Wesley,4621,201513811
103,106,Andrew S. Tanenbaum,Distributed Systems: Principles and Paradigms (2nd Edition),Prentice Hall,7069,132392275
104,107,Ozy,Short Coding ~職人達の技法~,毎日コミュニケーションズ,2940,4839925232
105,108,奥村 晴彦,Javaによるアルゴリズム事典,技術評論社,2709,4774117293
106,109,前橋 和弥,センス・オブ・プログラミング!―抽象的に考えること・データ構造を理解すること,技術評論社,2079,4774121738
107,110,ジョン ベントリー,珠玉のプログラミング―本質を見抜いたアルゴリズムとデータ構造,ピアソンエデュケーション,3570,4894712369
108,111,木下 誠,iPhone SDK 3 プログラミング大全 実践プログラミング (MacPeople Books),アスキー・メディアワークス,2940,4048679910
109,112,岩谷 宏,入門 正規表現 ~検索・置換・テキスト処理に強くなる!,技術評論社,2079,477413404X
110,113,宮坂 雅輝,SQLハンドブック 第2版 (Technical Handbook Series),ソフトバンククリエイティブ,2079,4797326611
111,114,上平 哲,入門Subversion―Windows/Linux対応,秀和システム,2310,4798013730
112,115,Mike Mason,Subversion実践入門:達人プログラマに学ぶバージョン管理(第2版),オーム社,2730,4274066800
113,116,武井 一巳,Mac・Windows・Linuxが1台で使える,メディア・テック出版,2394,4896273184
114,117,中島 能和,CentOS徹底入門 第2版 (DVD付),翔泳社,4494,4798114626
115,118,Benjamin Mako Hill; Jono Bacon; Corey Burger; Jonathan Jesse; Ivan Krstic,Ubuntu 徹底入門 The Official Ubuntu Book 日本語版 (DVD付),翔泳社,4389,4798113271
116,119,ヴイエムウェア株式会社,VMware徹底入門 (DVD付),翔泳社,3654,4798118095
117,120,Satnam Alag,集合知イン・アクション,ソフトバンククリエイティブ,3990,4797352000
118,121,北 研二,情報検索アルゴリズム,共立出版,3570,4320120361
119,122,R. セジウィック,アルゴリズムC・新版―基礎・データ構造・整列・探索,近代科学社,7140,4764903091
120,123,佐久嶋 ひろみ,PHPの薬箱―エラー・トラブル回避のテクニックとセキュリティ対策,九天社,2940,486167140X
121,124,ニール ブラッドリー,XSLT完全活用マニュアル,ピアソンエデュケーション,3360,4894713535
122,125,古籏 一浩,改訂第3版 JavaScriptポケットリファレンス Pocket reference,技術評論社,2289,4774117269
123,126,山田 祥寛,Pocket詳解 PHP辞典,秀和システム,2520,479801270X
124,127,スタンリー・B・リップマン,C++ プライマー 第4版 IT Architect’ Archive クラシックモダン・コンピューティング (IT Architects’ Archive―CLASSIC MODERN COMPUTING),翔泳社,7560,4798109924
125,128,B.W. カーニハン,プログラミング言語C 第2版 ANSI規格準拠,共立出版,2940,4320026926
126,129,シーズ,Web配色事典 Webセーフカラー編,技術評論社,2079,4774122599
127,130,島川 博光,プログラミングのための計算機科学入門〈1〉始めるための基本事項,昭晃堂,2625,4785631643
128,131,高田 秀志,計算機科学入門 2―プログラミングのための,昭晃堂,2100,4785631678
129,132,速水 治夫,データベース (IT Text),オーム社,2625,4274132544
130,133,大久保 英嗣,オペレーティングシステムの基礎 (ライブラリ新情報工学の基礎 (5)),サイエンス社,1680,4781908608
131,134,荒木 健治,自然言語処理ことはじめ―言葉を覚え会話のできるコンピュータ,森北出版,2310,4627828519
132,136,藤村 淳,科学とその歩み,東京教学社,2100,4808200031
133,137,紀平 拓男,プログラミングの宝箱 アルゴリズムとデータ構造 (C magazine),ソフトバンククリエイティブ,2940,4797324198
134,138,大西 淳,要求工学―プロセスと環境トラック (ソフトウェアテクノロジー),共立出版,3780,4320027825
135,139,金田一 春彦,新明解日本語アクセント辞典,三省堂,3780,438513670X
136,140,Erika Lenkert,Frommer&#039;s San Francisco 2005 (Frommer&#039;s Complete),Frommers,1732,764571850
137,141,門川 俊明,研究留学術―研究者のためのアメリカ留学ガイド,医歯薬出版,3360,426320171X
138,146,地球の歩き方編集室,A29 地球の歩き方 北欧 2008~2009,ダイヤモンド社,1785,4478055637
139,148,茂木 健一郎,プロフェッショナルたちの脳活用法〈2〉育ての極意とアンチエイジング (生活人新書),日本放送出版協会,735,4140883103
140,149,金出 武雄,素人のように考え、玄人として実行する―問題解決のメタ技術,PHP研究所,1575,456962457X
141,150,稲盛和夫,働き方―「なぜ働くのか」「いかに働くのか」,三笠書房,1470,4837923100
142,151,西田 圭介,Googleを支える技術 ‾巨大システムの内側の世界 (WEB+DB PRESSプラスシリーズ),技術評論社,2394,4774134325
143,152,湯浦 克彦,ITガバナンスの構造―SOX法とCSRが変える企業システム,エスアイビーアクセス,3360,4434075578
144,153,武田 邦彦,環境問題はなぜウソがまかり通るのか (Yosensha Paperbacks),洋泉社,1000,4862481221
145,154,ジェイムズ・H.M. ウェブ,日本人に共通する英語のミス121,ジャパンタイムズ,1121,4789005933
146,155,ティム リンドホルム,Java仮想マシン仕様 (The Java series),ピアソンエデュケーション,4200,489471356X
147,156,ロブ ゴードン,JNI:Java Native Interfaceプログラミング―C/C++コードを用いたJavaアプリケーション開発 (Java books),ピアソン・エデュケーション,4725,4894710803
148,157,ジェームズ ゴスリン,Java言語仕様 第3版 (The Java Series),ピアソンエデュケーション,5985,4894717158
149,158,大村 忠史,Java GUIプログラミング (Vol.1),カットシステム,3990,4877831851
150,159,大村 忠史,Java GUIプログラミング vol.2―Java SE6対応,カットシステム,4725,487783186X
151,160,ジョゼフ・オニール,独習Java 第4版,翔泳社,3360,4798117153
152,161,小高 知宏,基礎からわかるTCP/IP Javaネットワークプログラミング,オーム社,2625,4274064867
153,162,ジーン・コリエネック,Squeakプログラミング入門―オブジェクトランドへの招待,エスアイビーアクセス,2940,4434043307
154,163,大庭 慎一郎,入門LEGO MINDSTORMS NXT 第2版,ソフトバンククリエイティブ,2835,4797355794
155,164,BJ・アレン=コン,子どもの思考力を高める「スクイーク」 理数力をみるみるあげる魔法の授業,WAVE出版,1890,4872902114
156,165,Thoru Yamamoto,スクイークであそぼう【CD-ROM付】,翔泳社,1995,4798104809
157,166,梅沢 真史,自由自在Squeakプログラミング,ソフトリサーチセンター,3990,4883732037
158,167,青木 淳,Smalltalkで学ぶオブジェクト指向プログラミングの本質,日経BP社,4410,4822283623
159,168,OpenGL策定委員会,OpenGLプログラミングガイド 原著第5版,ピアソンエデュケーション,13650,4894717239
160,170,林 武文; 吉田 英代,Java3Dによる3次元CGプログラミング,コロナ社,2205,4339024201
161,171,平岡 和幸,プログラミングのための線形代数,オーム社,3150,4274065782
162,172,昌達 慶仁,詳解 画像処理プログラミング C言語で実装する画像処理アルゴリズムのすべて,ソフトバンククリエイティブ,3990,4797344377
163,173,石塚 丈晴,誰でも簡単にできる学校Webサイト活用法―学校の情報公開、地域・保護者との連携のために,高陵社書店,1680,4771105502
164,174,Dave Thomas,プログラミングRuby 第2版 言語編,オーム社,3990,4274066428
165,175,山田 祥寛,Smarty入門‾PHP＋テンプレート・エンジンでつくるMVCアプリケーション‾,翔泳社,2940,4798108839
166,176,米田 聡,Googleマップ+Ajaxで自分の地図をつくる本  Google Maps API徹底活用,ソフトバンク クリエイティブ,2079,4797332875
167,177,古籏 一浩,Ajax逆引きクイックリファレンスWeb2.0対応for Windows &amp; Macintosh,毎日コミュニケーションズ,2940,4839920354
168,178,西沢直木,ASPによるWebアプリケーションスーパーサンプル 増補改訂版,ソフトバンククリエイティブ,3360,4797336226
169,179,生形 洋一,改訂 ASP.NET2.0実践プログラミング入門,技術評論社,3570,4774132462
170,180,鹿倉 公維,MASHUP++,九天社,3360,4861671655
171,181,グラハム グラス,Webサービス入門―Javaを使って覚える簡単SOAP、WSDL、UDDIプログラミング,ピアソンエデュケーション,3360,4894715902
172,182,鷹野 雅弘,Illustrator CS2 完全制覇パーフェクト,翔泳社,3129,4798109711
173,183,大澤 文孝,prototype.jsとscript.aculo.usによるリッチWebアプリケーション開発,翔泳社,2940,4798116092
174,184,河内 正紀,ワンランク上を目指す CSSクリエイティブ・デザイン,技術評論社,2814,4774131636
175,185,境 祐司,速習Webデザイン DREAMWEAVER 8 (Quick Master of Web Design),技術評論社,2919,4774128368
176,186,上田 修子,OpenPNEではじめる自作SNS入門,翔泳社,2730,4798112100
177,187,クン・イー ファン,XSLT Web開発者ガイド,ピアソンエデュケーション,3570,4894714817
178,188,野村 弘明,モバイルGPSナビゲーションブック,ピーワーク,2079,4939128113
179,189,布留川 英一,MIDP2.0 携帯Javaアプリ開発ハンドブック―M1000/702NK対応,毎日コミュニケーションズ,3150,4839918996
180,190,フランク・アブルソン,コードからわかるAndroidプログラミングのしくみ 開発で困ったときの解決アプローチ,日経BP社,3360,4822284093
181,191,橋本 佳幸,iPhoneアプリネットワーク+GPSプログラミング,秀和システム,2940,4798024244
182,192,Mark Lutz,初めてのPython 第3版,オライリージャパン,4830,4873113938
183,193,Eric Freeman,Head Firstデザインパターン ―頭とからだで覚えるデザインパターンの基本,オライリージャパン,4830,4873112494
184,194,David Flanagan,JavaScriptクイックリファレンス,オライリージャパン,2940,4873113253
185,195,Michael Mahemoff,Ajaxデザインパターン ―ユーザビリティと開発効率の向上のために,オライリー・ジャパン,5040,4873113237
186,196,Tom White,Hadoop,オライリージャパン,4830,487311439X
187,197,ウィリアム グロッソ,Java RMI,オライリー・ジャパン,6195,4873110866
188,198,Lynn Beighley,Head First SQL ―頭とからだで覚えるSQLの基本,オライリージャパン,4410,4873113695
189,199,Daniel P. Bovet,詳解 Linuxカーネル 第3版,オライリー・ジャパン,6930,487311313X
190,200,Jenifer Tidwell,デザイニング・インターフェース ―パターンによる実践的インタラクションデザイン,オライリー・ジャパン,3990,4873113164
191,201,Ben Fry,ビジュアライジング・データ ―Processingによる情報視覚化手法,オライリージャパン,3780,4873113784
192,202,Bill Siggelkow,Jakarta Strutsクックブック,オライリージャパン,3570,4873112737
193,203,Randal L. Schwartz,続・初めてのPerl 改訂版,オライリー・ジャパン,3360,4873113059
194,204,ランダル・L. シュワルツ,初めてのPerl,オライリージャパン,3780,4873111269
195,205,イーサン セラミ,Webサービスエッセンシャルズ,オライリー・ジャパン,3360,4873110890
196,206,David Sklar,初めてのPHP5,オライリージャパン,2940,4873112575
197,207,Cal Henderson,スケーラブルWebサイト,オライリー・ジャパン,3570,4873113113
198,208,James Kalbach,デザイニング・ウェブナビゲーション ―最適なユーザーエクスペリエンスの設計,オライリージャパン,4200,4873114101
199,209,Colin Moock,詳説 ActionScript 3.0,オライリージャパン,6090,4873113873
200,210,Carl Albing,bashクックブック,オライリージャパン,4410,4873113768
201,211,スティーブ オウアルライン,C++実践プログラミング,オライリージャパン,6090,487311148X
202,212,Toby Segaran,集合知プログラミング,オライリージャパン,3570,4873113644
203,213,David Flanagan,JavaScript 第5版,オライリー・ジャパン,4410,4873113296
204,214,Jesse Liberty,初めてのC# 第2版,オライリージャパン,2940,487311294X
205,215,ジェシー リバティ,プログラミングC#―C#2.0/.NET2.0/Visual Studio2005対応,オライリージャパン,5040,4873112648
206,216,Michael Barr,CとGNU開発ツールによる組み込みシステムプログラミング 第2版,オライリー・ジャパン,3360,4873113261
207,217,Chad Fowler,Railsレシピ,オライリー・ジャパン,2940,4873113121
208,218,Scott Raymond,Ajax on Rails,オライリー・ジャパン,2940,4873113326
209,219,宮崎 駿,風の谷のナウシカ 1 (アニメージュコミックスワイド判),徳間書店,410,4197735812
210,220,宮崎 駿,風の谷のナウシカ 2 (アニメージュコミックスワイド判),徳間書店,410,4197735820
211,221,宮崎 駿,風の谷のナウシカ 3 (アニメージュコミックスワイド判),徳間書店,410,4197755147
212,222,宮崎 駿,風の谷のナウシカ 4 (アニメージュコミックスワイド判),徳間書店,410,4197775512
213,223,宮崎 駿,風の谷のナウシカ 5 (アニメージュコミックスワイド判),徳間書店,410,4197710615
214,224,宮崎 駿,風の谷のナウシカ 6 (アニメージュコミックスワイド判),徳間書店,410,4197731205
215,225,宮崎 駿,風の谷のナウシカ 7,徳間書店,530,4197700253
216,226,江川 崇,Google Androidプログラミング入門,アスキー・メディアワークス,3990,4048679562
217,227,Dennis E. Shasha,プログラマのための論理パズル 難題を突破する論理思考トレーニング,オーム社,2520,4274067556
218,228,中村 成洋,ガベージコレクションのアルゴリズムと実装,秀和システム,3360,4798025623
219,229,R.M. Menon,Expert Oracle JDBC Programming (Oaktable Press),Apress,5915,159059407X
220,231,John Garmany,"Oracle Replication: Snapshot, Multi-Master &amp; Materialized Views Scripts (Oracle in-Focus)",Rampant Tech Pr,2756,972751335
221,232,Toby Segaran,Programming Collective Intelligence: Building Smart Web 2.0 Applications,Oreilly &amp; Associates Inc,3943,596529325
222,233,エドワード エンジェル,OpenGL入門―やさしいコンピュータグラフィックス (スタンダードテキスト),ピアソンエデュケーション,3150,4894714426
223,234,チェット・ハーゼ,Filthy Rich Clients アニメーションとグラフィカルエフェクトを使ったデスクトップJavaアプリケーション (The Java Series),ピアソンエデュケーション,5670,4894712830
224,235,ニール コブリッツ,数論アルゴリズムと楕円暗号理論入門 (シュプリンガー数学クラブ),シュプリンガー・フェアラーク東京,5250,4431707271
225,236,Sanjiva Weerawarana,"Web Services Platform Architecture: SOAP, WSDL, WS-Policy, WS-Addressing, WS-BPEL, WS-Reliable Messaging, and More",Prentice Hall,5415,131488740
226,237,Matjaz B. Juric,Business Process Execution Language for Web Services,Packt Publishing,6901,1904811817
227,238,Rashim Mogha,Java Web Services Programming,Wiley,4929,764549529
228,239,杉村 太郎,絶対内定2009 エントリーシート,ダイヤモンド社,1890,4478002142
229,240,本田 勝裕,勝つ!就職 採用される履歴書・エントリーシート・自己PR・志望動機実例集〈2009年度〉 (就職合格虎の巻),主婦の友社,1365,4072569755
230,241,若林 登,はじめてのAndroidプログラミング (I・O BOOKS),工学社,1995,4777514358
231,242,早川 義晴,電験三種よくわかる理論 (なるほどナットク!―「電験三種よくわかる」シリーズ),オーム社,2310,4274164942
232,243,SPIノートの会,必勝・就職試験! 【TG-WEB対策用】8割が落とされる「Webテスト」完全突破法【2】 2010年度版,洋泉社,1575,4862483305
233,244,SPIノートの会,[テストセンター対応] これが本当のSPI2だ! (2011年度版),洋泉社,1470,4862484050
234,245,柳本新二,2010年度版 新傾向! SPI 完全版 (高橋の就職シリーズ),高橋書店,1365,4471686224
235,246,SPIノートの会,この業界・企業でこの「採用テスト」が使われている! 2011年度版,洋泉社,1575,4862484344
236,248,羽田野太巳,徹底解説HTML5マークアップガイドブック,秀和システム,3150,4798025291
237,249,白石 俊平,HTML5&amp;API入門,日経BP社,2940,4822284220
238,250,Giulio Zambon,"Beginning JSP™, JSF™ and Tomcat™ Web Development: From Novice to Professional",Apress,3943,1590599047
239,251,真先 敏弘,酒乱になる人、ならない人 (新潮新書),新潮社,714,4106100487
240,252,川島 隆太,記憶がなくなるまで飲んでも、なぜ家にたどり着けるのか?,ダイヤモンド社,1365,4478000891
241,253,池上 彰,相手に「伝わる」話し方 (講談社現代新書),講談社,756,4061496204
242,254,青木仁志,一生折れない自信のつくり方,アチーブメントシュッパン,1365,4902222795
243,255,野中 郁次郎,知識創造企業,東洋経済新報社,2100,4492520813
244,256,高山 恭介,iPhoneSDK開発のレシピ,秀和システム,2520,4798025798
245,258,菅 民郎,らくらく図解 アンケート分析教室,オーム社,2730,4274066932
246,259,Brett McLaughlin,Head Rush Ajax ―学びながら読むAjax入門,オライリー・ジャパン,3570,4873113105
247,260,清野 克行,Google App Engine for Java実践クラウド・プログラミング,秀和システム,3360,4798025615
248,261,中田 秀基,すっきりわかるGoogle App Engine for Javaクラウドプログラミング,ソフトバンククリエイティブ,3360,4797357606
249,262,矢野 啓介,プログラマのための文字コード技術入門 (WEB+DB PRESS plus) (WEB+DB PRESS plusシリーズ),技術評論社,2709,477414164X
250,263,山影 進,人工社会構築指南―artisocによるマルチエージェント・シミュレーション入門 (人工社会の可能性),書籍工房早山,3780,9784886115034
251,264,木村 聡,Javaフレームワーク開発入門,ソフトバンククリエイティブ,3360,4797353406
252,265,Kathy Sierra,Head First Java 第2版 ―頭とからだで覚えるJavaの基本,オライリージャパン,4200,9784873112794
253,266,林 晃,Objective-C逆引きハンドブック,シーアンドアール研究所,3990,4863540515
254,267,赤間 世紀,Javaによる2D/3D CGプログラミング―「JDK 6u6」「Java 3D」で学ぶ、コンピュータグラフィックスの理論と実際 (I・O BOOKS),工学社,1995,4777513718
255,268,久保田 賢一,構成主義パラダイムと学習環境デザイン,関西大学出版部,1995,9784873543086
256,269,菅 民郎,らくらく図解 アンケート分析教室,オーム社,2730,9784274066931
257,270,マーク プレンスキー,デジタルゲーム学習―シリアスゲーム導入・実践ガイド,東京電機大学出版局,4515,4501545402
258,271,あんどうやすし,Google Wave 入門 サービス概要、APIからオープンソースWaveサーバーまで――リアルタイムWebの最前線,日経BP社,3150,4822284387
259,272,ネロ クリスティアニーニ,サポートベクターマシン入門,共立出版,4200,4320121341
260,273,ガー・レイノルズ,プレゼンテーションzenデザイン,ピアソン桐原,2520,4894713993
261,274,酒井 聡樹,これから論文を書く若者のために 大改訂増補版,共立出版,2730,9784320005716
262,275,酒井 聡樹,これからレポート・卒論を書く若者のために,共立出版,1890,9784320005747
263,276,亀井 且有,学生のための基礎電子回路,共立出版,2415,4320086384
264,277,中田 亨,理系のための「即効!」卒業論文術 (ブルーバックス),講談社,861,9784062576666
265,278,Jonathan Stark,iPhoneアプリケーション開発ガイド　―HTML+CSS+JavaScript による開発手法,オライリージャパン,1995,4873114616
266,279,佐藤 孝治,&lt;就活&gt;廃止論 (PHP新書),PHP研究所,777,4569775586
267,280,柳本 新二,2011年度版 新傾向!SPI 完全版,高橋書店,1365,4471696157
268,281,坂本直文,2011年度版 内定者はこう書いた! エントリーシート・履歴書・志望動機・自己PR 完全版,高橋書店,1365,4471696238
269,282,柳本新二,2010年度版 新傾向! SPI 完全版 (高橋の就職シリーズ),高橋書店,1365,9784471686222
270,283,坂本直文,2010年度版 内定者はこう書いた! エントリーシート・履歴書・志望動機・自己PR 完全版,高橋書店,1365,4471686356
271,284,小林公夫,2011年度版 出るとこだけ!〔一問一答〕一般常識&amp;最新時事,高橋書店,1260,4471696289
272,285,酒井正敬,2011年度版 内定を決める 面接の極意,高橋書店,1050,4471696335
273,287,SPIノートの会,この業界・企業でこの「採用テスト」が使われている! 2011年度版,洋泉社,1575,9784862484345
274,288,SPIノートの会,直前でもOK! [パソコン版SPI2] これが本当のテストセンターだ! 2011年度版,洋泉社,1470,4862484263
275,289,田口 久人,受かる! 面接力養成シート,日本実業出版社,1260,4534046731
276,290,就職総合研究所,2011年度版 履歴書エントリーシート志望動機自己PRの書き方 (就職の赤本シリーズ),日本シナプス,1365,9784904487044
277,291,Joe Armstrong,プログラミングErlang,オーム社,4620,4274067149
278,292,山本 陽平,Webを支える技術 -HTTP、URI、HTML、そしてREST (WEB+DB PRESS plus),技術評論社,2699,4774142042
279,293,小田 圭二,44のアンチパターンに学ぶDBシステム (DB Magazine SELECTION),翔泳社,2310,4798121045
280,294,石原 直樹,ずばりわかる! Java Javaの良いコード、悪いコード (日経BPパソコンベストムック),日経BP社,2200,4822228347
281,295,Michael J. Donahoo,TCP/IPソケットプログラミング C言語編,オーム社,1890,4274065197
282,296,木下 是雄,理科系の作文技術 (中公新書 (624)),中央公論新社,735,9784121006240
283,297,Tarek Ziade,エキスパートPythonプログラミング,アスキー・メディアワークス,3780,4048686291
284,298,粕谷 茂,ものづくり技術アドバンスト 図解これで使えるTRIZ/USIT,日本能率協会マネジメントセンター,2625,4820743716
285,299,高橋 信,マンガでわかる統計学,オーム社,2100,4274065707
286,300,岩佐 英彦,授業評価・市場調査のための「アンケート」調査・分析ができる本,秀和システム,1890,4798023965
287,301,林 晃,iPhoneアプリ開発 熟達テクニック,シーアンドアール研究所,3570,4863540841
288,302,George F. Coulouris,Distributed Systems,Pearson Education Limited,6220,273760599
289,303,ビャーネ・ストラウストラップ,ストラウストラップのプログラミング入門,翔泳社,8190,4798119598
290,304,Matthew A. Russell,入門 ソーシャルデータ ―データマイニング、分析、可視化のテクニック,オライリージャパン,3570,4873115132
291,306,Vimサポーターズ,Vimテクニックバイブル　~作業効率をカイゼンする150の技,技術評論社,3129,4774147958
292,307,秋葉 拓哉 ,プログラミングコンテストチャレンジブック ,毎日コミュニケーションズ,3444,4839931992
293,308,Steven Bird,入門 自然言語処理,オライリージャパン,3990,4873114705
294,309,酒井 聡樹,これから学会発表する若者のために -ポスターと口頭のプレゼン技術-,共立出版,2835,4320005791
295,310,Leslie Lamport,LaTeX: A Document Preparation System (Addison-Wesley Series on Tools and Techniques for Computer T),Addison-Wesley Professional,3936,201529831
296,311,Stefan Kottwitz,Latex Beginner&#039;s Guide,Packt Publishing,3693,1847199860
297,312,渡波 郁,CPUの創りかた,毎日コミュニケーションズ,2940,4839909865
298,314,墺 タカユキ,"総合英語Forest, 4th edition",桐原書店,1491,4342010100
299,315,Brendon J. Wilson,JXTAのすべて―P2P Javaプログラミング,日経BP社,3990,4822281566
300,317,ビジネスリサーチ・ジャパン,最新2011年版　図解　業界地図が一目でわかる本 (知的生きかた文庫),三笠書房,630,4837978738
301,318,豊田 義博,就活エリートの迷走 (ちくま新書),筑摩書房,798,4480065857
302,319,柏原 正三,C言語アルゴリズム+徹底入門 (標準プログラマーズライブラリ),技術評論社,2604,4774112046
303,320,近藤 勝重,早大院生と考えた文章がうまくなる13の秘訣,幻冬舎,1470,4344017757
304,321,Joshua Marinacci,Java Swing Hacks ―今日から使える驚きのGUIプログラミング集,オライリージャパン,3780,4873112788
305,322,Kathy Sierra,Head First Java 第2版 ―頭とからだで覚えるJavaの基本,オライリージャパン,4200,4873112796
306,323,"Jerry Lee, Jr. Ford",Scratch Programming for Teens (For Teens (Course Technology)),Course Technology Ptr,2404,1598635360
307,324,神馬豪,ゲーミフィケーション,大和出版,1575,4804717773
308,325,蒲生 睦男,基礎から学ぶ facebookアプリ開発,シーアンドアール研究所,3675,4863540949
309,326,Robert C. Martin,Clean Code アジャイルソフトウェア達人の技,アスキー・メディアワークス,5040,4048676881
310,327,ビープラウド,Pythonプロフェッショナルプログラミング,秀和システム,2940,4798032948
311,328,松田 晃一,WebGL+HTML5 3DCGプログラミング入門,カットシステム,6090,4877832734
312,329,Christopher D.Manning,情報検索の基礎,共立出版,8400,4320123220
313,330,Lynn Beighley,Head First PHP &amp; MySQL ―頭とからだで覚えるWebアプリケーション開発の基本,オライリージャパン,4410,4873114446
314,331,上松 正朗,英語抄録・口頭発表・論文作成虎の巻―忙しい若手ドクターのために,南江堂,2625,4524242120
315,332,C.S.ラングハム,国際学会English―挨拶・口演・発表・質問・座長進行,医歯薬出版,2625,4263433335
316,333,C.S. Langham,国際学会Englishスピーキング・エクササイズ口演・発表・応答,医歯薬出版,3150,4263433394
317,334,安原 和也,英語論文基礎表現７１７,三修社,1680,4384033524
318,335,廣岡 慶彦,理科系のための実戦英語プレゼンテーション,朝倉書店,2835,4254101821
319,336,Zigurd Mednieks,プログラミングAndroid,オライリージャパン,3570,4873115353
320,337,廣岡慶彦,理科系のための入門英語プレゼンテーション[CD付改訂版],朝倉書店,2730,425410250X
321,338,酒井 浩二,Excelで今すぐ実践!感性的評価―AHPとその実践例,ナカニシヤ出版,2520,4779502691
322,339,川栄 聡史,Excelでできる統計的官能評価法 CD-ROM付,日科技連出版社,5670,4817192380
323,340,光成 滋生,パターン認識と機械学習の学習―ベイズ理論に挫折しないための数学,暗黒通信団,1050,4873101662
324,341,Susan Weinschenk,インタフェースデザインの心理学 ―ウェブやアプリに新たな視点をもたらす100の指針,オライリージャパン,2940,4873115574
325,342,清水俊博,サーバサイドJavaScript Node.js入門,アスキー・メディアワークス,3990,4048703676
326,343,Alex MacCaw,ステートフルJavaScript ―MVCアーキテクチャに基づくWebアプリケーションの状態管理,オライリージャパン,2940,487311554X
327,344,Zigurd Mednieks,Programming Android: Java Programming for the New Generation of Mobile Devices,Oreilly &amp; Associates Inc,3733,1449316646
328,345,樽本 徹也,ユーザビリティエンジニアリング―ユーザ調査とユーザビリティ評価実践テクニック,オーム社,2625,4274201449
329,346,本橋信也,NOSQLの基礎知識 (ビッグデータを活かすデータベース技術),リックテレコム,2520,4897978874
330,347,Steve Fulton,HTML5 Canvas,オライリージャパン,3360,4873115272
331,348,"Peter Cripps, Peter Eeles","Process of Software Architecting, The",Addison-Wesley Professional,4563,321357485
332,349,Kate L. Turabian,"A Manual for Writers of Research Papers, Theses, and Dissertations: Chicago Style for Students and Researchers (Chicago Guides to Writing, Editing, and Publishing)",Univ of Chicago Pr (T),1449,226823377
333,356,林 晃,基礎から学ぶ iPhoneアプリ開発,シーアンドアール研究所,3150,486354071X
334,357,山内 祐平,ワークショップデザイン論―創ることで学ぶ,慶應義塾大学出版会,1890,4766420381
335,358,Ian H. Witten,"Data Mining: Practical Machine Learning Tools and Techniques, Third Edition (The Morgan Kaufmann Series in Data Management Systems)",Morgan Kaufmann,7255,123748569
336,359,Gordon S. Linoff,"Data Mining Techniques: For Marketing, Sales, and Customer Relationship Management",Wiley,5185,470650931
337,360,Matthew A. Russell,"Mining the Social Web: Data Mining Facebook, Twitter, Linkedin, Google+, Github, and More",Oreilly &amp; Associates Inc,4666,1449367615
338,361,小林 一行,最新MATLABハンドブック,秀和システム,3150,4798031372
339,362,Narasimha Karumanchi,入門 データ構造とアルゴリズム,オライリー・ジャパン,3800,9784873116341
340,363,西尾 泰和,コーディングを支える技術,技術評論社,2470,9784774156545
341,364,増永 良文,ソーシャルコンピューティング入門,サイエンス社,2400,9784781913216
