,col0,col1,col2,col3,col4,col5,col6,col7,col8,col9,col10
0,SyncAppvPublishingServer.exe,37904,2,2993574363,2064-11-10T20:26:03.000Z,imports,kernel32.dll,CreateMutexExW,3289dbe4246c6c455f326f7b0b610e76,8804df07c9c6ac5b6bfafb0a528a6aee6c0607a21e88e1f2ae5274f8c995b122,c:\Windows\WinSxS\amd64_microsoft-windows-a..nagement-appvclient_31bf3856ad364e35_10.0.18362.752_none_223caef659cb8ba4\SyncAppvPublishingServer.exe
1,SyncAppvPublishingServer.exe,37904,2,2993574363,2064-11-10T20:26:03.000Z,imports,kernel32.dll,CreateSemaphoreExW,3289dbe4246c6c455f326f7b0b610e76,8804df07c9c6ac5b6bfafb0a528a6aee6c0607a21e88e1f2ae5274f8c995b122,c:\Windows\WinSxS\amd64_microsoft-windows-a..nagement-appvclient_31bf3856ad364e35_10.0.18362.752_none_223caef659cb8ba4\SyncAppvPublishingServer.exe
2,SyncAppvPublishingServer.exe,37904,2,2993574363,2064-11-10T20:26:03.000Z,imports,kernel32.dll,DebugBreak,3289dbe4246c6c455f326f7b0b610e76,8804df07c9c6ac5b6bfafb0a528a6aee6c0607a21e88e1f2ae5274f8c995b122,c:\Windows\WinSxS\amd64_microsoft-windows-a..nagement-appvclient_31bf3856ad364e35_10.0.18362.752_none_223caef659cb8ba4\SyncAppvPublishingServer.exe
3,SyncAppvPublishingServer.exe,37904,2,2993574363,2064-11-10T20:26:03.000Z,imports,kernel32.dll,FormatMessageW,3289dbe4246c6c455f326f7b0b610e76,8804df07c9c6ac5b6bfafb0a528a6aee6c0607a21e88e1f2ae5274f8c995b122,c:\Windows\WinSxS\amd64_microsoft-windows-a..nagement-appvclient_31bf3856ad364e35_10.0.18362.752_none_223caef659cb8ba4\SyncAppvPublishingServer.exe
4,SyncAppvPublishingServer.exe,37904,2,2993574363,2064-11-10T20:26:03.000Z,imports,kernel32.dll,GetConsoleWindow,3289dbe4246c6c455f326f7b0b610e76,8804df07c9c6ac5b6bfafb0a528a6aee6c0607a21e88e1f2ae5274f8c995b122,c:\Windows\WinSxS\amd64_microsoft-windows-a..nagement-appvclient_31bf3856ad364e35_10.0.18362.752_none_223caef659cb8ba4\SyncAppvPublishingServer.exe
5,SyncAppvPublishingServer.exe,37904,2,2993574363,2064-11-10T20:26:03.000Z,imports,kernel32.dll,GetCurrentProcess,3289dbe4246c6c455f326f7b0b610e76,8804df07c9c6ac5b6bfafb0a528a6aee6c0607a21e88e1f2ae5274f8c995b122,c:\Windows\WinSxS\amd64_microsoft-windows-a..nagement-appvclient_31bf3856ad364e35_10.0.18362.752_none_223caef659cb8ba4\SyncAppvPublishingServer.exe
6,SyncAppvPublishingServer.exe,37904,2,2993574363,2064-11-10T20:26:03.000Z,imports,kernel32.dll,GetCurrentProcessId,3289dbe4246c6c455f326f7b0b610e76,8804df07c9c6ac5b6bfafb0a528a6aee6c0607a21e88e1f2ae5274f8c995b122,c:\Windows\WinSxS\amd64_microsoft-windows-a..nagement-appvclient_31bf3856ad364e35_10.0.18362.752_none_223caef659cb8ba4\SyncAppvPublishingServer.exe
7,SyncAppvPublishingServer.exe,37904,2,2993574363,2064-11-10T20:26:03.000Z,imports,kernel32.dll,GetCurrentThreadId,3289dbe4246c6c455f326f7b0b610e76,8804df07c9c6ac5b6bfafb0a528a6aee6c0607a21e88e1f2ae5274f8c995b122,c:\Windows\WinSxS\amd64_microsoft-windows-a..nagement-appvclient_31bf3856ad364e35_10.0.18362.752_none_223caef659cb8ba4\SyncAppvPublishingServer.exe
8,SyncAppvPublishingServer.exe,37904,2,2993574363,2064-11-10T20:26:03.000Z,imports,kernel32.dll,GetLastError,3289dbe4246c6c455f326f7b0b610e76,8804df07c9c6ac5b6bfafb0a528a6aee6c0607a21e88e1f2ae5274f8c995b122,c:\Windows\WinSxS\amd64_microsoft-windows-a..nagement-appvclient_31bf3856ad364e35_10.0.18362.752_none_223caef659cb8ba4\SyncAppvPublishingServer.exe
9,SyncAppvPublishingServer.exe,37904,2,2993574363,2064-11-10T20:26:03.000Z,imports,kernel32.dll,GetModuleFileNameA,3289dbe4246c6c455f326f7b0b610e76,8804df07c9c6ac5b6bfafb0a528a6aee6c0607a21e88e1f2ae5274f8c995b122,c:\Windows\WinSxS\amd64_microsoft-windows-a..nagement-appvclient_31bf3856ad364e35_10.0.18362.752_none_223caef659cb8ba4\SyncAppvPublishingServer.exe
10,SyncAppvPublishingServer.exe,37904,2,2993574363,2064-11-10T20:26:03.000Z,imports,kernel32.dll,GetModuleHandleExW,3289dbe4246c6c455f326f7b0b610e76,8804df07c9c6ac5b6bfafb0a528a6aee6c0607a21e88e1f2ae5274f8c995b122,c:\Windows\WinSxS\amd64_microsoft-windows-a..nagement-appvclient_31bf3856ad364e35_10.0.18362.752_none_223caef659cb8ba4\SyncAppvPublishingServer.exe
11,SyncAppvPublishingServer.exe,37904,2,2993574363,2064-11-10T20:26:03.000Z,imports,kernel32.dll,GetModuleHandleW,3289dbe4246c6c455f326f7b0b610e76,8804df07c9c6ac5b6bfafb0a528a6aee6c0607a21e88e1f2ae5274f8c995b122,c:\Windows\WinSxS\amd64_microsoft-windows-a..nagement-appvclient_31bf3856ad364e35_10.0.18362.752_none_223caef659cb8ba4\SyncAppvPublishingServer.exe
12,SyncAppvPublishingServer.exe,37904,2,2993574363,2064-11-10T20:26:03.000Z,imports,kernel32.dll,GetProcAddress,3289dbe4246c6c455f326f7b0b610e76,8804df07c9c6ac5b6bfafb0a528a6aee6c0607a21e88e1f2ae5274f8c995b122,c:\Windows\WinSxS\amd64_microsoft-windows-a..nagement-appvclient_31bf3856ad364e35_10.0.18362.752_none_223caef659cb8ba4\SyncAppvPublishingServer.exe
13,SyncAppvPublishingServer.exe,37904,2,2993574363,2064-11-10T20:26:03.000Z,imports,kernel32.dll,GetProcessHeap,3289dbe4246c6c455f326f7b0b610e76,8804df07c9c6ac5b6bfafb0a528a6aee6c0607a21e88e1f2ae5274f8c995b122,c:\Windows\WinSxS\amd64_microsoft-windows-a..nagement-appvclient_31bf3856ad364e35_10.0.18362.752_none_223caef659cb8ba4\SyncAppvPublishingServer.exe
14,SyncAppvPublishingServer.exe,37904,2,2993574363,2064-11-10T20:26:03.000Z,imports,kernel32.dll,GetStartupInfoW,3289dbe4246c6c455f326f7b0b610e76,8804df07c9c6ac5b6bfafb0a528a6aee6c0607a21e88e1f2ae5274f8c995b122,c:\Windows\WinSxS\amd64_microsoft-windows-a..nagement-appvclient_31bf3856ad364e35_10.0.18362.752_none_223caef659cb8ba4\SyncAppvPublishingServer.exe
15,SyncAppvPublishingServer.exe,37904,2,2993574363,2064-11-10T20:26:03.000Z,imports,kernel32.dll,GetSystemTimeAsFileTime,3289dbe4246c6c455f326f7b0b610e76,8804df07c9c6ac5b6bfafb0a528a6aee6c0607a21e88e1f2ae5274f8c995b122,c:\Windows\WinSxS\amd64_microsoft-windows-a..nagement-appvclient_31bf3856ad364e35_10.0.18362.752_none_223caef659cb8ba4\SyncAppvPublishingServer.exe
16,SyncAppvPublishingServer.exe,37904,2,2993574363,2064-11-10T20:26:03.000Z,imports,kernel32.dll,HeapAlloc,3289dbe4246c6c455f326f7b0b610e76,8804df07c9c6ac5b6bfafb0a528a6aee6c0607a21e88e1f2ae5274f8c995b122,c:\Windows\WinSxS\amd64_microsoft-windows-a..nagement-appvclient_31bf3856ad364e35_10.0.18362.752_none_223caef659cb8ba4\SyncAppvPublishingServer.exe
17,SyncAppvPublishingServer.exe,37904,2,2993574363,2064-11-10T20:26:03.000Z,imports,kernel32.dll,HeapFree,3289dbe4246c6c455f326f7b0b610e76,8804df07c9c6ac5b6bfafb0a528a6aee6c0607a21e88e1f2ae5274f8c995b122,c:\Windows\WinSxS\amd64_microsoft-windows-a..nagement-appvclient_31bf3856ad364e35_10.0.18362.752_none_223caef659cb8ba4\SyncAppvPublishingServer.exe
18,SyncAppvPublishingServer.exe,37904,2,2993574363,2064-11-10T20:26:03.000Z,imports,kernel32.dll,InitializeSListHead,3289dbe4246c6c455f326f7b0b610e76,8804df07c9c6ac5b6bfafb0a528a6aee6c0607a21e88e1f2ae5274f8c995b122,c:\Windows\WinSxS\amd64_microsoft-windows-a..nagement-appvclient_31bf3856ad364e35_10.0.18362.752_none_223caef659cb8ba4\SyncAppvPublishingServer.exe
19,SyncAppvPublishingServer.exe,37904,2,2993574363,2064-11-10T20:26:03.000Z,imports,kernel32.dll,IsDebuggerPresent,3289dbe4246c6c455f326f7b0b610e76,8804df07c9c6ac5b6bfafb0a528a6aee6c0607a21e88e1f2ae5274f8c995b122,c:\Windows\WinSxS\amd64_microsoft-windows-a..nagement-appvclient_31bf3856ad364e35_10.0.18362.752_none_223caef659cb8ba4\SyncAppvPublishingServer.exe
20,SyncAppvPublishingServer.exe,37904,2,2993574363,2064-11-10T20:26:03.000Z,imports,kernel32.dll,IsProcessorFeaturePresent,3289dbe4246c6c455f326f7b0b610e76,8804df07c9c6ac5b6bfafb0a528a6aee6c0607a21e88e1f2ae5274f8c995b122,c:\Windows\WinSxS\amd64_microsoft-windows-a..nagement-appvclient_31bf3856ad364e35_10.0.18362.752_none_223caef659cb8ba4\SyncAppvPublishingServer.exe
21,SyncAppvPublishingServer.exe,37904,2,2993574363,2064-11-10T20:26:03.000Z,imports,kernel32.dll,OpenSemaphoreW,3289dbe4246c6c455f326f7b0b610e76,8804df07c9c6ac5b6bfafb0a528a6aee6c0607a21e88e1f2ae5274f8c995b122,c:\Windows\WinSxS\amd64_microsoft-windows-a..nagement-appvclient_31bf3856ad364e35_10.0.18362.752_none_223caef659cb8ba4\SyncAppvPublishingServer.exe
22,SyncAppvPublishingServer.exe,37904,2,2993574363,2064-11-10T20:26:03.000Z,imports,kernel32.dll,OutputDebugStringW,3289dbe4246c6c455f326f7b0b610e76,8804df07c9c6ac5b6bfafb0a528a6aee6c0607a21e88e1f2ae5274f8c995b122,c:\Windows\WinSxS\amd64_microsoft-windows-a..nagement-appvclient_31bf3856ad364e35_10.0.18362.752_none_223caef659cb8ba4\SyncAppvPublishingServer.exe
23,SyncAppvPublishingServer.exe,37904,2,2993574363,2064-11-10T20:26:03.000Z,imports,kernel32.dll,QueryPerformanceCounter,3289dbe4246c6c455f326f7b0b610e76,8804df07c9c6ac5b6bfafb0a528a6aee6c0607a21e88e1f2ae5274f8c995b122,c:\Windows\WinSxS\amd64_microsoft-windows-a..nagement-appvclient_31bf3856ad364e35_10.0.18362.752_none_223caef659cb8ba4\SyncAppvPublishingServer.exe
24,SyncAppvPublishingServer.exe,37904,2,2993574363,2064-11-10T20:26:03.000Z,imports,kernel32.dll,ReleaseMutex,3289dbe4246c6c455f326f7b0b610e76,8804df07c9c6ac5b6bfafb0a528a6aee6c0607a21e88e1f2ae5274f8c995b122,c:\Windows\WinSxS\amd64_microsoft-windows-a..nagement-appvclient_31bf3856ad364e35_10.0.18362.752_none_223caef659cb8ba4\SyncAppvPublishingServer.exe
25,SyncAppvPublishingServer.exe,37904,2,2993574363,2064-11-10T20:26:03.000Z,imports,kernel32.dll,ReleaseSemaphore,3289dbe4246c6c455f326f7b0b610e76,8804df07c9c6ac5b6bfafb0a528a6aee6c0607a21e88e1f2ae5274f8c995b122,c:\Windows\WinSxS\amd64_microsoft-windows-a..nagement-appvclient_31bf3856ad364e35_10.0.18362.752_none_223caef659cb8ba4\SyncAppvPublishingServer.exe
26,SyncAppvPublishingServer.exe,37904,2,2993574363,2064-11-10T20:26:03.000Z,imports,kernel32.dll,SetLastError,3289dbe4246c6c455f326f7b0b610e76,8804df07c9c6ac5b6bfafb0a528a6aee6c0607a21e88e1f2ae5274f8c995b122,c:\Windows\WinSxS\amd64_microsoft-windows-a..nagement-appvclient_31bf3856ad364e35_10.0.18362.752_none_223caef659cb8ba4\SyncAppvPublishingServer.exe
27,SyncAppvPublishingServer.exe,37904,2,2993574363,2064-11-10T20:26:03.000Z,imports,kernel32.dll,SetUnhandledExceptionFilter,3289dbe4246c6c455f326f7b0b610e76,8804df07c9c6ac5b6bfafb0a528a6aee6c0607a21e88e1f2ae5274f8c995b122,c:\Windows\WinSxS\amd64_microsoft-windows-a..nagement-appvclient_31bf3856ad364e35_10.0.18362.752_none_223caef659cb8ba4\SyncAppvPublishingServer.exe
28,SyncAppvPublishingServer.exe,37904,2,2993574363,2064-11-10T20:26:03.000Z,imports,kernel32.dll,TerminateProcess,3289dbe4246c6c455f326f7b0b610e76,8804df07c9c6ac5b6bfafb0a528a6aee6c0607a21e88e1f2ae5274f8c995b122,c:\Windows\WinSxS\amd64_microsoft-windows-a..nagement-appvclient_31bf3856ad364e35_10.0.18362.752_none_223caef659cb8ba4\SyncAppvPublishingServer.exe
29,SyncAppvPublishingServer.exe,37904,2,2993574363,2064-11-10T20:26:03.000Z,imports,kernel32.dll,UnhandledExceptionFilter,3289dbe4246c6c455f326f7b0b610e76,8804df07c9c6ac5b6bfafb0a528a6aee6c0607a21e88e1f2ae5274f8c995b122,c:\Windows\WinSxS\amd64_microsoft-windows-a..nagement-appvclient_31bf3856ad364e35_10.0.18362.752_none_223caef659cb8ba4\SyncAppvPublishingServer.exe
30,SyncAppvPublishingServer.exe,37904,2,2993574363,2064-11-10T20:26:03.000Z,imports,kernel32.dll,WaitForSingleObject,3289dbe4246c6c455f326f7b0b610e76,8804df07c9c6ac5b6bfafb0a528a6aee6c0607a21e88e1f2ae5274f8c995b122,c:\Windows\WinSxS\amd64_microsoft-windows-a..nagement-appvclient_31bf3856ad364e35_10.0.18362.752_none_223caef659cb8ba4\SyncAppvPublishingServer.exe
31,SyncAppvPublishingServer.exe,37904,2,2993574363,2064-11-10T20:26:03.000Z,imports,kernel32.dll,WaitForSingleObjectEx,3289dbe4246c6c455f326f7b0b610e76,8804df07c9c6ac5b6bfafb0a528a6aee6c0607a21e88e1f2ae5274f8c995b122,c:\Windows\WinSxS\amd64_microsoft-windows-a..nagement-appvclient_31bf3856ad364e35_10.0.18362.752_none_223caef659cb8ba4\SyncAppvPublishingServer.exe
32,SyncAppvPublishingServer.exe,37904,2,2993574363,2064-11-10T20:26:03.000Z,imports,user32.dll,ShowWindow,3289dbe4246c6c455f326f7b0b610e76,8804df07c9c6ac5b6bfafb0a528a6aee6c0607a21e88e1f2ae5274f8c995b122,c:\Windows\WinSxS\amd64_microsoft-windows-a..nagement-appvclient_31bf3856ad364e35_10.0.18362.752_none_223caef659cb8ba4\SyncAppvPublishingServer.exe
33,SyncAppvPublishingServer.exe,37904,2,2993574363,2064-11-10T20:26:03.000Z,imports,api-ms-win-crt-runtime-l1-1-0.dll,_c_exit,3289dbe4246c6c455f326f7b0b610e76,8804df07c9c6ac5b6bfafb0a528a6aee6c0607a21e88e1f2ae5274f8c995b122,c:\Windows\WinSxS\amd64_microsoft-windows-a..nagement-appvclient_31bf3856ad364e35_10.0.18362.752_none_223caef659cb8ba4\SyncAppvPublishingServer.exe
34,SyncAppvPublishingServer.exe,37904,2,2993574363,2064-11-10T20:26:03.000Z,imports,api-ms-win-crt-runtime-l1-1-0.dll,_initterm,3289dbe4246c6c455f326f7b0b610e76,8804df07c9c6ac5b6bfafb0a528a6aee6c0607a21e88e1f2ae5274f8c995b122,c:\Windows\WinSxS\amd64_microsoft-windows-a..nagement-appvclient_31bf3856ad364e35_10.0.18362.752_none_223caef659cb8ba4\SyncAppvPublishingServer.exe
35,SyncAppvPublishingServer.exe,37904,2,2993574363,2064-11-10T20:26:03.000Z,imports,api-ms-win-crt-runtime-l1-1-0.dll,_initterm_e,3289dbe4246c6c455f326f7b0b610e76,8804df07c9c6ac5b6bfafb0a528a6aee6c0607a21e88e1f2ae5274f8c995b122,c:\Windows\WinSxS\amd64_microsoft-windows-a..nagement-appvclient_31bf3856ad364e35_10.0.18362.752_none_223caef659cb8ba4\SyncAppvPublishingServer.exe
36,SyncAppvPublishingServer.exe,37904,2,2993574363,2064-11-10T20:26:03.000Z,imports,api-ms-win-crt-runtime-l1-1-0.dll,_register_thread_local_exe_atexit_callback,3289dbe4246c6c455f326f7b0b610e76,8804df07c9c6ac5b6bfafb0a528a6aee6c0607a21e88e1f2ae5274f8c995b122,c:\Windows\WinSxS\amd64_microsoft-windows-a..nagement-appvclient_31bf3856ad364e35_10.0.18362.752_none_223caef659cb8ba4\SyncAppvPublishingServer.exe
37,SyncAppvPublishingServer.exe,37904,2,2993574363,2064-11-10T20:26:03.000Z,imports,api-ms-win-crt-string-l1-1-0.dll,memset,3289dbe4246c6c455f326f7b0b610e76,8804df07c9c6ac5b6bfafb0a528a6aee6c0607a21e88e1f2ae5274f8c995b122,c:\Windows\WinSxS\amd64_microsoft-windows-a..nagement-appvclient_31bf3856ad364e35_10.0.18362.752_none_223caef659cb8ba4\SyncAppvPublishingServer.exe
38,SyncAppvPublishingServer.exe,37904,2,2993574363,2064-11-10T20:26:03.000Z,imports,api-ms-win-crt-private-l1-1-0.dll,_CxxThrowException,3289dbe4246c6c455f326f7b0b610e76,8804df07c9c6ac5b6bfafb0a528a6aee6c0607a21e88e1f2ae5274f8c995b122,c:\Windows\WinSxS\amd64_microsoft-windows-a..nagement-appvclient_31bf3856ad364e35_10.0.18362.752_none_223caef659cb8ba4\SyncAppvPublishingServer.exe
39,SyncAppvPublishingServer.exe,37904,2,2993574363,2064-11-10T20:26:03.000Z,imports,api-ms-win-crt-private-l1-1-0.dll,__C_specific_handler,3289dbe4246c6c455f326f7b0b610e76,8804df07c9c6ac5b6bfafb0a528a6aee6c0607a21e88e1f2ae5274f8c995b122,c:\Windows\WinSxS\amd64_microsoft-windows-a..nagement-appvclient_31bf3856ad364e35_10.0.18362.752_none_223caef659cb8ba4\SyncAppvPublishingServer.exe
40,SyncAppvPublishingServer.exe,37904,2,2993574363,2064-11-10T20:26:03.000Z,imports,api-ms-win-crt-private-l1-1-0.dll,__CxxFrameHandler3,3289dbe4246c6c455f326f7b0b610e76,8804df07c9c6ac5b6bfafb0a528a6aee6c0607a21e88e1f2ae5274f8c995b122,c:\Windows\WinSxS\amd64_microsoft-windows-a..nagement-appvclient_31bf3856ad364e35_10.0.18362.752_none_223caef659cb8ba4\SyncAppvPublishingServer.exe
41,SyncAppvPublishingServer.exe,37904,2,2993574363,2064-11-10T20:26:03.000Z,imports,api-ms-win-crt-private-l1-1-0.dll,_o___p__commode,3289dbe4246c6c455f326f7b0b610e76,8804df07c9c6ac5b6bfafb0a528a6aee6c0607a21e88e1f2ae5274f8c995b122,c:\Windows\WinSxS\amd64_microsoft-windows-a..nagement-appvclient_31bf3856ad364e35_10.0.18362.752_none_223caef659cb8ba4\SyncAppvPublishingServer.exe
42,SyncAppvPublishingServer.exe,37904,2,2993574363,2064-11-10T20:26:03.000Z,imports,api-ms-win-crt-private-l1-1-0.dll,_o___std_exception_copy,3289dbe4246c6c455f326f7b0b610e76,8804df07c9c6ac5b6bfafb0a528a6aee6c0607a21e88e1f2ae5274f8c995b122,c:\Windows\WinSxS\amd64_microsoft-windows-a..nagement-appvclient_31bf3856ad364e35_10.0.18362.752_none_223caef659cb8ba4\SyncAppvPublishingServer.exe
43,SyncAppvPublishingServer.exe,37904,2,2993574363,2064-11-10T20:26:03.000Z,imports,api-ms-win-crt-private-l1-1-0.dll,_o___std_exception_destroy,3289dbe4246c6c455f326f7b0b610e76,8804df07c9c6ac5b6bfafb0a528a6aee6c0607a21e88e1f2ae5274f8c995b122,c:\Windows\WinSxS\amd64_microsoft-windows-a..nagement-appvclient_31bf3856ad364e35_10.0.18362.752_none_223caef659cb8ba4\SyncAppvPublishingServer.exe
44,SyncAppvPublishingServer.exe,37904,2,2993574363,2064-11-10T20:26:03.000Z,imports,api-ms-win-crt-private-l1-1-0.dll,_o___stdio_common_vsnprintf_s,3289dbe4246c6c455f326f7b0b610e76,8804df07c9c6ac5b6bfafb0a528a6aee6c0607a21e88e1f2ae5274f8c995b122,c:\Windows\WinSxS\amd64_microsoft-windows-a..nagement-appvclient_31bf3856ad364e35_10.0.18362.752_none_223caef659cb8ba4\SyncAppvPublishingServer.exe
45,SyncAppvPublishingServer.exe,37904,2,2993574363,2064-11-10T20:26:03.000Z,imports,api-ms-win-crt-private-l1-1-0.dll,_o___stdio_common_vswprintf,3289dbe4246c6c455f326f7b0b610e76,8804df07c9c6ac5b6bfafb0a528a6aee6c0607a21e88e1f2ae5274f8c995b122,c:\Windows\WinSxS\amd64_microsoft-windows-a..nagement-appvclient_31bf3856ad364e35_10.0.18362.752_none_223caef659cb8ba4\SyncAppvPublishingServer.exe
46,SyncAppvPublishingServer.exe,37904,2,2993574363,2064-11-10T20:26:03.000Z,imports,api-ms-win-crt-private-l1-1-0.dll,_o__cexit,3289dbe4246c6c455f326f7b0b610e76,8804df07c9c6ac5b6bfafb0a528a6aee6c0607a21e88e1f2ae5274f8c995b122,c:\Windows\WinSxS\amd64_microsoft-windows-a..nagement-appvclient_31bf3856ad364e35_10.0.18362.752_none_223caef659cb8ba4\SyncAppvPublishingServer.exe
47,SyncAppvPublishingServer.exe,37904,2,2993574363,2064-11-10T20:26:03.000Z,imports,api-ms-win-crt-private-l1-1-0.dll,_o__configthreadlocale,3289dbe4246c6c455f326f7b0b610e76,8804df07c9c6ac5b6bfafb0a528a6aee6c0607a21e88e1f2ae5274f8c995b122,c:\Windows\WinSxS\amd64_microsoft-windows-a..nagement-appvclient_31bf3856ad364e35_10.0.18362.752_none_223caef659cb8ba4\SyncAppvPublishingServer.exe
48,SyncAppvPublishingServer.exe,37904,2,2993574363,2064-11-10T20:26:03.000Z,imports,api-ms-win-crt-private-l1-1-0.dll,_o__configure_wide_argv,3289dbe4246c6c455f326f7b0b610e76,8804df07c9c6ac5b6bfafb0a528a6aee6c0607a21e88e1f2ae5274f8c995b122,c:\Windows\WinSxS\amd64_microsoft-windows-a..nagement-appvclient_31bf3856ad364e35_10.0.18362.752_none_223caef659cb8ba4\SyncAppvPublishingServer.exe
49,SyncAppvPublishingServer.exe,37904,2,2993574363,2064-11-10T20:26:03.000Z,imports,api-ms-win-crt-private-l1-1-0.dll,_o__crt_atexit,3289dbe4246c6c455f326f7b0b610e76,8804df07c9c6ac5b6bfafb0a528a6aee6c0607a21e88e1f2ae5274f8c995b122,c:\Windows\WinSxS\amd64_microsoft-windows-a..nagement-appvclient_31bf3856ad364e35_10.0.18362.752_none_223caef659cb8ba4\SyncAppvPublishingServer.exe
50,SyncAppvPublishingServer.exe,37904,2,2993574363,2064-11-10T20:26:03.000Z,imports,api-ms-win-crt-private-l1-1-0.dll,_o__errno,3289dbe4246c6c455f326f7b0b610e76,8804df07c9c6ac5b6bfafb0a528a6aee6c0607a21e88e1f2ae5274f8c995b122,c:\Windows\WinSxS\amd64_microsoft-windows-a..nagement-appvclient_31bf3856ad364e35_10.0.18362.752_none_223caef659cb8ba4\SyncAppvPublishingServer.exe
51,SyncAppvPublishingServer.exe,37904,2,2993574363,2064-11-10T20:26:03.000Z,imports,api-ms-win-crt-private-l1-1-0.dll,_o__exit,3289dbe4246c6c455f326f7b0b610e76,8804df07c9c6ac5b6bfafb0a528a6aee6c0607a21e88e1f2ae5274f8c995b122,c:\Windows\WinSxS\amd64_microsoft-windows-a..nagement-appvclient_31bf3856ad364e35_10.0.18362.752_none_223caef659cb8ba4\SyncAppvPublishingServer.exe
52,SyncAppvPublishingServer.exe,37904,2,2993574363,2064-11-10T20:26:03.000Z,imports,api-ms-win-crt-private-l1-1-0.dll,_o__get_wide_winmain_command_line,3289dbe4246c6c455f326f7b0b610e76,8804df07c9c6ac5b6bfafb0a528a6aee6c0607a21e88e1f2ae5274f8c995b122,c:\Windows\WinSxS\amd64_microsoft-windows-a..nagement-appvclient_31bf3856ad364e35_10.0.18362.752_none_223caef659cb8ba4\SyncAppvPublishingServer.exe
53,SyncAppvPublishingServer.exe,37904,2,2993574363,2064-11-10T20:26:03.000Z,imports,api-ms-win-crt-private-l1-1-0.dll,_o__initialize_onexit_table,3289dbe4246c6c455f326f7b0b610e76,8804df07c9c6ac5b6bfafb0a528a6aee6c0607a21e88e1f2ae5274f8c995b122,c:\Windows\WinSxS\amd64_microsoft-windows-a..nagement-appvclient_31bf3856ad364e35_10.0.18362.752_none_223caef659cb8ba4\SyncAppvPublishingServer.exe
54,SyncAppvPublishingServer.exe,37904,2,2993574363,2064-11-10T20:26:03.000Z,imports,api-ms-win-crt-private-l1-1-0.dll,_o__initialize_wide_environment,3289dbe4246c6c455f326f7b0b610e76,8804df07c9c6ac5b6bfafb0a528a6aee6c0607a21e88e1f2ae5274f8c995b122,c:\Windows\WinSxS\amd64_microsoft-windows-a..nagement-appvclient_31bf3856ad364e35_10.0.18362.752_none_223caef659cb8ba4\SyncAppvPublishingServer.exe
55,SyncAppvPublishingServer.exe,37904,2,2993574363,2064-11-10T20:26:03.000Z,imports,api-ms-win-crt-private-l1-1-0.dll,_o__invalid_parameter_noinfo,3289dbe4246c6c455f326f7b0b610e76,8804df07c9c6ac5b6bfafb0a528a6aee6c0607a21e88e1f2ae5274f8c995b122,c:\Windows\WinSxS\amd64_microsoft-windows-a..nagement-appvclient_31bf3856ad364e35_10.0.18362.752_none_223caef659cb8ba4\SyncAppvPublishingServer.exe
56,SyncAppvPublishingServer.exe,37904,2,2993574363,2064-11-10T20:26:03.000Z,imports,api-ms-win-crt-private-l1-1-0.dll,_o__register_onexit_function,3289dbe4246c6c455f326f7b0b610e76,8804df07c9c6ac5b6bfafb0a528a6aee6c0607a21e88e1f2ae5274f8c995b122,c:\Windows\WinSxS\amd64_microsoft-windows-a..nagement-appvclient_31bf3856ad364e35_10.0.18362.752_none_223caef659cb8ba4\SyncAppvPublishingServer.exe
57,SyncAppvPublishingServer.exe,37904,2,2993574363,2064-11-10T20:26:03.000Z,imports,api-ms-win-crt-private-l1-1-0.dll,_o__seh_filter_exe,3289dbe4246c6c455f326f7b0b610e76,8804df07c9c6ac5b6bfafb0a528a6aee6c0607a21e88e1f2ae5274f8c995b122,c:\Windows\WinSxS\amd64_microsoft-windows-a..nagement-appvclient_31bf3856ad364e35_10.0.18362.752_none_223caef659cb8ba4\SyncAppvPublishingServer.exe
58,SyncAppvPublishingServer.exe,37904,2,2993574363,2064-11-10T20:26:03.000Z,imports,api-ms-win-crt-private-l1-1-0.dll,_o__set_app_type,3289dbe4246c6c455f326f7b0b610e76,8804df07c9c6ac5b6bfafb0a528a6aee6c0607a21e88e1f2ae5274f8c995b122,c:\Windows\WinSxS\amd64_microsoft-windows-a..nagement-appvclient_31bf3856ad364e35_10.0.18362.752_none_223caef659cb8ba4\SyncAppvPublishingServer.exe
59,SyncAppvPublishingServer.exe,37904,2,2993574363,2064-11-10T20:26:03.000Z,imports,api-ms-win-crt-private-l1-1-0.dll,_o__set_fmode,3289dbe4246c6c455f326f7b0b610e76,8804df07c9c6ac5b6bfafb0a528a6aee6c0607a21e88e1f2ae5274f8c995b122,c:\Windows\WinSxS\amd64_microsoft-windows-a..nagement-appvclient_31bf3856ad364e35_10.0.18362.752_none_223caef659cb8ba4\SyncAppvPublishingServer.exe
60,SyncAppvPublishingServer.exe,37904,2,2993574363,2064-11-10T20:26:03.000Z,imports,api-ms-win-crt-private-l1-1-0.dll,_o__set_new_mode,3289dbe4246c6c455f326f7b0b610e76,8804df07c9c6ac5b6bfafb0a528a6aee6c0607a21e88e1f2ae5274f8c995b122,c:\Windows\WinSxS\amd64_microsoft-windows-a..nagement-appvclient_31bf3856ad364e35_10.0.18362.752_none_223caef659cb8ba4\SyncAppvPublishingServer.exe
61,SyncAppvPublishingServer.exe,37904,2,2993574363,2064-11-10T20:26:03.000Z,imports,api-ms-win-crt-private-l1-1-0.dll,_o__wcsicmp,3289dbe4246c6c455f326f7b0b610e76,8804df07c9c6ac5b6bfafb0a528a6aee6c0607a21e88e1f2ae5274f8c995b122,c:\Windows\WinSxS\amd64_microsoft-windows-a..nagement-appvclient_31bf3856ad364e35_10.0.18362.752_none_223caef659cb8ba4\SyncAppvPublishingServer.exe
62,SyncAppvPublishingServer.exe,37904,2,2993574363,2064-11-10T20:26:03.000Z,imports,api-ms-win-crt-private-l1-1-0.dll,_o__wtoi,3289dbe4246c6c455f326f7b0b610e76,8804df07c9c6ac5b6bfafb0a528a6aee6c0607a21e88e1f2ae5274f8c995b122,c:\Windows\WinSxS\amd64_microsoft-windows-a..nagement-appvclient_31bf3856ad364e35_10.0.18362.752_none_223caef659cb8ba4\SyncAppvPublishingServer.exe
63,SyncAppvPublishingServer.exe,37904,2,2993574363,2064-11-10T20:26:03.000Z,imports,api-ms-win-crt-private-l1-1-0.dll,_o_exit,3289dbe4246c6c455f326f7b0b610e76,8804df07c9c6ac5b6bfafb0a528a6aee6c0607a21e88e1f2ae5274f8c995b122,c:\Windows\WinSxS\amd64_microsoft-windows-a..nagement-appvclient_31bf3856ad364e35_10.0.18362.752_none_223caef659cb8ba4\SyncAppvPublishingServer.exe
64,SyncAppvPublishingServer.exe,37904,2,2993574363,2064-11-10T20:26:03.000Z,imports,api-ms-win-crt-private-l1-1-0.dll,_o_free,3289dbe4246c6c455f326f7b0b610e76,8804df07c9c6ac5b6bfafb0a528a6aee6c0607a21e88e1f2ae5274f8c995b122,c:\Windows\WinSxS\amd64_microsoft-windows-a..nagement-appvclient_31bf3856ad364e35_10.0.18362.752_none_223caef659cb8ba4\SyncAppvPublishingServer.exe
65,SyncAppvPublishingServer.exe,37904,2,2993574363,2064-11-10T20:26:03.000Z,imports,api-ms-win-crt-private-l1-1-0.dll,_o_isdigit,3289dbe4246c6c455f326f7b0b610e76,8804df07c9c6ac5b6bfafb0a528a6aee6c0607a21e88e1f2ae5274f8c995b122,c:\Windows\WinSxS\amd64_microsoft-windows-a..nagement-appvclient_31bf3856ad364e35_10.0.18362.752_none_223caef659cb8ba4\SyncAppvPublishingServer.exe
66,SyncAppvPublishingServer.exe,37904,2,2993574363,2064-11-10T20:26:03.000Z,imports,api-ms-win-crt-private-l1-1-0.dll,_o_terminate,3289dbe4246c6c455f326f7b0b610e76,8804df07c9c6ac5b6bfafb0a528a6aee6c0607a21e88e1f2ae5274f8c995b122,c:\Windows\WinSxS\amd64_microsoft-windows-a..nagement-appvclient_31bf3856ad364e35_10.0.18362.752_none_223caef659cb8ba4\SyncAppvPublishingServer.exe
67,SyncAppvPublishingServer.exe,37904,2,2993574363,2064-11-10T20:26:03.000Z,imports,api-ms-win-crt-private-l1-1-0.dll,memcpy,3289dbe4246c6c455f326f7b0b610e76,8804df07c9c6ac5b6bfafb0a528a6aee6c0607a21e88e1f2ae5274f8c995b122,c:\Windows\WinSxS\amd64_microsoft-windows-a..nagement-appvclient_31bf3856ad364e35_10.0.18362.752_none_223caef659cb8ba4\SyncAppvPublishingServer.exe
68,SyncAppvPublishingServer.exe,37904,2,2993574363,2064-11-10T20:26:03.000Z,imports,ntdll.dll,RtlCaptureContext,3289dbe4246c6c455f326f7b0b610e76,8804df07c9c6ac5b6bfafb0a528a6aee6c0607a21e88e1f2ae5274f8c995b122,c:\Windows\WinSxS\amd64_microsoft-windows-a..nagement-appvclient_31bf3856ad364e35_10.0.18362.752_none_223caef659cb8ba4\SyncAppvPublishingServer.exe
69,SyncAppvPublishingServer.exe,37904,2,2993574363,2064-11-10T20:26:03.000Z,imports,ntdll.dll,RtlLookupFunctionEntry,3289dbe4246c6c455f326f7b0b610e76,8804df07c9c6ac5b6bfafb0a528a6aee6c0607a21e88e1f2ae5274f8c995b122,c:\Windows\WinSxS\amd64_microsoft-windows-a..nagement-appvclient_31bf3856ad364e35_10.0.18362.752_none_223caef659cb8ba4\SyncAppvPublishingServer.exe
70,SyncAppvPublishingServer.exe,37904,2,2993574363,2064-11-10T20:26:03.000Z,imports,ntdll.dll,RtlVirtualUnwind,3289dbe4246c6c455f326f7b0b610e76,8804df07c9c6ac5b6bfafb0a528a6aee6c0607a21e88e1f2ae5274f8c995b122,c:\Windows\WinSxS\amd64_microsoft-windows-a..nagement-appvclient_31bf3856ad364e35_10.0.18362.752_none_223caef659cb8ba4\SyncAppvPublishingServer.exe
71,SyncAppvPublishingServer.exe,37904,2,2993574363,2064-11-10T20:26:03.000Z,imports,shell32.dll,CommandLineToArgvW,3289dbe4246c6c455f326f7b0b610e76,8804df07c9c6ac5b6bfafb0a528a6aee6c0607a21e88e1f2ae5274f8c995b122,c:\Windows\WinSxS\amd64_microsoft-windows-a..nagement-appvclient_31bf3856ad364e35_10.0.18362.752_none_223caef659cb8ba4\SyncAppvPublishingServer.exe
72,SyncAppvPublishingServer.exe,37904,2,2993574363,2064-11-10T20:26:03.000Z,imports,ole32.dll,CoCreateInstance,3289dbe4246c6c455f326f7b0b610e76,8804df07c9c6ac5b6bfafb0a528a6aee6c0607a21e88e1f2ae5274f8c995b122,c:\Windows\WinSxS\amd64_microsoft-windows-a..nagement-appvclient_31bf3856ad364e35_10.0.18362.752_none_223caef659cb8ba4\SyncAppvPublishingServer.exe
73,SyncAppvPublishingServer.exe,37904,2,2993574363,2064-11-10T20:26:03.000Z,imports,ole32.dll,CoInitialize,3289dbe4246c6c455f326f7b0b610e76,8804df07c9c6ac5b6bfafb0a528a6aee6c0607a21e88e1f2ae5274f8c995b122,c:\Windows\WinSxS\amd64_microsoft-windows-a..nagement-appvclient_31bf3856ad364e35_10.0.18362.752_none_223caef659cb8ba4\SyncAppvPublishingServer.exe
74,SyncAppvPublishingServer.exe,37904,2,2993574363,2064-11-10T20:26:03.000Z,imports,ole32.dll,CoSetProxyBlanket,3289dbe4246c6c455f326f7b0b610e76,8804df07c9c6ac5b6bfafb0a528a6aee6c0607a21e88e1f2ae5274f8c995b122,c:\Windows\WinSxS\amd64_microsoft-windows-a..nagement-appvclient_31bf3856ad364e35_10.0.18362.752_none_223caef659cb8ba4\SyncAppvPublishingServer.exe
75,SyncAppvPublishingServer.exe,37904,2,2993574363,2064-11-10T20:26:03.000Z,imports,ole32.dll,CoUninitialize,3289dbe4246c6c455f326f7b0b610e76,8804df07c9c6ac5b6bfafb0a528a6aee6c0607a21e88e1f2ae5274f8c995b122,c:\Windows\WinSxS\amd64_microsoft-windows-a..nagement-appvclient_31bf3856ad364e35_10.0.18362.752_none_223caef659cb8ba4\SyncAppvPublishingServer.exe
