,col0,col1,col2,col3,col4,col5,col6,col7,col8,col9,col10,col11,col12,col13,col14,col15,col16,col17,col18,col19,col20,col21,col22,col23,col24,col25,col26,col27,col28,col29,col30,col31,col32,col33,col34,col35,col36,col37,col38
0,rs10262192,A,G,A,G,0.07409582922285396,0.0047362,0.425455,0.4474,False,False,False,iBSrQk,7,114091753,0.020154,0.2350004961794185,0.8142,1874365,covidhgi2020B2v5alleur,True,reported,7,114091753,0.0135,5.488579942433627,3.655e-08,53293,Demontis2018adhd,True,reported,buFoFZ,2,True,5e-08,True,,,True
1,rs11591402,A,T,A,T,-0.09240041727233292,-0.011067,0.207698,0.2217,False,True,False,iBSrQk,10,106747354,0.020765,-0.5329641223212136,0.5941,1887037,covidhgi2020B2v5alleur,True,reported,10,106747354,0.0164,-5.6341717848983475,1.76e-08,53293,Demontis2018adhd,True,reported,buFoFZ,2,True,5e-08,True,,,True
2,rs1427829,G,A,G,A,-0.0821973,-0.049743,0.533975,0.5516,False,False,False,iBSrQk,12,89760744,0.018015,-2.76119900083264,0.00576,1885042,covidhgi2020B2v5alleur,True,reported,12,89760744,0.0136,-6.04392,1.349e-09,53293,Demontis2018adhd,True,reported,buFoFZ,2,True,5e-08,True,,,True
3,rs17531412,G,A,G,A,-0.105396,-0.049982,0.294984,0.3019,False,False,False,iBSrQk,1,44182244,0.019499,-2.563310939022513,0.01037,1885042,covidhgi2020B2v5alleur,True,reported,1,44182244,0.0148,-7.12132,1.072e-12,53293,Demontis2018adhd,True,reported,buFoFZ,2,True,5e-08,True,,,True
4,rs212178,A,G,A,G,-0.11709577187624727,-0.007144499999999998,0.92571,0.8935,False,False,False,iBSrQk,16,72578131,0.033346,-0.21425358363821745,0.8304,1871771,covidhgi2020B2v5alleur,True,reported,16,72578131,0.0205,-5.7119888720120615,1.198e-08,53293,Demontis2018adhd,True,reported,buFoFZ,2,True,5e-08,True,,,True
5,rs4858241,G,T,G,T,-0.0821973,0.024366,0.37390999999999996,0.37,False,False,False,iBSrQk,3,20669071,0.02044,1.1920743639921725,0.2332,1874986,covidhgi2020B2v5alleur,True,reported,3,20669071,0.0143,-5.74806,8.172e-09,53293,Demontis2018adhd,True,reported,buFoFZ,2,True,5e-08,True,,,True
6,rs4916723,C,A,C,A,0.07779939999999999,-0.018964,0.44136899999999996,0.4259,False,False,False,iBSrQk,5,87854395,0.020678,-0.9171099719508656,0.3591,1599954,covidhgi2020B2v5alleur,True,reported,5,87854395,0.0138,5.63764,1.807e-08,53293,Demontis2018adhd,True,reported,buFoFZ,2,True,5e-08,True,,,True
7,rs74760947,G,A,G,A,0.179605,0.066861,0.0347826,0.05181,False,False,False,iBSrQk,8,34352610,0.043922,1.522266745594463,0.1279,1887658,covidhgi2020B2v5alleur,True,reported,8,34352610,0.0317,5.665780000000001,1.393e-08,53293,Demontis2018adhd,True,reported,buFoFZ,2,True,5e-08,True,,,True
8,rs8039398,C,T,C,T,0.079996,0.011801,0.38590100000000005,0.4455,False,False,False,iBSrQk,15,47730870,0.017271,0.6832841178854727,0.4944,1887658,covidhgi2020B2v5alleur,True,reported,15,47730870,0.0135,5.92563,2.986e-09,53293,Demontis2018adhd,True,reported,buFoFZ,2,True,5e-08,True,,,True
