,col0,col1,col2,col3,col4,col5,col6,col7,col8,col9,col10,col11,col12,col13,col14,col15,col16,col17,col18,col19
0,e30c4388-8fd1-11eb-924d-9cd76263cbd0,genus,Druparia,,,Raf.,Q364857,1808,,"Med. Repos., ser. 2 5: 358 (1808)",,,,e30c4388-8fd1-11eb-924d-9cd76263cbd0,,,wfo-4000012610,,19106.0, 
1,98a1aa44-8fcd-11eb-924d-9cd76263cbd0,species,amygdalus,Druparia,,Clairv.,Q689684,1811,,Manuel d'herborisation en Suisse et en Valais ; 1811 160 1811,,,,,,,wfo-0000994873,,,
2,98a1d03c-8fcd-11eb-924d-9cd76263cbd0,species,avium,Druparia,,(L.) Clairv.,"Q1043,Q689684",1811,,Manuel d'herborisation en Suisse et en Valais ; 1811 159 1811,,,,a31b2914-8fcd-11eb-924d-9cd76263cbd0,,,wfo-0000994874,11053483.0,,
3,98a1edf6-8fcd-11eb-924d-9cd76263cbd0,species,cerasus,Druparia,,(L.) Clairv.,"Q1043,Q689684",1811,,Manuel d'herborisation en Suisse et en Valais ; 1811 159 1811,,,,a2ef3a8e-8fcd-11eb-924d-9cd76263cbd0,,,wfo-0000994875,5369498.0,,
4,98a20b92-8fcd-11eb-924d-9cd76263cbd0,species,insititia,Druparia,,Clairv.,Q689684,1811,,Manuel d'herborisation en Suisse et en Valais ; 1811 160 1811,,,,,,,wfo-0000994876,10957586.0,,
5,98a22c1c-8fcd-11eb-924d-9cd76263cbd0,species,mahaleb,Druparia,,Clairv.,Q689684,1811,,Manuel d'herborisation en Suisse et en Valais ; 1811 159 1811,,,,,,,wfo-0000994877,11094009.0,,
6,98a24986-8fcd-11eb-924d-9cd76263cbd0,species,padus,Druparia,,(L.) Clairv.,"Q1043,Q689684",1811,,Manuel d'herborisation en Suisse et en Valais ; 1811 159 1811,,,,9f268966-8fcd-11eb-924d-9cd76263cbd0,,,wfo-0000994878,5369512.0,,
7,98a26646-8fcd-11eb-924d-9cd76263cbd0,species,prunus,Druparia,,Clairv.,Q689684,1811,,Manuel d'herborisation en Suisse et en Valais ; 1811 159 1811,,,,,,,wfo-0000994879,5369454.0,,
8,a23efdd6-8fcd-11eb-924d-9cd76263cbd0,species,racemosa,Druparia,,Silva Manso,Q3369158,1836,,Enumera‡a$Ho das substancias brazileiras ; 1836 35 1836,,,,,,292571-1,wfo-0001014959,5536969.0,,
9,98a2a5d4-8fcd-11eb-924d-9cd76263cbd0,species,spinosa,Druparia,,Clairv.,Q689684,1811,,Manuel d'herborisation en Suisse et en Valais ; 1811 159 1811,,,,,,,wfo-0000994881,5369572.0,,
