,col0,col1,col2,col3,col4,col5,col6,col7
0,access_hr_employee_category_user,hr.employee.category.user,model_hr_employee_category,base.group_hr_user,1,1,1,1
1,access_hr_employee_category_emp,hr.employee.category.emp,model_hr_employee_category,base.group_user,1,0,0,0
2,access_hr_employee_user,hr.employee user,model_hr_employee,base.group_hr_user,1,1,1,1
3,access_hr_employee_system_user,hr.employee system user,model_hr_employee,base.group_user,1,0,0,0
4,access_hr_employee_resource_user,resource.resource.user,resource.model_resource_resource,base.group_hr_user,1,1,1,1
5,access_hr_department_user,hr.department.user,model_hr_department,base.group_hr_user,1,1,1,1
6,access_hr_department_employee,hr.department.employee,model_hr_department,base.group_user,1,0,0,0
7,access_hr_job_user,hr.job user,model_hr_job,base.group_hr_user,1,1,1,1
8,access_ir_property_hr_user,ir_property hr_user,base.model_ir_property,base.group_hr_user,1,1,1,0
