,col0,col1,col2,col3,col4,col5,col6,col7,col8,col9,col10,col11,col12,col13,col14,col15,col16,col17,col18,col19
0,a153e44a-9bad-11eb-a8a2-19ed5c03f8d3,genus,Agostaea,,,(Sacc.) Theiss. & Syd.,Q707840,1915,,Annls mycol. 13(3/4): 359 (1915),,,,,,,,,87.0, 
1,b0d00c00-9bad-11eb-a8a2-19ed5c03f8d3,species,lantanae,Agostaea,,(Henn.) Theiss. & Syd.,Q4497246,1915,,Annls mycol. 13(3/4): 359 (1915),,,,78459ed8-9bab-11eb-a8a2-19ed5c03f8d3,,,,,158136.0, 
2,ef161802-9bac-11eb-a8a2-19ed5c03f8d3,species,nigra,Agostaea,,(F. Stevens) Jenkins & Thirum.,Q20811065,1953,,Mycologia 45(5): 786 (1953),,,,,,,,,292328.0, 
3,97b6644a-8fcc-11eb-924d-9cd76263cbd0,species,divaricata,Agostana,,Gray,Q540667,1821,,Nat. Arr. Brit. Pl. 2: 527 1821,,,,,,837373-1,wfo-0000524471,3633682.0,,
4,97b68e48-8fcc-11eb-924d-9cd76263cbd0,species,tenuissima,Agostana,,Stuart ex Gray,"Q294651,Q540667",1821,,Nat. Arr. Brit. Pl. 2: 526 1821,,,,,,837374-1,wfo-0000524472,3633674.0,,
