,col0,col1,col2,col3,col4,col5,col6,col7,col8,col9,col10,col11,col12,col13,col14,col15,col16,col17,col18,col19,col20,col21,col22,col23
0,Q4,01:52.0,112.0,Foul: Shooting,Dwyane Wade,Thaddeus Young,CC,Wade (CHI) jumps from point A to point B and makes contact with Young (IND) that affects his shot attempt.,http://official.nba.com/last-two-minute-report/?gameNo=0021600492&eventNum=514,20161230CHIIND,20161230CHIIND-0,CHI,IND,20161230,Michael Smith,Justin Van Duyne,James Williams,,101,111,L2M-CHI-IND-12-30-16.pdf,https://www.basketball-reference.com/boxscores/201612300IND.html,IND,CHI
1,Q4,01:30.0,90.0,Foul: Offensive,Thaddeus Young,Jimmy Butler,CNC,Young (IND) sets the screen on Butler (CHI) and gives him room to avoid the contact.,http://official.nba.com/last-two-minute-report/?gameNo=0021600492&eventNum=1127,20161230CHIIND,20161230CHIIND-1,CHI,IND,20161230,Michael Smith,Justin Van Duyne,James Williams,,101,111,L2M-CHI-IND-12-30-16.pdf,https://www.basketball-reference.com/boxscores/201612300IND.html,CHI,IND
2,Q4,01:20.0,80.0,Foul: Personal,Dwyane Wade,Glenn Robinson,CNC,Wade (CHI) does not dislodge Robinson III (IND) during rebounding.,http://official.nba.com/last-two-minute-report/?gameNo=0021600492&eventNum=1128,20161230CHIIND,20161230CHIIND-2,CHI,IND,20161230,Michael Smith,Justin Van Duyne,James Williams,,101,111,L2M-CHI-IND-12-30-16.pdf,https://www.basketball-reference.com/boxscores/201612300IND.html,IND,CHI
3,Q4,01:07.0,67.0,Foul: Clear Path,Michael Carter-Williams,Thaddeus Young,CC,Carter-Williams (CHI) makes contact with Young (IND) that affects his SQBR.,http://official.nba.com/last-two-minute-report/?gameNo=0021600492&eventNum=526,20161230CHIIND,20161230CHIIND-3,CHI,IND,20161230,Michael Smith,Justin Van Duyne,James Williams,,101,111,L2M-CHI-IND-12-30-16.pdf,https://www.basketball-reference.com/boxscores/201612300IND.html,IND,CHI
4,Q4,01:07.0,67.0,Instant Replay: Support Ruling,,,CC,"After communicating with the Replay Center, the ruling on the court (Clear Path foul) was confirmed.",http://official.nba.com/last-two-minute-report/?gameNo=0021600492&eventNum=527,20161230CHIIND,20161230CHIIND-4,CHI,IND,20161230,Michael Smith,Justin Van Duyne,James Williams,,101,111,L2M-CHI-IND-12-30-16.pdf,https://www.basketball-reference.com/boxscores/201612300IND.html,,
5,Q4,00:50.8,50.8,Turnover: 5 Second Inbound,Dwyane Wade,,,[Detectable with stop watch] Wade (CHI) does not inbound the ball within 5 seconds.,http://official.nba.com/last-two-minute-report/?gameNo=0021600492&eventNum=1129,20161230CHIIND,20161230CHIIND-5,CHI,IND,20161230,Michael Smith,Justin Van Duyne,James Williams,,101,111,L2M-CHI-IND-12-30-16.pdf,https://www.basketball-reference.com/boxscores/201612300IND.html,IND,CHI
6,Q4,00:48.9,48.9,Foul: Shooting,Paul George,Jimmy Butler,CNC,"George (IND) makes incidental contact with Felicio (CHI), who makes marginal contact with his teammate Butler (CHI) on the shot attempt.",http://official.nba.com/last-two-minute-report/?gameNo=0021600492&eventNum=1130,20161230CHIIND,20161230CHIIND-6,CHI,IND,20161230,Michael Smith,Justin Van Duyne,James Williams,,101,111,L2M-CHI-IND-12-30-16.pdf,https://www.basketball-reference.com/boxscores/201612300IND.html,CHI,IND
7,Q4,00:24.2,24.2,Foul: Shooting,Jimmy Butler,Paul George,CC,Butler (CHI) makes contact with George's (IND) arm that affects his shot attempt.,http://official.nba.com/last-two-minute-report/?gameNo=0021600492&eventNum=541,20161230CHIIND,20161230CHIIND-7,CHI,IND,20161230,Michael Smith,Justin Van Duyne,James Williams,,101,111,L2M-CHI-IND-12-30-16.pdf,https://www.basketball-reference.com/boxscores/201612300IND.html,IND,CHI
8,Q4,00:21.8,21.8,Foul: Personal,Thaddeus Young,Dwyane Wade,CNC,Young (IND) makes incidental contact with Wade (CHI) that does not affect his SQBR.,http://official.nba.com/last-two-minute-report/?gameNo=0021600492&eventNum=1131,20161230CHIIND,20161230CHIIND-8,CHI,IND,20161230,Michael Smith,Justin Van Duyne,James Williams,,101,111,L2M-CHI-IND-12-30-16.pdf,https://www.basketball-reference.com/boxscores/201612300IND.html,CHI,IND
