,col0,col1,col2,col3,col4,col5,col6,col7
0,access_mail_message_all,mail.message.all,model_mail_message,,1,0,0,0
1,access_mail_message_user,mail.message.user,model_mail_message,base.group_user,1,1,1,1
2,access_mail_mail_all,mail.mail.all,model_mail_mail,,1,0,0,0
3,access_mail_mail_user,mail.mail.user,model_mail_mail,base.group_user,1,1,1,0
4,access_mail_mail_system,mail.mail.system,model_mail_mail,base.group_system,1,1,1,1
5,access_mail_followers_all,mail.followers.all,model_mail_followers,,1,0,0,0
6,access_mail_followers_user,mail.followers.user,model_mail_followers,base.group_user,1,1,0,0
7,access_mail_followers_system,mail.followers.system,model_mail_followers,base.group_system,1,1,1,1
8,access_mail_notification_all,mail.notification.all,model_mail_notification,,1,0,0,0
9,access_mail_notification_user,mail.notification.user,model_mail_notification,base.group_user,1,1,1,0
10,access_mail_notification_system,mail.notification.system,model_mail_notification,base.group_system,1,1,1,1
11,access_mail_group_all,mail.group.all,model_mail_group,,1,0,0,0
12,access_mail_group_user,mail.group.user,model_mail_group,base.group_user,1,1,1,1
13,access_mail_alias_all,mail.alias.all,model_mail_alias,,1,0,0,0
14,access_mail_alias_user,mail.alias.user,model_mail_alias,base.group_user,1,1,1,0
15,access_mail_alias_system,mail.alias.system,model_mail_alias,base.group_system,1,1,1,1
16,access_mail_message_subtype_all,mail.message.subtype.all,model_mail_message_subtype,,1,0,0,0
17,access_mail_message_subtype_system,mail.message.subtype.system,model_mail_message_subtype,base.group_system,1,1,1,1
18,access_mail_thread_all,mail.thread.all,model_mail_thread,,1,1,1,1
19,access_publisher_warranty_contract_all,publisher.warranty.contract.all,model_publisher_warranty_contract,,1,1,1,1
