,col0,col1,col2,col3,col4,col5,col6
0,nextval( 'system_user_module_seq' ) ,Y,Y,Y,Y, ( select id from system_role where name = 'Immunology Validation' ) , ( select id from system_module where name  = 'ResultValidation' )  
1,nextval( 'system_user_module_seq' ) ,Y,Y,Y,Y, ( select id from system_role where name = 'Hematology Validation' ) , ( select id from system_module where name  = 'ResultValidation' )  
2,nextval( 'system_user_module_seq' ) ,Y,Y,Y,Y, ( select id from system_role where name = 'Biochemistry Validation' ) , ( select id from system_module where name  = 'ResultValidation' )  
3,nextval( 'system_user_module_seq' ) ,Y,Y,Y,Y, ( select id from system_role where name = 'Serology Validation' ) , ( select id from system_module where name  = 'ResultValidation' )  
4,nextval( 'system_user_module_seq' ) ,Y,Y,Y,Y, ( select id from system_role where name = 'Biologist' ) , ( select id from system_module where name  = 'ResultValidation' )  
