,col0,col1,col2,col3,col4,col5,col6,col7
0,access_report_timesheet_task_user_manager,report.timesheet.task.user.manager,model_report_timesheet_task_user,project.group_project_manager,1,1,1,1
1,access_hr_analytic_timesheet_user,hr.analytic.timesheet.user,hr_timesheet_sheet.model_hr_analytic_timesheet,project.group_project_user,1,1,1,0
2,access_hr_timesheet_sheet_sheet_user,hr.timesheet.sheet.sheet.user,hr_timesheet_sheet.model_hr_timesheet_sheet_sheet,project.group_project_user,1,1,1,0
3,access_sale_order_manager,sale.order,sale.model_sale_order,project.group_project_manager,1,0,0,0
4,access_sale_order_user,sale.order,sale.model_sale_order,project.group_project_user,1,0,0,0
