,col0,col1,col2,col3,col4,col5,col6,col7
0,access_utm_tag_mass_mailing_campaign,utm.tag,utm.model_utm_tag,mass_mailing.group_mass_mailing_campaign,1,1,1,1
1,access_mailing_contact_mm_user,access.mailing.contact.mm.user,model_mailing_contact,mass_mailing.group_mass_mailing_user,1,1,1,1
2,access_mailing_contact_subscription_mm_user,access.mailing.contact.subscription.mm.user,model_mailing_contact_subscription,mass_mailing.group_mass_mailing_user,1,1,1,1
3,access_mailing_list_mm_user,access.mailing.list.mm.user,model_mailing_list,mass_mailing.group_mass_mailing_user,1,1,1,1
4,access_utm_stage,utm.stage,utm.model_utm_stage,mass_mailing.group_mass_mailing_user,1,1,1,1
5,access_utm_campaign_mass_mailing_user,utm.campaign,utm.model_utm_campaign,mass_mailing.group_mass_mailing_user,1,1,1,1
6,access_mailing_mailing_mm_user,access.mailing.mailing.mm.user,model_mailing_mailing,mass_mailing.group_mass_mailing_user,1,1,1,1
7,access_mailing_mailing_system,access.mailing.mailing.system,model_mailing_mailing,base.group_system,1,1,1,1
8,access_mailing_trace_user,mailing.trace.user,model_mailing_trace,base.group_user,1,1,1,1
9,access_mailing_trace_mm_user,access.mailing.trace.mm.user,model_mailing_trace,mass_mailing.group_mass_mailing_user,1,1,1,1
10,access_mailing_trace_report_mm_user,access.mailing.trace.report.mm.user,model_mailing_trace_report,mass_mailing.group_mass_mailing_user,1,1,1,1
11,access_utm_source,access_utm_source,utm.model_utm_source,mass_mailing.group_mass_mailing_user,1,1,1,0
12,access_ir_mail_server,access_ir_mail_server,base.model_ir_mail_server,mass_mailing.group_mass_mailing_user,1,0,0,0
13,access_mail_blacklist_mass_mailing_user,access.mail.blacklist.mass_mailing_user,mail.model_mail_blacklist,mass_mailing.group_mass_mailing_user,1,1,1,1
14,access_link_tracker_mailing,access.link.tracker.mailing,link_tracker.model_link_tracker,mass_mailing.group_mass_mailing_user,1,1,1,1
