,col0,col1,col2,col3,col4,col5,col6,col7,col8,col9,col10,col11,col12,col13,col14,col15,col16,col17,col18,col19
0,148749f8-9bad-11eb-a8a2-19ed5c03f8d3,genus,Redbia,,,Deighton & Piroz.,,1972.0,,Mycol. Pap. 128: 83 (1972),,,,148749f8-9bad-11eb-a8a2-19ed5c03f8d3,,,,,9700, 
1,14eb243c-9bad-11eb-a8a2-19ed5c03f8d3,species,elegans,Redbia,,Piroz. & Hodges,,1973.0,,Can. J. Bot. 51(1): 166 (1973),,,,14eb243c-9bad-11eb-a8a2-19ed5c03f8d3,,,,,322394, 
2,2d55a41c-9bac-11eb-a8a2-19ed5c03f8d3,species,laxa,Redbia,,R.F. Castañeda,,1985.0,,"Deuteromycotina de Cuba (La Habana), Hyphomycetes 2: 12 (1985)",,,,2d55a41c-9bac-11eb-a8a2-19ed5c03f8d3,,,,,115016, 
3,14eb77b6-9bad-11eb-a8a2-19ed5c03f8d3,species,pucciniicola,Redbia,,Deighton & Piroz.,,1972.0,,Mycol. Pap. 128: 83 (1972),,,,14eb77b6-9bad-11eb-a8a2-19ed5c03f8d3,,,,,322395, 
4,11bfe87a-9bac-11eb-a8a2-19ed5c03f8d3,species,trichomambusta,Redbia,,R.W. Barreto,,,,"in Barreto & Evans, Mycol. Res. 98(10): 1111 (1994)",,,,11bfe87a-9bac-11eb-a8a2-19ed5c03f8d3,,,,,362592, 
