,col0,col1,col2,col3,col4,col5,col6,col7
0,access_ crm_lead_report_assign,crm.lead.report.assign,model_crm_lead_report_assign,base.group_sale_salesman,1,1,1,0
1,access_ crm_lead_report_assign_all,crm.lead.report.assign.all,model_crm_lead_report_assign,base.group_user,1,0,0,0
2,access_crm_partner_report,crm.partner.report.assign.all,model_crm_partner_report_assign,base.group_sale_salesman,1,0,0,0
3,access_res_partner_grade,res.partner.grade,model_res_partner_grade,base.group_sale_salesman,1,1,1,0
4,access_res_partner_grade_public,res.partner.grade,model_res_partner_grade,base.group_public,1,0,0,0
5,access_res_partner_grade_manager,res.partner.grade.manager,model_res_partner_grade,base.group_sale_manager,1,1,1,1
6,access_res_partner_activation_user,res.partner.activation.user,model_res_partner_activation,base.group_user,1,0,0,0
7,access_partner_activation_manager,res.partner.activation.manager,model_res_partner_activation,base.group_partner_manager,1,1,1,1
8,partner_access_crm_lead,crm.lead,model_crm_lead,base.group_portal,1,1,0,0
