,col0,col1,col2,col3,col4,col5
0,"org.apache.commons.math3.optimization.linear.SimplexTableau#int#getConstraintTypeCounts#?,Relationship#290",0.0,0.0,0.0,!(constraint.getRelationship() == relationship),_
1,org.apache.commons.math3.optimization.linear.SimplexTableau#int#getNumArtificialVariables#?#568,0.0,0.0,0.0,numArtificialVariables<=0,_
2,"org.apache.commons.math3.optimization.linear.SimplexTableau#void#divideRow#?,int,double#446",0.0,0.0,0.0,j < getWidth(),_
3,org.apache.commons.math3.linear.Array2DRowRealMatrix#int#getColumnDimension#?#329,0.0,0.0,0.0,((data == null) || (data[0] == null)) ? 0 : data[0].length>0,_
4,org.apache.commons.math3.optimization.linear.SimplexTableau#int#getHeight#?#486,0.0,0.0,0.0,tableau.getRowDimension()>0,_
5,"org.apache.commons.math3.linear.AbstractRealMatrix#void#setRowVector#?,int,RealVector#493",0.0,0.0,0.0,!(vector.getDimension() != nCols),_
6,org.apache.commons.math3.optimization.linear.SimplexTableau#int#getRhsOffset#?#529,0.0,0.0,0.0,getWidth() - 1>0,_
7,"org.apache.commons.math3.linear.ArrayRealVector#ArrayRealVector#subtract#?,RealVector#323",0.0,0.0,0.0,i < dim,_
8,"org.apache.commons.math3.linear.MatrixUtils#void#checkColumnIndex#?,AnyMatrix,int#406",0.0,0.0,0.0,!(column < 0 || column >= m.getColumnDimension()),_
9,"org.apache.commons.math3.util.Precision#boolean#equals#?,double,double,int#305",0.0,0.0,0.0,SGN_MASK - xInt!=yInt,_
10,org.apache.commons.math3.optimization.linear.SimplexTableau#int#getWidth#?#478,0.0,0.0,0.0,tableau.getColumnDimension()>0,_
11,"org.apache.commons.math3.util.Precision#int#compareTo#?,double,double,int#115",0.0,0.0,0.0,0==0,_
12,org.apache.commons.math3.optimization.linear.SimplexTableau#int#getNumObjectiveFunctions#?#279,0.0,0.0,0.0,this.numArtificialVariables > 0 ? 2 : 1!=0,_
13,"org.apache.commons.math3.optimization.linear.SimplexTableau#LinearConstraint#normalize#?,LinearConstraint#265",0.0,0.0,0.0,!(constraint.getValue() < 0),_
14,"org.apache.commons.math3.optimization.linear.SimplexSolver#void#doIteration#?,SimplexTableau#168",0.0,0.0,0.0,"getPivotRow(tableau,pivotCol)>pivotCol",_
15,org.apache.commons.math3.optimization.linear.SimplexSolver#PointValuePair#doOptimize#?#226,0.0,0.0,0.0,!tableau.isOptimal(),_
16,"org.apache.commons.math3.linear.AbstractRealMatrix#double[]#getRow#?,int#525",0.0,0.0,0.0,i < nCols,_
17,"org.apache.commons.math3.optimization.linear.SimplexTableau#Integer#getBasicRow#?,int#317",0.0,0.0,0.0,i < getHeight(),_
18,"org.apache.commons.math3.linear.ArrayRealVector#?#ArrayRealVector#?,double[],boolean#104",0.0,0.0,0.0,!(d == null),_
19,org.apache.commons.math3.optimization.linear.SimplexTableau#int#getNumSlackVariables#?#560,0.0,0.0,0.0,numSlackVariables>=0,_
20,org.apache.commons.math3.optimization.linear.SimplexTableau#void#dropPhase1Objective#?#341,0.0,0.0,0.0,i < getArtificialVariableOffset(),_
21,org.apache.commons.math3.optimization.linear.LinearObjectiveFunction#double#getConstantTerm#?#83,0.0,0.0,0.0,constantTerm<=0,_
22,"org.apache.commons.math3.optimization.linear.SimplexTableau#void#subtractRow#?,int,int,double#463",0.0,0.0,0.0,!(i < getWidth()),_
23,"org.apache.commons.math3.exception.util.ArgUtils#Object[]#flatten#?,Object[]#43",0.0,0.0,0.0,array != null,_
24,org.apache.commons.math3.optimization.linear.SimplexTableau#void#initializeColumnLabels#?#172,0.0,0.0,0.0,!(i < getNumArtificialVariables()),_
25,"org.apache.commons.math3.linear.MatrixUtils#void#checkRowIndex#?,AnyMatrix,int#391",0.0,0.0,0.0,!(row < 0 || row >= m.getRowDimension()),_
26,"org.apache.commons.math3.optimization.linear.SimplexSolver#Integer#getPivotColumn#?,SimplexTableau#72",0.0,0.0,0.0,i < tableau.getWidth() - 1,_
27,"org.apache.commons.math3.linear.Array2DRowRealMatrix#double#getEntry#?,int,int#296",0.0,0.0,0.0,data[row][column]>0,_
28,org.apache.commons.math3.linear.Array2DRowRealMatrix#int#getRowDimension#?#323,0.0,0.0,0.0,(data == null) ? 0 : data.length>0,_
29,org.apache.commons.math3.optimization.linear.SimplexTableau#int#getArtificialVariableOffset#?#521,0.0,0.0,0.0,getNumObjectiveFunctions() + numDecisionVariables + numSlackVariables>=0,_
30,org.apache.commons.math3.optimization.linear.SimplexTableau#int#getOriginalNumDecisionVariables#?#552,0.0,0.0,0.0,f.getCoefficients().getDimension()>0,_
31,"org.apache.commons.math3.optimization.linear.SimplexTableau#?#SimplexTableau#?,LinearObjectiveFunction,Collection<LinearConstraint>,GoalType,boolean,double,int#149",0.0,0.0,0.0,getConstraintTypeCounts(Relationship.EQ) + getConstraintTypeCounts(Relationship.GEQ)<maxUlps,_
32,org.apache.commons.math3.optimization.linear.AbstractLinearOptimizer#void#incrementIterationsCounter#?#127,0.0,0.0,0.0,++iterations > maxIterations,_
33,"org.apache.commons.math3.linear.ArrayRealVector#double#getEntry#?,int#591",0.0,0.0,0.0,data[index]>=0,_
34,"org.apache.commons.math3.optimization.linear.SimplexTableau#double#getEntry#?,int,int#495",0.0,0.0,0.0,"tableau.getEntry(row,column)==0",_
35,"org.apache.commons.math3.util.FastMath#long#abs#?,long#2909",0.0,0.0,0.0,(x < 0l) ? -x : x>0,_
36,org.apache.commons.math3.optimization.linear.LinearConstraint#double#getValue#?#184,0.0,0.0,0.0,value!=0,_
37,"org.apache.commons.math3.linear.AbstractRealMatrix#?#AbstractRealMatrix#?,int,int#65",0.0,0.0,0.0,!(columnDimension < 1),_
38,"org.apache.commons.math3.linear.ArrayRealVector#void#checkVectorDimensions#?,int#743",0.0,0.0,0.0,!(data.length != n),_
39,"org.apache.commons.math3.optimization.linear.SimplexSolver#void#solvePhase1#?,SimplexTableau#201",0.0,0.0,0.0,!tableau.isOptimal(),_
40,org.apache.commons.math3.optimization.linear.SimplexTableau#boolean#isOptimal#?#389,0.0,0.0,0.0,!(i < getWidth() - 1),_
41,"org.apache.commons.math3.optimization.linear.SimplexSolver#Integer#getPivotRow#?,SimplexTableau,int#141",0.0,0.0,0.0,tableau.getNumObjectiveFunctions()<=col,GT
42,"org.apache.commons.math3.util.Precision#int#compareTo#?,double,double,double#91",0.0,0.0,0.0,-1<=0,_
43,"org.apache.commons.math3.util.MathUtils#void#checkNotNull#?,Object#257",0.0,0.0,0.0,!(o == null),_
44,org.apache.commons.math3.linear.ArrayRealVector#int#getDimension#?#601,0.0,0.0,0.0,data.length>0,_
45,"org.apache.commons.math3.linear.Array2DRowRealMatrix#void#setSubMatrix#?,double[][],int,int#262",0.0,0.0,0.0,data == null,_
46,"org.apache.commons.math3.util.FastMath#double#abs#?,double#2927",0.0,0.0,0.0,(x < 0.0) ? -x : (x == 0.0) ? 0.0 : x!=0,_
47,org.apache.commons.math3.optimization.linear.SimplexTableau#int#getSlackVariableOffset#?#513,0.0,0.0,0.0,getNumObjectiveFunctions() + numDecisionVariables>0,_
48,"org.apache.commons.math3.optimization.linear.SimplexTableau#RealMatrix#createTableau#?,boolean#188",0.0,0.0,0.0,constraints.size() + getNumObjectiveFunctions()<width,_
