,col0,col1,col2,col3,col4,col5,col6,col7,col8,col9,col10,col11,col12,col13,col14,col15,col16,col17,col18,col19
0,e2151216-8fd1-11eb-924d-9cd76263cbd0,genus,Corythacanthus,,,Nees ex Lindl.,"Q76349,Q378629",1836,,Nat. Syst. ed. 2 444. 1836.,,,,,,,wfo-4000009426,7263654,,
1,d4bdd90e-8fcc-11eb-924d-9cd76263cbd0,species,speciosus,Corythacanthus,,Nees,Q76349,1836,,Intr. Nat. Syst. Bot. ed. 2: 444 1836,,,,,,46955-1,wfo-0000623445,3774139,,
2,788ecb1a-8fcd-11eb-924d-9cd76263cbd0,species,filipes,Corythea,,S.Watson,Q960820,1887,,Proc. Amer. Acad. Arts 22: 451 1887,,,,,,66668-2,wfo-0000925935,5378075,,
3,788ee9e2-8fcd-11eb-924d-9cd76263cbd0,species,multiflora,Corythea,,Standl.,Q1333160,1923,,Contr. U. S. Natl. Herb. 23: 649 1923,,Q95371738,,,,66669-2,wfo-0000925936,5378078,,
4,c93201c2-8fcd-11eb-924d-9cd76263cbd0,species,macrophyllum,Corytholobium,,Benth.,Q731808,1838,,Ann. Naturh. Hofmus. Wien 2: 93 1838,,,,,,690269-1,wfo-0001100269,3973032,,
