,col0,col1,col2,col3,col4,col5,col6,col7,col8,col9,col10,col11,col12,col13,col14,col15,col16,col17,col18,col19
0,ea2cd8a8-8fd1-11eb-924d-9cd76263cbd0,genus,Sclerosperma,,,G.Mann & H.Wendl.,"Q70799,Q66720",1864,,Trans. Linn. Soc. London 24: 427. 1864.,,Q55760763,,,,31506-1,wfo-4000034763,2738930,,
1,0aff986e-8fcc-11eb-924d-9cd76263cbd0,species,dubium,Sclerosperma,,Becc.,Q361037,1934,,"Atti Soc. Tosc. Sci. Nat. Pisa, Mem. 44: 176 1934",,,,,,669893-1,wfo-0000307465,2738933,,
2,0affb556-8fcc-11eb-924d-9cd76263cbd0,species,mannii,Sclerosperma,,H.Wendl.,Q66720,1864,,Trans. Linn. Soc. London 24: 427 1864,,Q55760763,,,,669894-1,wfo-0000307466,2738932,,
3,c4bfc0ca-8fcd-11eb-924d-9cd76263cbd0,species,mannii,Sclerosperma,,J.C.Wendl.,Q67700,1864,,Philos. Mag. J. xxiv: 427 1864 1864,,,,,,,wfo-0001090619,8272111,,
4,4428c970-8fcd-11eb-924d-9cd76263cbd0,species,profizianum,Sclerosperma,,Valk. & Sunderl.,"Q21611349,Q26712370",2008,,Kew Bull. 63: 82 2008,,Q55755489,,,,77090324-1,wfo-0000836900,2738931,,
5,0affef44-8fcc-11eb-924d-9cd76263cbd0,species,walkeri,Sclerosperma,,A.Chev.,Q766644,1931,,Rev. Bot. Appl. Agric. Trop. 11: 237 1931,,Q96002239,,,,669895-1,wfo-0000307468,2738934,,
