,col0,col1,col2,col3,col4,col5,col6,col7
0,access_calendar_attendee_portal,calendar.attendee_portal,model_calendar_attendee,base.group_portal,1,1,0,0
1,access_calendar_attendee_employee,calendar.attendee_employee,model_calendar_attendee,base.group_user,1,1,1,1
2,access_calendar_alarm,calendar.alarm,model_calendar_alarm,base.group_user,1,1,1,1
3,access_calendar_event_manager,calendar.event.manager,model_calendar_event,base.group_sale_manager,1,1,1,1
4,access_calendar_event,calendar.event,model_calendar_event,base.group_sale_salesman,1,1,1,0
5,access_calendar_event_all_user,calendar.event_all_user,model_calendar_event,base.group_portal,1,0,0,0
6,access_calendar_event_all_employee,calendar.event_all_employee,model_calendar_event,base.group_user,1,1,1,1
7,access_calendar_event_partner_manager,calendar.event.partner.manager,model_calendar_event,base.group_partner_manager,1,1,1,1
8,access_calendar_event_type_all,calendar.event.type.all,model_calendar_event_type,base.group_user,1,0,0,0
9,access_calendar_event_type_sale_manager,calendar.event.type.manager,model_calendar_event_type,base.group_sale_manager,1,1,1,0
10,access_calendar_event_type_sale_user,calendar.event.type.user,model_calendar_event_type,base.group_user,1,0,0,0
11,access_calendar_event_type_sale_user,calendar.event.type.salesman,model_calendar_event_type,base.group_sale_salesman,1,0,0,0
12,access_calendar_event_type_manager,calendar.event.type.manager,model_calendar_event_type,base.group_system,1,1,1,1
13,access_calendar_alarm_manager,access_calendar_alarm_manager,model_calendar_alarm_manager,base.group_user,1,1,1,1
14,access_calendar_contacts_all,access_calendar_contacts_all,model_calendar_contacts,base.group_user,1,1,1,1
15,access_calendar_contacts,access_calendar_contacts,model_calendar_contacts,base.group_system,1,1,1,1
