,col0,col1,col2,col3,col4,col5,col6,col7,col8,col9,col10,col11,col12,col13,col14,col15,col16,col17,col18,col19
0,e77ebe5a-8fd1-11eb-924d-9cd76263cbd0,genus,Oenotrichia,,,Copel.,Q2618968,1929,,Univ. Calif. Publ. Bot. 16: 82. 1929.,,,,,,17343030-1,wfo-4000026656,7265855.0,,
1,73f70de4-8fbc-11eb-924d-9cd76263cbd0,species,dissecta,Oenotrichia,,S.B.Andrews,Q21516228,1977,,Austrobaileya 1(1): 12 (1977): 1 Dec 1977,,Q92300409,,,,17555840-1,wfo-0000141318,3605406.0,,
2,bf4fdfb8-8fd1-11eb-924d-9cd76263cbd0,species,macgillivrayi,Oenotrichia,,(E.Fourn.) Brownlie,"Q2616180,Q5575045",1969,,Fl. Nouv. Calédonie Dépend. 118 1969,,,,bf4fbf06-8fd1-11eb-924d-9cd76263cbd0,,17446000-1,wfo-0001252737,3605397.0,,
3,bf4f1dbc-8fd1-11eb-924d-9cd76263cbd0,species,maxima,Oenotrichia,,(E.Fourn.) Copel.,"Q2616180,Q2618968",1929,,Univ. Calif. Publ. Bot. 16: 82 1929,,,,,,17343040-1,wfo-0001252733,3605389.0,,
4,7400016a-8fbc-11eb-924d-9cd76263cbd0,species,novae,Oenotrichia,,Copel.,Q2618968,1929,,Univ. Calif. Publ. Bot. 16. 82. 1929. 1929,,,,,,17343050-1,wfo-0000141319,,,
5,d3560cac-8fcd-11eb-924d-9cd76263cbd0,species,tenera,Oenotrichia,,(Christ) Tagawa,"Q115901,Q11576736",1952,,J. Jap. Bot. 27(7): 213–214 1952,,Q104822791,,d3562890-8fcd-11eb-924d-9cd76263cbd0,,17408550-1,wfo-0001122357,3605372.0,,
6,ae6b63de-8fd1-11eb-924d-9cd76263cbd0,species,tripinnata,Oenotrichia,,(F.Muell. ex Benth.) Copel.,"Q708002,Q731808,Q2618968",1929,,Univ. Calif. Publ. Bot. 16: 82 1929,,,,ae6b9714-8fd1-11eb-924d-9cd76263cbd0,,17343060-1,wfo-0001221627,3605363.0,,
