,col0,col1,col2,col3,col4,col5
0,"org.jfree.chart.plot.CategoryPlot#void#setRenderer#?,int,CategoryItemRenderer,boolean#1673",0.9968167348794906,0.9968167348794906,0.9968167348794906,renderer != null,_
1,org.jfree.chart.renderer.category.AbstractCategoryItemRenderer#LegendItemCollection#getLegendItems#?#1792,1.0,1.0,0.9966801256168686,this.plot == null,GT
2,"org.jfree.chart.plot.CategoryPlot#void#setDataset#?,int,CategoryDataset#1353",0.9905106190691368,0.9950068088969588,0.9940180939107016,!(existing != null),_
3,"org.jfree.chart.plot.CategoryPlot#ValueAxis#getRangeAxis#?,int#1046",0.9896162528216704,0.9896162528216704,0.9896162528216704,!(parent instanceof CategoryPlot),_
4,org.jfree.chart.plot.CategoryPlot#void#configureDomainAxes#?#1015,0.9664902998236332,0.9896162528216704,0.9849910622220632,!(axis != null),_
5,"org.jfree.chart.plot.CategoryPlot#?#CategoryPlot#?,CategoryDataset,CategoryAxis,ValueAxis,CategoryItemRenderer#626",0.9664902998236332,0.9896162528216704,0.9849910622220632,!(rangeAxis != null),_
6,"org.jfree.chart.plot.CategoryPlot#void#datasetChanged#?,DatasetChangeEvent#2337",0.9626701800614844,0.9896162528216704,0.9842270382696332,!(yAxis != null),_
7,"org.jfree.chart.plot.CategoryPlot#int#getIndexOf#?,CategoryItemRenderer#1727",0.9834006280843428,0.9834006280843428,0.9834006280843428,this.renderers.indexOf(renderer)==0,_
8,org.jfree.chart.plot.CategoryPlot#void#configureRangeAxes#?#1293,0.958041958041958,0.9896162528216704,0.983301393865728,!(axis != null),_
9,org.jfree.chart.LegendItemCollection#int#getItemCount#?#107,0.9686257180733541,0.9794459338695264,0.9772818907102918,this.items.size()==0,_
10,org.jfree.chart.plot.DefaultDrawingSupplier#Shape[]#createStandardSeriesShapes#?#292,0.9746554024010672,0.9746554024010672,0.9746554024010672,size / 2.0<=size,_
11,"org.jfree.chart.renderer.category.AbstractCategoryItemRenderer#void#setPlot#?,CategoryPlot#293",0.9686257180733541,0.9686257180733541,0.9686257180733541,!(plot == null),_
12,"org.jfree.chart.plot.CategoryPlot#void#setRangeAxisLocation#?,int,AxisLocation,boolean#1232",0.9664902998236332,0.9664902998236332,0.9664902998236332,!(notify),_
13,"org.jfree.chart.plot.CategoryPlot#void#checkAxisIndices#?,List#1449",0.9664902998236332,0.9664902998236332,0.9664902998236332,!(indices == null),_
14,"org.jfree.chart.plot.CategoryPlot#void#mapDatasetToRangeAxes#?,int,List#1523",0.9664902998236332,0.9664902998236332,0.9664902998236332,!(index < 0),_
15,"org.jfree.chart.plot.CategoryPlot#void#mapDatasetToDomainAxes#?,int,List#1426",0.9664902998236332,0.9664902998236332,0.9664902998236332,!(index < 0),_
16,"org.jfree.chart.plot.CategoryPlot#void#setDomainAxisLocation#?,int,AxisLocation,boolean#951",0.9664902998236332,0.9664902998236332,0.9664902998236332,!(notify),_
17,"org.jfree.chart.plot.CategoryPlot#CategoryDataset#getDataset#?,int#1321",0.9622475856014048,0.9622475856014048,0.9622475856014048,this.datasets.size() > index,_
18,"org.jfree.chart.util.ResourceBundleWrapper#ResourceBundle#getBundle#?,String#122",0.9609820254274442,0.9609820254274442,0.9609820254274442,!(noCodeBaseClassLoader != null),_
19,"org.jfree.chart.util.DefaultShadowGenerator#?#DefaultShadowGenerator#?,int,Color,float,int,double#98",0.9522154648132058,0.9526292916123424,0.952546526252515,distance>=size,_
20,"org.jfree.chart.util.RectangleInsets#?#RectangleInsets#?,UnitType,double,double,double,double#123",0.8796147672552166,0.9656387665198236,0.9484339666669024,left>bottom,_
21,"org.jfree.data.general.AbstractDataset#void#notifyListeners#?,DatasetChangeEvent#190",0.9452350150927123,0.9452350150927123,0.9452350150927123,i >= 0,_
22,"org.jfree.chart.renderer.AbstractRenderer#void#addChangeListener#?,RendererChangeListener#2892",0.9407725321888412,0.9407725321888412,0.9407725321888412,!(listener == null),_
23,"org.jfree.data.KeyedObjects2D#void#setObject#?,Object,Comparable,Comparable#273",0.9288135593220338,0.9288135593220338,0.9288135593220338,!(columnKey == null),_
24,"org.jfree.chart.util.AbstractObjectList#int#indexOf#?,Object#163",0.9256756756756755,0.9256756756756755,0.9256756756756755,(index)==0,_
25,"org.jfree.chart.util.ObjectList#int#indexOf#?,Object#107",0.9241146711635748,0.9256756756756755,0.9253634747732556,super.indexOf(object)==0,_
26,"org.jfree.data.KeyedObjects#int#getIndex#?,Comparable#145",0.9175387191293428,0.9175387191293428,0.9175387191293428,-1!=0,_
27,"org.jfree.data.KeyedObjects#void#setObject#?,Comparable,Object#206",0.9175387191293428,0.9175387191293428,0.9175387191293428,!(keyIndex >= 0),_
28,"org.jfree.chart.labels.StandardCategorySeriesLabelGenerator#?#StandardCategorySeriesLabelGenerator#?,String#84",0.9118136439267888,0.9118136439267888,0.9118136439267888,!(format == null),_
29,"org.jfree.chart.plot.Plot#void#notifyListeners#?,PlotChangeEvent#969",0.8928716904276985,0.8928716904276985,0.8928716904276985,!(!this.notify),_
30,"org.jfree.chart.util.AbstractObjectList#void#set#?,int,Object#132",0.8910569105691056,0.8910569105691056,0.8910569105691057,"Math.max(this.size,index + 1)>=index",_
31,"org.jfree.chart.util.AbstractObjectList#Object#get#?,int#110",0.8910569105691056,0.8910569105691056,0.8907676063773625,index >= 0 && index < this.size,_
32,org.jfree.chart.util.AbstractObjectList#int#size#?#149,0.8246802106847254,0.8917819365337672,0.8783615913639589,this.size>0,_
33,"org.jfree.chart.renderer.RenderAttributes#void#setDefaultFillPaint#?,Paint#265",0.8369606720122185,0.8369606720122185,0.8369606720122185,!(paint == null && !this.allowNull),_
34,"org.jfree.chart.labels.ItemLabelPosition#?#ItemLabelPosition#?,ItemLabelAnchor,TextAnchor,TextAnchor,double#118",0.8363220144982831,0.8363220144982831,0.8363220144982831,!(rotationAnchor == null),_
35,"org.jfree.chart.util.AbstractObjectList#?#AbstractObjectList#?,int,int#97",0.8064753495217072,0.8064753495217072,0.8064753495217072,increment<=initialCapacity,_
36,"org.jfree.data.event.DatasetChangeEvent#?#DatasetChangeEvent#?,Object,Dataset,DatasetChangeInfo#88",0.7997081357168917,0.7997081357168917,0.7997081357168917,!(info == null),_
37,"org.jfree.chart.plot.CategoryPlot#void#setRenderer#?,CategoryItemRenderer#1613",0.9981785063752276,0.0,0.19963570127504549,,_
38,"org.jfree.chart.plot.CategoryPlot#void#setDataset#?,CategoryDataset#1339",0.9936536718041704,0.0,0.19873073436083405,,_
39,org.jfree.chart.plot.CategoryPlot#?#CategoryPlot#?#567,0.9936536718041704,0.0,0.19873073436083405,,_
40,"org.jfree.chart.util.SortOrder#?#SortOrder#?,String#75",0.9896162528216704,0.0,0.19792325056433407,,_
41,"org.jfree.chart.axis.CategoryAnchor#?#CategoryAnchor#?,String#76",0.98872350022553,0.0,0.197744700045106,,_
42,org.jfree.chart.renderer.category.LineAndShapeRenderer#?#LineAndShapeRenderer#?#201,0.9878323569175304,0.0,0.19756647138350605,,_
43,"org.jfree.chart.renderer.category.LineAndShapeRenderer#?#LineAndShapeRenderer#?,boolean,boolean#222",0.981199641897941,0.0,0.19623992837958812,,_
44,"org.jfree.chart.plot.DatasetRenderingOrder#?#DatasetRenderingOrder#?,String#81",0.9807606263982102,0.0,0.19615212527964201,,_
45,"org.jfree.chart.axis.AxisLocation#?#AxisLocation#?,String#85",0.9798837729101476,0.0,0.19597675458202948,,_
46,"org.jfree.chart.plot.PlotOrientation#?#PlotOrientation#?,String#73",0.9781347612672914,0.0,0.19562695225345825,,_
47,org.jfree.chart.ChartColor#Paint[]#createDefaultPaintArray#?#151,0.9746554024010672,0.0,0.1949310804802134,,_
48,"org.jfree.chart.plot.DefaultDrawingSupplier#int[]#intArray#?,double,double,double,double#532",0.9746554024010672,0.0,0.1949310804802134,,_
49,"org.jfree.chart.plot.DefaultDrawingSupplier#int[]#intArray#?,double,double,double#517",0.9746554024010672,0.0,0.1949310804802134,,_
50,"org.jfree.chart.plot.CategoryPlot#void#mapDatasetToRangeAxis#?,int,int#1508",0.9664902998236332,0.0,0.1932980599647266,,_
51,"org.jfree.chart.plot.CategoryPlot#void#mapDatasetToDomainAxis#?,int,int#1412",0.9664902998236332,0.0,0.1932980599647266,,_
52,"org.jfree.chart.plot.CategoryPlot#void#setRangeAxisLocation#?,AxisLocation,boolean#1197",0.9664902998236332,0.0,0.1932980599647266,,_
53,"org.jfree.chart.plot.CategoryPlot#void#setDomainAxisLocation#?,AxisLocation,boolean#913",0.9664902998236332,0.0,0.1932980599647266,,_
54,org.jfree.chart.LegendItemCollection#?#LegendItemCollection#?#69,0.9656387665198236,0.0,0.1931277533039647,,_
55,"org.jfree.chart.util.UnitType#?#UnitType#?,String#70",0.9601401664476568,0.0,0.19202803328953127,,_
56,"org.jfree.data.category.DefaultCategoryDataset#void#addValue#?,double,Comparable,Comparable#259",0.9597197898423816,0.0,0.1919439579684763,,_
57,"org.jfree.data.category.DefaultCategoryDataset#void#addValue#?,Number,Comparable,Comparable#243",0.954288202002612,0.0,0.1908576404005224,,_
58,org.jfree.chart.util.DefaultShadowGenerator#?#DefaultShadowGenerator#?#78,0.9526292916123424,0.0,0.19052585832246846,,_
59,"org.jfree.data.SelectableValue#?#SelectableValue#?,Number#65",0.9444205084015509,0.0,0.18888410168031014,,_
60,"org.jfree.data.SelectableValue#?#SelectableValue#?,Number,boolean#75",0.9444205084015509,0.0,0.18888410168031014,,_
61,"org.jfree.data.category.AbstractCategoryDataset#void#setSelectionState#?,CategoryDatasetSelectionState#88",0.9440137812230835,0.0,0.18880275624461668,,_
62,org.jfree.data.category.AbstractCategoryDataset#?#AbstractCategoryDataset#?#64,0.9440137812230835,0.0,0.18880275624461668,,_
63,org.jfree.data.category.DefaultCategoryDataset#?#DefaultCategoryDataset#?#81,0.9440137812230835,0.0,0.18880275624461668,,_
64,"org.jfree.data.KeyedObjects2D#void#addObject#?,Object,Comparable,Comparable#257",0.9347547974413644,0.0,0.18695095948827287,,_
65,org.jfree.chart.plot.Plot#void#fireChangeEvent#?#986,0.9311809685641462,0.0,0.1862361937128292,,_
66,org.jfree.data.KeyedObjects2D#?#KeyedObjects2D#?#76,0.9210084033613444,0.0,0.18420168067226889,,_
67,"org.jfree.chart.event.ChartChangeEvent#void#setType#?,ChartChangeEventType#131",0.9183074989526602,0.0,0.18366149979053198,,_
68,"org.jfree.data.KeyedObject#?#KeyedObject#?,Comparable,Object#73",0.9160050146259924,0.0,0.18320100292519845,,_
69,org.jfree.chart.renderer.category.AbstractCategoryItemRenderer#?#AbstractCategoryItemRenderer#?#255,0.9140950792326941,0.0,0.1828190158465388,,_
70,org.jfree.chart.labels.StandardCategorySeriesLabelGenerator#?#StandardCategorySeriesLabelGenerator#?#75,0.9133333333333332,0.0,0.18266666666666664,,_
71,org.jfree.data.KeyedObjects#?#KeyedObjects#?#73,0.9129529362765516,0.0,0.18259058725531027,,_
72,"org.jfree.chart.util.ObjectList#void#set#?,int,Object#95",0.9087893864013268,0.0,0.1817578772802653,,_
73,org.jfree.chart.plot.Plot#Plot#getParent#?#456,0.9054109871953736,0.0,0.1810821974390747,,_
74,org.jfree.chart.plot.Plot#?#Plot#?#325,0.9046636401155592,0.0,0.18093272802311186,,_
75,"org.jfree.data.general.AbstractDataset#void#addChangeListener#?,DatasetChangeListener#133",0.9035449299258036,0.0,0.1807089859851607,,_
76,"org.jfree.chart.util.ObjectList#Object#get#?,int#85",0.9028006589785832,0.0,0.18056013179571664,,_
77,org.jfree.chart.plot.DefaultDrawingSupplier#?#DefaultDrawingSupplier#?#150,0.9024289831206256,0.0,0.1804857966241251,,_
78,"org.jfree.chart.plot.DefaultDrawingSupplier#?#DefaultDrawingSupplier#?,Paint[],Paint[],Paint[],Stroke[],Stroke[],Shape[]#201",0.9024289831206256,0.0,0.1804857966241251,,_
79,"org.jfree.chart.event.PlotChangeEvent#?#PlotChangeEvent#?,Plot#65",0.8928716904276985,0.0,0.17857433808553966,,_
80,"org.jfree.chart.util.RectangleInsets#?#RectangleInsets#?,double,double,double,double#102",0.882803060813532,0.0,0.17656061216270635,,_
81,"org.jfree.chart.labels.ItemLabelPosition#?#ItemLabelPosition#?,ItemLabelAnchor,TextAnchor#90",0.8369606720122185,0.0,0.16739213440244366,,_
82,"org.jfree.chart.renderer.RenderAttributes#?#RenderAttributes#?,boolean#130",0.8369606720122185,0.0,0.16739213440244366,,_
83,org.jfree.chart.renderer.AbstractRenderer#?#AbstractRenderer#?#399,0.8369606720122185,0.0,0.16739213440244366,,_
84,org.jfree.chart.renderer.RenderAttributes#?#RenderAttributes#?#120,0.8369606720122185,0.0,0.16739213440244366,,_
85,org.jfree.chart.util.ShapeList#?#ShapeList#?#59,0.8360030511060259,0.0,0.16720061022120514,,_
86,org.jfree.chart.util.StrokeList#?#StrokeList#?#58,0.8344118766653977,0.0,0.1668823753330795,,_
87,org.jfree.chart.util.PaintList#?#PaintList#?#59,0.8337771015595283,0.0,0.16675542031190566,,_
88,"org.jfree.data.general.AbstractDataset#void#fireDatasetChanged#?,DatasetChangeInfo#176",0.8206664170722575,0.0,0.16413328341445144,,_
89,"org.jfree.chart.util.AbstractObjectList#?#AbstractObjectList#?,int#86",0.8064753495217072,0.0,0.1612950699043414,,_
90,org.jfree.chart.util.AbstractObjectList#?#AbstractObjectList#?#77,0.8064753495217072,0.0,0.1612950699043414,,_
91,org.jfree.data.general.AbstractDataset#?#AbstractDataset#?#97,0.7976710334788938,0.0,0.15953420669577872,,_
92,org.jfree.data.general.DatasetGroup#?#DatasetGroup#?#64,0.7973808657693706,0.0,0.15947617315387408,,_
93,"org.jfree.chart.event.ChartChangeEvent#?#ChartChangeEvent#?,Object,JFreeChart,ChartChangeEventType#93",0.7831368345837799,0.0,0.15662736691675594,,_
94,"org.jfree.chart.event.ChartChangeEvent#?#ChartChangeEvent#?,Object#69",0.7831368345837799,0.0,0.15662736691675594,,_
95,"org.jfree.chart.text.TextAnchor#?#TextAnchor#?,String#125",0.0,0.0,0.0,,_
96,"org.jfree.chart.event.ChartChangeEventType#?#ChartChangeEventType#?,String#75",0.0,0.0,0.0,,_
97,"org.jfree.chart.labels.ItemLabelAnchor#?#ItemLabelAnchor#?,String#168",0.0,0.0,0.0,,_
