,col0,col1,col2,col3,col4,col5,col6,col7,col8,col9,col10,col11,col12,col13,col14,col15,col16,col17,col18,col19
0,a35f5800-9bad-11eb-a8a2-19ed5c03f8d3,genus,Aplopsora,,,Mains,,1921,,Am. J. Bot. 8: 442 (1921),,,,a35f5800-9bad-11eb-a8a2-19ed5c03f8d3,,,,,16021, 
1,36813c58-9bad-11eb-a8a2-19ed5c03f8d3,species,corni,Aplopsora,,Y. Ono & Y. Harada,,1994,,Mycoscience 35(2): 181 (1994),,,,36813c58-9bad-11eb-a8a2-19ed5c03f8d3,,,,,362382, 
2,69a7311e-9bad-11eb-a8a2-19ed5c03f8d3,species,dicentrae,Aplopsora,,(Mains & H.W. Anderson) Buriticá & J.F. Hennen,,1998,,"in Buriticá, Revta Acad. colomb. cienc. exact. fís. nat. 22(no. 84): 333 (1998)",,,,d19bec20-9bac-11eb-a8a2-19ed5c03f8d3,,,,,464063, 
3,4df38788-9bad-11eb-a8a2-19ed5c03f8d3,species,hennenii,Aplopsora,,Dianese & L.T.P. Santos,,1995,,Mycol. Res. 99(8): 915 (1995),,,,4df38788-9bad-11eb-a8a2-19ed5c03f8d3,,,,,412490, 
4,d2c4bd70-9bac-11eb-a8a2-19ed5c03f8d3,species,nyssae,Aplopsora,,Mains,,1921,,Am. J. Bot. 8: 442 (1921),,,,d2c4bd70-9bac-11eb-a8a2-19ed5c03f8d3,,,,,253613, 
5,a602258e-9bac-11eb-a8a2-19ed5c03f8d3,species,qualeae,Aplopsora,,Buriticá & J.F. Hennen,,1998,,"in Buriticá, Revta Acad. colomb. cienc. exact. fís. nat. 22(no. 84): 332 (1998)",,,,a602258e-9bac-11eb-a8a2-19ed5c03f8d3,,,,,464060, 
6,69a70162-9bad-11eb-a8a2-19ed5c03f8d3,species,tanakae,Aplopsora,,(S. Ito) Buriticá & J.F. Hennen,,1998,,"in Buriticá, Revta Acad. colomb. cienc. exact. fís. nat. 22(no. 84): 332 (1998)",,,,e55b476a-9bac-11eb-a8a2-19ed5c03f8d3,,,,,464062, 
