,col0,col1,col2,col3,col4,col5
0,Long Statement,TestApp,Program,D:\research\architectureSmells\repos\dib0_NHapiTools\TestApp\Program.cs,TestGenericMessageWrapper,"The length of the statement  ""            Console.WriteLine(""\n==============================================\nTesting parsing to GenericMessageWrapper with different PID implementation (Repeating Alternate Patient ID).""); "" is 180."
1,Long Statement,TestApp,Program,D:\research\architectureSmells\repos\dib0_NHapiTools\TestApp\Program.cs,TestGenericMessageWrapper,"The length of the statement  ""            string txtMessage = ""MSH|^~\\&|EPIC|EPICADT|SMS|SMSADT|199912271408|CHARRIS|ADT^A01^ADT_A01|1817457|D|2.3|\rPID|0493575^^^2^ID 1|0493575^^^2^ID 1|454721|0493575^^^2^ID 1~0584484^^^3^ID 2~0584484^^^4^ID 4~0584484^^^5^ID 5|DOE^JOHN^^^^|DOE^JOHN^^^^|19480203|M||B|254 MYSTREET AVE^^MYTOWN^OH^44123^USA||(216)123-4567|||M|NON|400003403~1129086|\rNK1||ROE^MARIE^^^^|SPO||(216)123-4567||EC|||||||||||||||||||||||||||\rPV1||O|168~219^^^^^^^^^||||277^ALLEN MYLASTNAME^BONNIE^^^^|||||||||| ||2688684|||||||||||||||||||||||||199912271408||||||002376853""; "" is 544."
2,Long Statement,TestApp,Program,D:\research\architectureSmells\repos\dib0_NHapiTools\TestApp\Program.cs,TestGenericMessageWrapper,"The length of the statement  ""                    Console.WriteLine(""Parsed {0} (V{1}). Custom PID implementation: {2}. Alternate Patient ID has {3} repetitions.""' structure' originalMessage.Version' segmentOverridden' ((TestApp.CustomImplementation.V23.Segment.PID)pid).AlternatePatientIDRepetitionsUsed); "" is 256."
3,Long Statement,TestApp,Program,D:\research\architectureSmells\repos\dib0_NHapiTools\TestApp\Program.cs,TestGenericMessageWrapper,"The length of the statement  ""                    Console.WriteLine(""PID from original message {0} custom PID.""' pid1.IsEqual(pid2) ? ""is the same as"" : ""isn't the same as""); "" is 124."
4,Long Statement,TestApp,Program,D:\research\architectureSmells\repos\dib0_NHapiTools\TestApp\Program.cs,TestGenericMessageWrapper,"The length of the statement  ""                    Console.WriteLine(""Parsed {0} (V{1}). Custom PID implementation: {2}.""' structure' originalMessage.Version' segmentOverridden); "" is 127."
5,Long Statement,TestApp,Program,D:\research\architectureSmells\repos\dib0_NHapiTools\TestApp\Program.cs,TestExtensionMethods,"The length of the statement  ""                Console.WriteLine(""\n==============================================\nTesting extension methods on ADT_A08 (HL7 V2.3) messages.""); "" is 129."
6,Long Statement,TestApp,Program,D:\research\architectureSmells\repos\dib0_NHapiTools\TestApp\Program.cs,TestExtensionMethods,"The length of the statement  ""                List<IMessage> a08 = parsedMessages.Where(im => (im.Version == ""2.3"") && (im.GetStructureName() == ""ADT_A08"")).ToList(); "" is 120."
7,Long Statement,TestApp,Program,D:\research\architectureSmells\repos\dib0_NHapiTools\TestApp\Program.cs,ZRTTest,"The length of the statement  ""            string txtMessage = ""MSH|^~\\&|ABC|DEF|DAL|QUEST|20160907113230||ORM^O01^ORM_O01|201609071132304107|P|2.5.1\rPID|1||[PATIENTID]^^^^MR||[LASTNAME]^[FIRSTNAME]^M^^^^L|SMITH|[DOB]|[GENDER]||2106-3^White^HL70005|123 Main St.^^Fischer^TX^78623^USA^H||^PRN^PH^anyone@mycompany.com^^704^5551212~^^CP^^^980^5551414|^PRN^PH^^^704^5551313|eng^English^ISO639|S^Single|||123-45-6789|||N^Not Hispanic or Latino^HL70189\rPV1|1|O|^^^ZZZZZ00002^^C^^^Bleeding Edge Trauma Center||||NPIDA^Allthework^Dew^^^Mr^PA^^^^^^NPI^^^^^^^^PA||||||||||||ZZZZZ000EJ^^^^VN|||||||||||||||||||||||||20110511132339-0400\rORC|SN|[PON]||||||||||^Jekyll^Burt^^^^^^NPI^L\rOBR||[PON]||87590^Neisseria gonorrhoeae detection by nucleic acid' direct probe^C4|||201609071108|||||||| ^^^ |^Jekyll^Burt^^^^^^NPI^L||||||||LAB\rDG1|1||I25700^Atherosclerosis of CABG' unsp' w unstable angina pectoris^ICD\rZRT|1|Inbound Processor - Prod|ConfigID=1406;MessageID=16971290;MessageType=ORM;LabOrderID=32271;PatientID=1234;|SPLINTER|""; "" is 981."
8,Magic Number,TestApp,Program,D:\research\architectureSmells\repos\dib0_NHapiTools\TestApp\Program.cs,SpinnerWhileWaiting,The following statement contains a magic number: spinnerText = spinnerText.PadRight(4' ' ');
9,Magic Number,TestApp,Program,D:\research\architectureSmells\repos\dib0_NHapiTools\TestApp\Program.cs,SpinnerWhileWaiting,The following statement contains a magic number: Console.SetCursorPosition(x - 5' y);
10,Magic Number,TestApp,Program,D:\research\architectureSmells\repos\dib0_NHapiTools\TestApp\Program.cs,SpinnerWhileWaiting,The following statement contains a magic number: ++spinnerCount > 3
11,Magic Number,TestApp,Program,D:\research\architectureSmells\repos\dib0_NHapiTools\TestApp\Program.cs,SpinnerWhileWaiting,The following statement contains a magic number: ++dotCount == 4
12,Magic Number,TestApp,Program,D:\research\architectureSmells\repos\dib0_NHapiTools\TestApp\Program.cs,SpinnerWhileWaiting,The following statement contains a magic number: ++dotPause == 20
13,Magic Number,TestApp,Program,D:\research\architectureSmells\repos\dib0_NHapiTools\TestApp\Program.cs,SpinnerWhileWaiting,The following statement contains a magic number: Thread.Sleep(10);
14,Magic Number,TestApp,Program,D:\research\architectureSmells\repos\dib0_NHapiTools\TestApp\Program.cs,SpinnerWhileWaiting,The following statement contains a magic number: Console.SetCursorPosition(Console.CursorLeft - 5' Console.CursorTop);
