,col0,col1,col2,col3,col4,col5,col6,col7,col8,col9,col10,col11,col12,col13,col14,col15,col16,col17,col18,col19
0,eb494532-8fd1-11eb-924d-9cd76263cbd0,genus,Theriophonum,,,Blume,Q76816,1837.0,,Rumphia 1: 127. 1837.,,,,,,2938-1,wfo-4000038173,2869279,,
1,1540d1e4-8fcc-11eb-924d-9cd76263cbd0,species,crenatum,Theriophonum,,(Wight) Blume,"Q1375864,Q76816",1837.0,,Rumphia 1: 128 1837,,,,f8878638-8fcb-11eb-924d-9cd76263cbd0,,89185-1,wfo-0000323106,2869286,,
2,154116ae-8fcc-11eb-924d-9cd76263cbd0,species,dalzellii,Theriophonum,,Schott,Q112191,1853.0,,Aroideae 1: 15 1853,,,,,,89186-1,wfo-0000323107,2869290,,
3,759e056a-8fcd-11eb-924d-9cd76263cbd0,species,danielii,Theriophonum,,"Rajakumar, Selvak., S.Murug. & Chellap.","Q26713879,Q26713880,Q33685867,Q26713882",2010.0,,Indian J. Forest. 33: 447 2010,,,,,,60456124-2,wfo-0000921757,8265641,,
4,15414868-8fcc-11eb-924d-9cd76263cbd0,species,fischeri,Theriophonum,,Sivad.,Q21608995,1981.0,,Aroideana 4: 64 1981,,Q100710033,,,,975913-1,wfo-0000323108,2869295,,
5,154177ac-8fcc-11eb-924d-9cd76263cbd0,species,indicum,Theriophonum,,Engl.,Q60718,1920.0,,"Pflanzenr. IV, 23F: 107 1920",,,,,,,wfo-0000323109,2869296,,
6,15419fb6-8fcc-11eb-924d-9cd76263cbd0,species,infaustum,Theriophonum,,N.E.Br.,Q721850,1880.0,,"J. Linn. Soc., Bot. 18: 260 1880",,Q55760203,,,,89188-1,wfo-0000323110,2869297,,
7,1541be7e-8fcc-11eb-924d-9cd76263cbd0,species,kleinii,Theriophonum,,Schott,Q112191,1858.0,,Oesterr. Bot. Z. 8: 2 1858,,Q101054893,,,,89189-1,wfo-0000323111,2869285,,
8,72304c80-8fcd-11eb-924d-9cd76263cbd0,species,manickamii,Theriophonum,,Murugan & K.Natarajan,"Q18986969,Q33686263",2008.0,,J. Econ. Taxon. Bot. 32: 618 2008,,,,,,60454605-2,wfo-0000916300,6310236,,
9,1541dc74-8fcc-11eb-924d-9cd76263cbd0,species,minutum,Theriophonum,,(Willd.) Baill.,"Q76353,Q461931",1895.0,,Hist. Pl. 13: 457 1895,,,,f9df70ae-8fcb-11eb-924d-9cd76263cbd0,,89190-1,wfo-0000323112,2869280,,
10,1541fa2e-8fcc-11eb-924d-9cd76263cbd0,variety,chattarjeei,Theriophonum,minutum,Haines,Q5894532,1924.0,,Bot. Bihar Orissa 5: 864 1924,,,,,,,wfo-0000323113,2869289,,
11,15421540-8fcc-11eb-924d-9cd76263cbd0,species,sivaganganum,Theriophonum,,(Ramam. & Sebastine) Bogner,"Q9017142,Q21608582,Q5640534",1969.0,,Bull. Bot. Surv. India 10: 244 1969,,Q101080675,,,,89192-1,wfo-0000323114,2869293,,
12,1542308e-8fcc-11eb-924d-9cd76263cbd0,species,uniseriatum,Theriophonum,,Blatt. & McCann,"Q3059270,Q5080778",1931.0,,J. Bombay Nat. Hist. Soc. 35: 25 1931,,,,,,89193-1,wfo-0000323115,2869292,,
13,15426806-8fcc-11eb-924d-9cd76263cbd0,species,wightii,Theriophonum,,(Schott) Engl.,"Q112191,Q60718",1879.0,,Monogr. Phan. 2: 608 1879,,,,,,89194-1,wfo-0000323117,7868820,,
14,154284b2-8fcc-11eb-924d-9cd76263cbd0,species,wightii,Theriophonum,,Schott,Q112191,1858.0,,Oesterr. Bot. Z. 8: 3 1858,,Q101054893,,,,89195-1,wfo-0000323118,7868820,,
15,15429ea2-8fcc-11eb-924d-9cd76263cbd0,species,zeylanicum,Theriophonum,,N.E.Br.,Q721850,,,"J. Linn. Soc., Bot. 18: 1258 1880",,Q55760203,,,,89196-1,wfo-0000323119,2869288,,
