,col0,col1,col2,col3,col4,col5,col6,col7,col8,col9,col10,col11,col12,col13,col14,col15,col16,col17,col18,col19,col20,col21,col22,col23
0,14270,31030.0,,,Awnings by Bigley and Hogshire,,,,Awnings,"Newport News, VA",716 A Bluecrab Road,,Newport News,VA,23606,False,2012-10-31 00:00:00,750.0,1000.0,14386,Fair Market Value,Tent for Tailgate Event,,{1DC1E994-158B-816E-886E-0DF8DD8F5EAD}
1,14270,31075.0,Chad,,Green,,,Self Employed,Attorney,Seaford VA,424 Spivey Lane,,Seaford,VA,23696,True,2012-10-31 00:00:00,500.0,550.0,14387,Fair Market Value,lot for Tailgate event,,{1DC1E994-158B-816E-886E-0DF8DD8F5EAD}
2,14270,80159.0,,,Pepsi Cola,,,,Beverage Distributor,"Newport News, VA",17200 Warwick Blvd,,Newport News,VA,23603,False,2012-10-31 00:00:00,121.0,121.0,14388,Actual Cost,Beverage Donation for Tailgate Party,,{1DC1E994-158B-816E-886E-0DF8DD8F5EAD}
3,14270,80161.0,,,Mermaid Winery,,,,Beverage Distributor,Norfolk,330 W 22nd Street,,Norfolk,VA,23517,False,2012-12-21 00:00:00,1556.1,1556.1,14389,Actual Cost,Beverage Donation for Governors Event,,{1DC1E994-158B-816E-886E-0DF8DD8F5EAD}
4,14270,80163.0,Dwight,,West,,,Self Employed,Insurance Agent,"Newport News, VA",Riverside Drive,,Newport News,VA,23606,True,2012-12-20 00:00:00,1000.0,1000.0,14390,Actual Cost,Governors Event,,{1DC1E994-158B-816E-886E-0DF8DD8F5EAD}
5,14347,32178.0,,,Hunton and Williams,,,,Law Firm,"Richmond, VA",915 E. Byrd St.,,Richmond,VA,23219,False,2012-12-19 00:00:00,97.56,685.48,14420,Actual Cost,reception costs,,{A3C1DA6E-E97C-646E-ECDA-1A806584BF02}
6,14347,78903.0,,,Virginia Coal Association,,,,Energy & Natural Resources,"Richmond, Va","Old City Hall, 1001 E. Broad St.",Suite 425,Richmond,VA,23219,False,2012-10-26 00:00:00,608.05,608.05,14421,Actual Cost,Expenses for trip,,{A3C1DA6E-E97C-646E-ECDA-1A806584BF02}
7,14347,82422.0,,,Virginia Senate Republican Caucus,,,,Political Organization,"Williamsburg, VA",PO Box 1697,,Williamsburg,VA,23187,False,2012-08-01 00:00:00,1303.8,1303.8,14422,Actual Cost,Fundraiser,,{A3C1DA6E-E97C-646E-ECDA-1A806584BF02}
8,14358,70951.0,,,"VA Wine Wholesalers Asso., PAC",,,,PAC,"Richmond, VA 23218",P.O. Box 170,,Richmond,VA,23218,False,2012-11-13 00:00:00,540.0,540.0,14430,Actual Cost,Event Wine,,{30F4C38D-DE73-6ABF-3726-4DD53D78E28C}
9,14393,,,,Cherrystone Aqua Farms,,,,Seafood Wholesaler,"Cheriton, VA",1588 Townfield Dr,,Cheriton,VA,23316,False,2012-08-07 00:00:00,150.0,150.0,14431,FairMarketValue,three hundred oysters,,{F44D75CA-3469-2DA2-2C42-6F6EDD4D32E4}
10,14393,,,,L.D. Amory & Company,,,,Seafood Wholesaler,"Hampton, VA",101 South King St,,Hampton,VA,23669,False,2012-08-07 00:00:00,172.5,172.5,14432,FairMarketValue,donated three gallons of scallops,,{F44D75CA-3469-2DA2-2C42-6F6EDD4D32E4}
