,col0,col1,col2,col3,col4,col5,col6,col7,col8,col9,col10,col11,col12,col13,col14,col15,col16,col17,col18,col19
0,e60bd9b8-8fd1-11eb-924d-9cd76263cbd0,genus,Lonchitis-aspera,,,Hill ex Farw.,"Q510400,Q4481339",1931,,"Amer. Midl. Naturalist 12: 240, 276. 1931.",,,,,,,wfo-4000022153,7753462,,
1,04260368-8fc0-11eb-924d-9cd76263cbd0,species,capensis,Lonchitis-aspera,,Farw.,Q4481339,1931,,Amer. Midl. Naturalist 12: 276 1931,,Q55765584,,,,17339710-1,wfo-0000163507,7296936,,
2,0431301c-8fc0-11eb-924d-9cd76263cbd0,species,discolor,Lonchitis-aspera,,Farw.,Q4481339,1931,,Amer. Midl. Naturalist 12: 277 1931,,Q55765584,,,,17339720-1,wfo-0000163508,4079497,,
3,043cdbba-8fc0-11eb-924d-9cd76263cbd0,species,feei,Lonchitis-aspera,,Farw.,Q4481339,1931,,Amer. Midl. Naturalist 12: 277 1931,,Q55765584,,,,143220-2,wfo-0000163509,4079476,,
4,0447dab0-8fc0-11eb-924d-9cd76263cbd0,species,lherminieri,Lonchitis-aspera,,Farw.,Q4481339,1931,,Amer. Midl. Naturalist 12: 277 1931,,Q55765584,,,,143221-2,wfo-0000163510,4079462,,
5,0452b5de-8fc0-11eb-924d-9cd76263cbd0,species,meridensis,Lonchitis-aspera,,Farw.,Q4481339,1931,,Amer. Midl. Naturalist 12: 277 1931,,Q55765584,,,,143222-2,wfo-0000163511,4079447,,
6,045dd77a-8fc0-11eb-924d-9cd76263cbd0,species,penna-marina,Lonchitis-aspera,,Farw.,Q4481339,1931,,Amer. Midl. Naturalist 12: 277 1931,,Q55765584,,,,143223-2,wfo-0000163512,4079424,,
7,04691d24-8fc0-11eb-924d-9cd76263cbd0,species,plumieri,Lonchitis-aspera,,Farw.,Q4481339,1931,,Amer. Midl. Naturalist 12: 277 1931,,Q55765584,,,,143224-2,wfo-0000163513,4079408,,
8,0474703e-8fc0-11eb-924d-9cd76263cbd0,species,polypodioides,Lonchitis-aspera,,Farw.,Q4481339,1931,,Amer. Midl. Naturalist 12: 277 1931,,Q55765584,,,,143225-2,wfo-0000163514,4079388,,
9,cdf9c122-8fcd-11eb-924d-9cd76263cbd0,species,spicant,Lonchitis-aspera,,(L.) Farw.,"Q1043,Q4481339",1931,,Amer. Midl. Naturalist 12: 277 1931,,Q55765584,,cdfa2e64-8fcd-11eb-924d-9cd76263cbd0,,143226-2,wfo-0001111081,7296913,,
10,0480f340-8fc0-11eb-924d-9cd76263cbd0,species,tabularis,Lonchitis-aspera,,Farw.,Q4481339,1931,,Amer. Midl. Naturalist 12: 277 1931,,Q55765584,,,,143228-2,wfo-0000163515,7296911,,
