,col0,col1,col2,col3,col4,col5,col6,col7,col8,col9,col10,col11,col12,col13,col14,col15,col16,col17,col18,col19
0,e1ab68de-8fd1-11eb-924d-9cd76263cbd0,genus,Chosenia,,,Nakai,Q704751,1920,,Bot. Mag. (Tokyo) 34: 67–68. 1920.,,,,,,,wfo-4000008123,3231228.0,,
1,7ae5d48a-8fcd-11eb-924d-9cd76263cbd0,species,arbutifolia,Chosenia,,(Pall.) A.Skvorts.,Q155914,1957,,Bot. Mater. Gerb. Bot. Inst. Komarova Akad. Nauk S.S.S.R. 18: 43 1957,,,,7a08c6a8-8fcd-11eb-924d-9cd76263cbd0,,,wfo-0000930830,5582223.0,,
2,7aff28ea-8fcd-11eb-924d-9cd76263cbd0,form,adenantha,Chosenia,arbutifolia,(Kimura) Kimura,Q11518942,1961,,"Sci. Rep. Tohoku Imp. Univ., Ser. 4, Biol. 27: 146 1961",,,,7afef118-8fcd-11eb-924d-9cd76263cbd0,,,wfo-0000931055,7585937.0,,
3,7ae5f3fc-8fcd-11eb-924d-9cd76263cbd0,species,bracteosa,Chosenia,,(Turcz. ex Trautv. & C.A.Mey.) Nakai,"Q2640364,Q62846,Q728729,Q704751",1930,,Fl. Sylv. Kor. 18: 59 1930,,,,7a2b9174-8fcd-11eb-924d-9cd76263cbd0,,776517-1,wfo-0000930831,5582219.0,,
4,7aff0cd4-8fcd-11eb-924d-9cd76263cbd0,form,adenanta,Chosenia,bracteosa,(Kimura) Kimura,Q11518942,1950,,Shokubutsugakusenshu 114 1950,,,,,,,wfo-0000931054,,,
5,7ae60e64-8fcd-11eb-924d-9cd76263cbd0,species,cardiophylla,Chosenia,,(Trautv. & C.A.Mey.) N.Chao,"Q62846,Q728729,Q18983604",1996,,J. Sichuan Forest. Sci. Techn. 17: 14 1996,,,,7a310514-8fcd-11eb-924d-9cd76263cbd0,,1005850-1,wfo-0000930832,5582216.0,,
6,7ae62bd8-8fcd-11eb-924d-9cd76263cbd0,species,eucalyptoides,Chosenia,,(F.N.Meijer) Nakai,"Q3082749,Q704751",1924,,J. Arnold Arbor. 5: 7 1924,,Q100545418,,79da4602-8fcd-11eb-924d-9cd76263cbd0,,776518-1,wfo-0000930833,5582211.0,,
7,7ae6494c-8fcd-11eb-924d-9cd76263cbd0,species,macrolepis,Chosenia,,(Turcz.) Kom.,"Q2640364,Q1319463",1927,,Mel. Bot. Borodine 281 1927,,,,7a91ecc6-8fcd-11eb-924d-9cd76263cbd0,,,wfo-0000930834,5582209.0,,
8,7afef118-8fcd-11eb-924d-9cd76263cbd0,form,adenantha,Chosenia,macrolepis,Kimura,Q11518942,1938,,"Sci. Rep. Tohoku Imp. Univ., Ser. 4, Biol. 13: 389 1938",,,,,,,wfo-0000931053,7536271.0,,
9,7ae6663e-8fcd-11eb-924d-9cd76263cbd0,species,maximowiczii,Chosenia,,(Kom.) N.Chao,"Q1319463,Q18983604",1996,,J. Sichuan Forest. Sci. Techn. 17: 14 1996,,,,,,1005851-1,wfo-0000930835,5582203.0,,
10,7ae6824a-8fcd-11eb-924d-9cd76263cbd0,species,splendida,Chosenia,,(Nakai) Nakai,Q704751,1920,,Bot. Mag. (Tokyo) 34: 67 1920,,,,7a4a4f56-8fcd-11eb-924d-9cd76263cbd0,,776520-1,wfo-0000930836,5582197.0,,
11,7ae69cb2-8fcd-11eb-924d-9cd76263cbd0,species,urbaniana,Chosenia,,(Seemen) N.Chao,"Q3193437,Q18983604",1996,,J. Sichuan Forest. Sci. Techn. 17: 14 1996,,,,7a4fa64a-8fcd-11eb-924d-9cd76263cbd0,,1005852-1,wfo-0000930837,5582193.0,,
12,4b382378-8fcd-11eb-924d-9cd76263cbd0,species,sericea,Chotekia,,Opiz & Corda,"Q55069871,Q624998",1830,,Flora 13: t. 35 1830,,,,,,445703-1,wfo-0000852239,5607727.0,,
13,df648092-8fcc-11eb-924d-9cd76263cbd0,species,lakusicii,Chouardia,,(Šilic) Speta,"Q17265640,Q86532",1998,,Phyton (Horn) 38: 98 1998,,,,265f385c-8fcd-11eb-924d-9cd76263cbd0,,1003445-1,wfo-0000642235,2767402.0,,
14,df653348-8fcc-11eb-924d-9cd76263cbd0,species,litardierei,Chouardia,,(Breistr.) Speta,"Q6006821,Q86532",1998,,Phyton (Horn) 38: 98 1998,,,,172bbc0c-8fcd-11eb-924d-9cd76263cbd0,,1003446-1,wfo-0000642240,2767253.0,,
15,4b3a5300-8fcd-11eb-924d-9cd76263cbd0,species,reboudiana,Choulettia,,(Coss. & Durieu) Pomel,"Q1276939,Q703990,Q766920",1874,,Nouv. Mat. Fl. Atl. 81 1874,,,,8b804622-8fcd-11eb-924d-9cd76263cbd0,,746687-1,wfo-0000852259,2901999.0,,
