,col0,col1,col2,col3,col4,col5,col6,col7,col8,col9,col10
0,590612,comment,590460.0,590561.0,0,0,stcredzero,,,"Coding less is key.  But, for the code you do have to write, and for deciding exactly how to code less, the underlying talent has to do with <i>managing risk by decomposing your problem into small chunks</i>.<p>Once you have your ""problem"" pared down to the minimum needed, if you can decompose your system into lots of small parts that you can analyze easily and make darn sure are correct, then you can code without having to backtrack and do costly debugging.  You'll also find that writing the code also goes more quickly once you do this.  ""Knowing where to start"" also becomes much easier if you do this.",1241330275
1,590611,comment,590054.0,590589.0,0,0,nostrademons,,,"But you hear <i>bad</i> things about nearly everything from the tech press.  That's their job: to hold your attention so they can sell advertising space.  Negative news grabs your attention more than positive news, so that's what the press reports.  And indignant moral outrage over the latest nefarious corporate goings-on sells more papers(/banner ads) than anything else, so that's what they report on.<p>In basically every organization I've worked for/with/in (except the financial industry), the truth is basically 10-100x more benign than the media reports it as.  So unless you have personal experience with people in Yahoo or Google that make you not trust them, don't believe everything you read in the media.",1241330269
2,590610,comment,590479.0,590555.0,0,0,mynameishere,,,"Make a non-idiot mode. When non-idiot mode is activated the following occurs:<p>#1 All folders show ""name"" ""extension"" ""size"" ""date created"" ""date modified"" and nothing else. All alterations made by the user are automatically filtered into the entire filesystem. Don't ever ""guess"" what a directory is for. Computers are shit at guessing things.<p>#2 When I try to change a .png extension to .jpg I don't want alerted that this will ""make the file unusable"". That is an insult to my intelligence.<p>#3 When I try to delete a file that another process has a lock on you TELL ME WHAT GODDAMNED PROCESS HAS A LOCK ON IT so I can kill it.<p>#4 The GUI should look like windows 2000, no fussing with silly transparent windows or Mac wanna-be bullshit. I avoid macs for the same reason I avoid the Candyland.<p>#5 All files are assumed to be text files unless otherwise associated with other applications. That is, if I click on phat.properties, load it into whatever phat.txt would have been loaded into, most likely notepad.<p>#6 I use notepad more than almost any other application. It's time to start giving it more features. I'll bet there are 100 hackers at microsoft who would love to make notepad into a new emacs.<p>#7 Port every popular unix utility (grep, locate, sed, whatever) to windows and let me run them from the command prompt.<p>#8 Switch backslashes to forward slashes.<p>#9 Bring back qbasic gorilla.",1241330196
3,590609,story,,,6,0,quoderat,How the bums lost the class war,http://exiledonline.com/how-the-bums-lost-the-class-war-of-2009/all/1/,,1241330102
4,590608,story,,,5,5,sgharms,HN:  Are you (esp. multilinguals) getting an ebook reader?  Which?  Why?,http://sgharms.pbworks.com/eReader,"Hello,<p>There are a number of ebook readers out there, although the Kindle marketing campaign might have you thinking otherwise.<p>But hackers, my people, only here have people weighed the DRM, the text, the technology, and the longevity.  Neither Ars nor Endgaget seem to have done a multi-row matrix comparison of the contenders so I'm asking you all.<p>The URL points to a primitive listing of my concerns.  I'm looking to use an e-book reader to consolidate my dead-paper library as I contemplate moving to smaller environs.  Any help here would be appreciated, either in comments here at HN or at the linked URL.<p>Thanks!",1241330100
5,590607,comment,590268.0,590423.0,0,0,staticshock,,,What's the alternative?,1241329940
6,590606,comment,590479.0,590555.0,0,0,dandelany,,,"> Do we make decisions for our users and then complaints for not offering options?<p>No. You make decisions for your users and then offer them options. Under ""Options."" Or ""Control Panel,"" as you so bizarrely insist on calling it.<p>Oh, and you realize that for 90% of your users, ""driver software"" == Mario Kart.",1241329686
7,590605,comment,590460.0,590460.0,0,0,donniefitz2,,,"I can hardly remember what I did 5 minutes ago. No programmer has a mind index of all of the libraries in PHP. If you have that kind of memory, consider an extended visit to Vegas.",1241329580
8,590604,comment,590279.0,590279.0,0,0,noor420,,,"Recent post by Mark Cuban on how to save newspapers:\n<a href=""http://blogmaverick.com/2009/04/26/1269/"" rel=""nofollow"">http://blogmaverick.com/2009/04/26/1269/</a>",1241329578
9,590603,comment,590479.0,590511.0,0,0,iigs,,,"There's probably an overarching design requirement that their software not contact MS's servers for privacy reasons.<p>The buttons should be in a different order, and the wording should be changed, though.",1241329564
10,590602,comment,590472.0,590472.0,0,0,jf,,,:-(,1241329554
11,590601,story,,,3,0,tdonia,Foundations of Interaction Design,http://boxesandarrows.com/view/foundations-of,,1241329501
12,590600,story,,,2,0,jteo,IPhone developers are gonna have to innovate more..,http://www.bloomberg.com/apps/news?pid=20601109&sid=aWkbVRFdpkUg&refer=home,,1241329462
13,590599,comment,590475.0,590475.0,0,0,tdonia,,,"I went to an art school in brooklyn & learned 3d design as part of a formal spatial program.  The big insight that was beat into us is to start by simply symbolizing an object - squint at it until the rest blurs away - and then gauge/adjust/repeat the relationships between the pieces you're left with.  Persist until it's second nature and it'll be powerful magic for a designer in any field.  Abstraction can be rather useful, in a conference room or a startup.<p>here's some background:<p><a href=""http://www.rowenafund.org/about/rrk_about_rowena.html"" rel=""nofollow"">http://www.rowenafund.org/about/rrk_about_rowena.html</a><p><a href=""http://boxesandarrows.com/view/foundations-of"" rel=""nofollow"">http://boxesandarrows.com/view/foundations-of</a>",1241329389
14,590598,comment,590374.0,590550.0,0,0,xenophanes,,,"I've read some such research. Never found any that was valid, though. Do you have one cite that you're especially confident is correct?<p>Bear in mind that ""genetically react differently to some stimuli"" is not the same thing as ""genetically has a gender role"". The study would need to bridge that gap or it can't validly offer any conclusion about gender roles.",1241329376
15,590597,comment,590479.0,590529.0,0,0,iigs,,,"It's nice to see a concrete example of the ""design-by-committee"" that MS is accused of with windows.<p><i>In Windows, the node I was working on was 4 levels removed from the root.</i><p>This is terrifying. It sounds like the Windows development process is about to collapse under its own complexity.",1241329339
16,590596,comment,589360.0,589360.0,0,0,pkulak,,,Seems like you could do this just with some AppleScript. Doesn't OS X support running a script when a file is added to a folder. There's a name for it too...,1241329332
17,590595,comment,590260.0,590260.0,0,0,GeneralMaximus,,,"This strategy is not counterintuitive, as the article says. In fact, I see it as a logical next step. What could possibly be better than having your service work on all conceivable electronic devices in thousands of fun, creative forms?",1241329324
18,590593,comment,590374.0,590571.0,0,0,xenophanes,,,"Do you understand that an anecdote where you interpret a situation (possibly according to some bias or mistake), and a <i>valid</i> data point which can be a counter-example to a universal, are different things?",1241329309
19,590592,comment,590292.0,590334.0,0,0,Sephr,,,"You still have to give Yahoo! complete control with that method. With XHR, Yahoo! has no control over your webpage.",1241329277
20,590591,comment,590107.0,590139.0,0,0,ncarlson,,,"Wow, that sounds horrible.",1241329209
21,590590,comment,590479.0,590479.0,0,0,donniefitz2,,,"I have installed this version of W7 on a few machines and never encountered this message. Not to say it didn't happen, but it seems to be an exception and not the rule.<p>It seems to me that ruling out an OS because of a single, albeit lame, dialog box is serious hyperbole. Windows 7 is a serious advancement for Microsoft by any account.<p>This is a RC and it needs tuning. I'm not sure I know of an OS that ""is the answer"". I'm not looking for an identity in an OS. I'm looking for a useful tool. If you are looking for the answer in a computer operating system, you are going to be seriously disappointed.<p>Get your expectations in order and give it a fair shake.",1241329201
22,590589,comment,590054.0,590547.0,0,0,briansmith,,,"I've never heard anything <i>good</i> about Yahoo's ethics, but I've heard plenty of <i>bad</i> things from the tech press. Wikipedia is a pretty good place to start: <a href=""http://en.wikipedia.org/wiki/Yahoo!#Criticism_and_controversy"" rel=""nofollow"">http://en.wikipedia.org/wiki/Yahoo!#Criticism_and_controvers...</a>. I personally know developers that choose alternatives to Yahoo whenever possible for ethical reasons. I personally know people who refuse to work for Yahoo for ethical reasons. Are there a statistically significant number? I don't know. But, I've never heard anybody claim that Yahoo is on any kind of ethical high ground either.<p>Of course 99.9% of the people at Yahoo! are great people. But, historically, the company's top management has failed ethically in very important cases. And, their official policy (marketing message) on ethics is weak. Google's marketing message on ethics is much stronger.<p>Keep in mind that while I think Google is <i>seen</i> as a more ethical company, I am not saying that one company actually <i>is</i> better than the other. I'm only talking about perception and the marketing messages that each company has put out.",1241329156
23,590588,comment,590460.0,590570.0,0,0,tdavis,,,"I am a huge proponent of writing as little code as possible. To that end, making use of third-party libraries, frameworks, and so on are marks of a great programmer (to me). Even still, a product should speak for itself; it should not have to be justified by the amount of time it took to create it.",1241329138
24,590587,comment,590475.0,590488.0,0,0,jerf,,,"Interesting topic of conversation: Are there any good programmers here who would say that they do <i>not</i> think visually about their programs? If so, how do you think about them? I'm especially interested in the larger-scale; I don't know that I ""visualize"" a single function, but I can't understand the architecture without something like a visualization.<p>I can't answer this question. I'm definitely visual, but I'm intrigued at any alternatives anyone could try to explain.",1241329104
25,590586,comment,590472.0,590472.0,0,0,quellhorst,,,"Hmm, I wonder if hosting ate up most of their money.<p>You guys could always get a slice at linode and save even more.",1241329081
26,590585,comment,590479.0,590580.0,0,0,dandelany,,,"Off the top of my head, automatically setting file-sharing to share your public folder over their AFP protocol, but hiding the ability to share files with Windows computers in an arcane dialog box. To do Windows sharing, you have to click Options under Sharing, <i>and</i> understand that ""SMB sharing"" is actually secret code for Windows sharing.<p>And, even though any old Mac can connect to yours, it's impossible (AFAIK) to enable anonymous sharing over SMB, which causes problems with stuff like XBMC.",1241329002
27,590584,comment,590512.0,590512.0,0,0,falsestprophet,,,"No, because that would break even more laws than social lending did in the first place.<p>These are donations apparently. I don't get it.",1241328979
28,590583,comment,590374.0,590486.0,0,0,jerf,,,"I don't know that I can comment, though probably not for the reason you might think. I'm reasonably comfortable with the idea that current schooling isn't boy-optimal, but I don't think it's girl-optimal, either. I think we need many more studies done on a range of schooling techniques, gathering as much data about the students as possible, and subjecting the whole data set to a principal component analysis.<p>(<a href=""http://en.wikipedia.org/wiki/Principal_component_analysis"" rel=""nofollow"">http://en.wikipedia.org/wiki/Principal_component_analysis</a> , or freely substitute a technique more appropriate to the characteristics of whatever data would emerge, I'm sort of using this term in a generic sense, over Wikipedia's complaints about exactly that. :) )<p>Gender is just one division, but it may not actually be an interesting one. It may very well be that the relevant educational attributes that determine the optimal learning style happen to be highly correlated to gender, but you're still better off just ignoring the gender and going straight to the results of a profiling test. Actually, having typed that, the more I think about it the more likely it seems. But then, who knows; with performing the analysis you can't really know and the results are often quite counterintuitive.<p>This would help everyone, regardless of gender.<p>But alas, education is sacrosanct, set in stone, not to be touched except to do More of the Same, only Harder (TM)...",1241328730
29,590582,comment,590512.0,590512.0,0,0,quellhorst,,,It isn't lending when you are giving the money away.,1241328729
30,590581,comment,589852.0,589981.0,0,0,icey,,,"To me it's a ""serious security vulnerability"" only in the sense that if they were that lackadaisical with their password storage, where else have they made poor decisions with regards to security?<p>I think you'll agree that security is not a single thing you do, but a series of things that makes getting at sensitive data more difficult. To store all passwords as plaintext (including passwords for administrators, I would assume) surely must be considered a serious oversight at the least.<p>I feel as though maybe we're missing some nuance in your position on this.",1241328664
31,590580,comment,590479.0,590502.0,0,0,pkulak,,,"Like what, exactly? I'm not trying to be a dick, I just really can't think of anything. All the stuff my Mac does automatically seems to be standard OS stuff that I really don't need to deal with personally each and every time. Like connecting to a wireless network without giving me a giant, sticky notification that it's done so.",1241328372
32,590579,comment,586782.0,590081.0,0,0,asciilifeform,,,So aesthetics of any kind are foreign to you? Or just in relation to programming? Are you equally eager to sit down on a pile of bricks as on an Aeron?,1241328315
33,590577,story,,,3,0,chaostheory,MN Supreme Court OKs breathalyzer source code requests,http://arstechnica.com/tech-policy/news/2009/05/mn-supreme-court-says-yes-to-intoxilyzer-source-code-requests.ars,,1241328245
34,590576,comment,590475.0,590475.0,0,0,icey,,,"Anecdotal evidence inbound.<p>I know I am a very visual thinker. When given a box of parts I can visualize how they fit together in my head. I can take things apart and put them together different ways without actually touching them.<p>It took me a long time that not everyone thinks that way; and it was the source of a lot of frustration for me that people wouldn't get what I was saying.<p>I don't know if it makes visual thinking a geek gene, but it certainly does help in reasoning about problems. You can treat a lot of software as a set of mechanical problems versus abstract ideas. If you can flip a picture of something around in your head, it makes it easy to see if something will work or not; you know immediately if the parts won't fit.",1241328221
35,590575,comment,590273.0,590273.0,0,0,christofd,,,"Go Waterloo! Go Warriors (<a href=""http://www.athletics.uwaterloo.ca/"" rel=""nofollow"">http://www.athletics.uwaterloo.ca/</a>)!",1241328151
36,590574,comment,587068.0,587068.0,0,0,MaysonL,,,"See: <a href=""http://delong.typepad.com/sdj/2009/05/cato-institute-crashed-burned-and-smoking-watch.html"" rel=""nofollow"">http://delong.typepad.com/sdj/2009/05/cato-institute-crashed...</a>",1241328111
37,590573,comment,589608.0,589733.0,0,0,Shooter,,,"I definitely believe it could be true.  I don't think the music story would be out of character for Einstein.<p>One of my academic advisors was Professor Robert Borkenstein (he invented the breathalyzer, among other things.)  Before he got into academia, he had worked as a police captain and forensics advisor to various organizations, including the International Association of Chiefs of Police.  I was visiting Borkenstein's office once, long after he became a Professor Emeritus, and I commented on some artwork he had on the wall.  I was really just making small-talk out of nervousness, and I hadn't really even looked at the drawings beyond a quick glance.  Borkenstein perked up and asked me to really examine the drawings, and tell him what I thought about them.  They were just sketches and doodles, mostly...nothing elaborate. I was going to just say they were 'nice"" out of courtesy, when I realized a few of them were signed...by Albert Einstein.<p>It turned out that Borkenstein had worked as a guard for Einstein and some of the other scientists involved in the US nuclear efforts when he was younger.  He wasn't supposed to interact with any of them, he was just there to help insure their protection.  One day, Bob was so curious about the mechanics of something they were discussing that he forgot his place and asked a question.  Einstein apparently spent quite a bit of time explaining the confusing concept, and became fond of Bob and his curiosity.  He recognized that Bob had a very inventive mind and apparently wanted to encourage it, so whenever Bob worked a shift, Einstein would chat with him. Einstein had drawn most of the sketches on the wall to explain various concepts, although some of them were just absent-minded sketches.  He let Bob keep them when the protection detail ended.<p>The sketches meant a great deal to Bob, and I think he had kept them somewhere in his office for his entire career.  I also think the sketches (and personal attention from Einstein) helped provide some of the impetus for Bob's inventing career. Unfortunately, I don't recall all of the details Bob gave when telling his story about the Einstein discussions, but I remember that he was very reverential, awed that Einstein had taken the time to discuss important things with a guard.  I think Einstein was genuinely fascinated with how other people view the world...and they say a new perspective is worth XXX IQ points, right?",1241328110
38,590572,comment,590151.0,590151.0,0,0,brfox,,,Just because they wrote a patent application to scan books this way does not mean they actually do it this way.,1241327946
39,590571,comment,590374.0,590546.0,0,0,jerf,,,"I actually cut you some slack and upgraded the point to ""Al<i>most</i> all gender role is social."" To disprove ""All gender role is social"", it technically suffices to show only one example of a gender role that could not possibly be social. I actually cite many (as I consider each child I know a separate data point). It should also be pointed out that it's non-trivial, which is why I shared it in the first place; even very knowledgeable non-parents (such as I was) can be surprised by the reality.<p>I thought I might be overstretching with that bit about not buying into the ""line"", but maybe not. Logic 101, universals can be disproven with a single counterexample. Logic 301 or so, very-nearly-universals can be rendered implausibly unlikely with just a few counterexamples with little regard to distribution. That only works on very-nearly-universals, but it's perfectly sound. (I'm not out to show that gender is 100% biological, only that 100% social is an absurdity.) Anecdotes may not be ""data"", but there are logically-legitimate uses they can be put to.",1241327907
40,590570,comment,590460.0,590480.0,0,0,nostrademons,,,"""Chances are they (a) used something familiar to them and (b) most of the code came from existing libraries, APIs, etc.""<p>That's almost always true, but perhaps that's the lesson right there.  People (other than development snobs) don't care what you used to build it or whether you had prior experience in the field, but they do care that you can get something to them quickly that satisfies their needs.  So maybe the takeaway is a.) learn some useful libraries, and learn them well and b.) use what's familiar to you.",1241327768
41,590569,comment,589346.0,589346.0,0,0,codyrobbins,,,"When Lawrence Summers resigned I was highly disappointed about the entire incident, as it seems no one can question, with good intentions, generally accepted facts about gender equality in the interest of the truth, rather than what might be the socially acceptable answer. I was glad to find an article that posits some alternative hypotheses and simply acknowledges that the answers are not so simple as they might seem, and that discusses the issue from a neutral, non-activist viewpoint. I read Pinker's article in The New Republic, but this one talks about the issue more than about the discussion itself.<p>One thing I kept expecting the talk to mention as I was reading was the importance of outliers. While I agree that comparisons of fundamental ability between the sexes, as opposed to factors such as motivation, is probably flawed, I think it might make the argument more immune to activist criticism to point out that there are always outliers in either group. Just because men may be, on average, more inclined to build large businesses, for example, does not mean that each man is more inclined to build large businesses than every woman — the curves overlap. Of course, the different shape of the distributions are important, as Baumeister pointed out (the male curves tend to be bimodal in certain cases whereas the female ones might be more normal). But there are always outliers, and so there will probably always be certain woman who are better at any given thing than most men; even though there may be more men than woman who are 'really good'. The entire talk discusses generalities and statistical tendencies, I know, but might easily be confused by less sophisticated readers as talking about individuals, which seems to be the common criticism of such talk.",1241327739
42,590568,comment,590479.0,590555.0,0,0,lisper,,,"> So tell me, how do we make Windows 7 better?<p>We?  Do you work for Microsoft?<p>> Do we make decisions for our users and then complaints for not offering options?<p>That depends on what kind of decision is being made.  Whenever you offer a choice it needs to be clear what tradeoff is being made.  Why would anyone not want the recommended option?  A better dialog would read something like this?<p>Do you want Windows to automatically download driver software for your devices?  This works most of the time, but can cause problems with a few less popular devices.<p>__ Yes (recommended)\n__ No, I don't trust you idiots at Microsoft.  I want to manage my drivers manually.<p>Do you want Windows to download realistic icons for your devices?  Realistic icons look better, but use more disk space and RAM, and can have a negative impact on performance.<p>__ Yes, I'm all about the eye candy.\n__ No, I have the need for speed.",1241327666
43,590567,comment,590460.0,590460.0,0,0,nostrademons,,,"You still consult Google and the language reference, but much less frequently.  Generally, if you want to get feature release time down to hours instead of days, you'll need to have the ""core"" of the language in memory.  That usually includes language syntax, string methods, data structures API, whatever basic IO library you're using (files/database/network), and various other simple utilities.  You'll know when you see them, because you see them repeatedly.<p>The other point that I haven't seen brought up here is to have a clear goal in mind.  Know what you're building, because you can't build it otherwise.  Unfortunately, this is often kinda tough if you're developing a new product, because your initial ideas for what makes a good product are almost always wrong, and you tend to discover that as you start implementing.   So I've found it helps to think of your code as temporary: I know what I'm building <i>this iteration</i>, and I'll just go code it up and see how it works, but it's assumed that I'll have to throw it away anyway and build something better next iteration.",1241327628
44,590566,comment,590392.0,590471.0,0,0,quizbiz,,,Note to others: Just up vote if you will attend too.,1241327466
45,590565,comment,590460.0,590560.0,0,0,ojbyrne,,,"My stats prof used to take about ""Type 3 errors."" Type 1 and 2 errors are part of a basic stats course. Type 3 = ""solving the wrong problem.""",1241327438
46,590564,comment,590149.0,590149.0,0,0,mickt,,,"Those zany MIT geeks! :) Sure they have their own website that details all the pranks:<p><a href=""http://hacks.mit.edu/"" rel=""nofollow"">http://hacks.mit.edu/</a><p>I think the cop car, complete with donuts, on the dome is still one of the best:<p><a href=""http://hacks.mit.edu/Hacks/by_year/1994/cp_car/"" rel=""nofollow"">http://hacks.mit.edu/Hacks/by_year/1994/cp_car/</a>",1241327415
47,590563,comment,590292.0,590292.0,0,0,ghempton,,,Does it first convert the page to valid xhtml and then perform the xpath or does it rely on the website to be well-marked?,1241327320
48,590562,comment,590268.0,590268.0,0,0,FraaJad,,,"It's much easier in India too. Basically, if you are a salaried person, You just attach the copy of the taxes that the company has paid on your behalf (after deducting it every month from your salary) with an one-page form and submit it.<p>After coming to US, I was perplexed to see the complexity of the tax filing, which was incongruent to every other system I've encountered. Getting a driving license and a work permit were so much easier in comparison.",1241327275
49,590561,comment,590460.0,590460.0,0,0,patio11,,,"<i>I measure my production time in days, not hours, so any tips on just how to ""code quicker""?</i><p>Code less.<p>That isn't being flippant.  Code you don't write is code you don't have to debug.  It is code you don't have to integrate with your other functions.  It is code you don't have to refactor.  It is code that requires no maintenance.<p>I got the first version of my application up, running, and out the door in 8 days at a ""normal work week"" rate.  I'm not a particularly good programmer, I just cut the feature set for 1.0 to the bone.  Since then it has been three years now of iterations on the existing codebase that typically add a just a few hundred lines at a time.<p>I also rely -- heavily -- on libraries and frameworks that do stuff better than I could, and on Google for code references whenever I'm doing something which is new to me.  (It took me probably 3 years until I could write Swing apps without a browser open.  By that standard you'd think I'd be able to do it for Rails by now... but not quite, unless it is a pretty basic app.)",1241327209
50,590560,comment,590460.0,590523.0,0,0,nostrademons,,,"Something that Google's first employee said recently stuck with me: ""I would say the single most important thing an engineer can do to be effective is to pick the right problem to work on.""  Alas, he had no idea how to do that (or rather, he obviously had a very good idea how to do it, but was unable to put it into words), but the quote resonates a lot with my experience.  I've wasted so much time on projects that in retrospect weren't really all that important - I coded them quickly, and learned quite a bit that came in handy later, but the problems themselves were basically non-problems.",1241327164
51,590559,comment,590268.0,590402.0,0,0,Sidnicious,,,A commercial solution to the IRS's problem? Existing tax preparation software takes past returns into account and just asks the user to enter new information. How would Mint's system be better (aside from having access to your banking history)? The third-party intervention (and profit) doesn't go away.,1241327150
52,590558,comment,590479.0,590555.0,0,0,timtrueman,,,Don't make me think.,1241327088
53,590556,story,,,1,1,abossy,PETA On The Google Goats: Let Them Eat Grass (But They Need Perks),http://www.techcrunch.com/2009/05/01/peta-on-the-google-goats-let-them-eat-grass-but-they-need-perks/,,1241327044
54,590555,comment,590479.0,590479.0,0,0,jneal,,,"So tell me, how do we make Windows 7 better? Do we make decisions for our users and then complaints for not offering options? Where is the medium here, and how is such a thing even remotely close to a reason why Windows 7 is not the answer? You answer this dialog once after you first install, and you never see it again if you use recommended settings. So what's so confusing about that?",1241326905
55,590554,comment,589527.0,589527.0,0,0,8-bit_Blaster,,,"The following five programs are some of my favorite staples to install on a fresh copy of Windows XP:<p>1) Notepad++<p>My favorite free, open source text editor. Gets the job done.<p>2) Mozilla Sunbird<p>Sunbird helps me keep track of what I have to do with calendar and to-do list features. Open source!<p>3) Google Picasa<p>Whether on Linux or Windows, I have yet to find a photo organizer and image manipulator that is as easy-to-use and feature-packed as Picasa.<p>4) 7-Zip<p>When it comes to [un]compression I like this one because it can do 7Z, ZIP, RAR, and GZ. Also open source!<p>5) KeePass<p>Great way of keeping track of hundreds of silly passwords and software serial numbers. Open source!",1241326860
56,590553,comment,590479.0,590479.0,0,0,old-gregg,,,"Nah, it's not just Microsoft, it's the accepted and assumed by default idiotic behavior of windows software. My friends' Logitech mouse driver greets him every morning, it politely asks him if he wishes to ""Download the latest incoming messages from Logitech"", to what he replies ""No, thank you"". Every goddamn morning.",1241326825
