,col0,col1,col2,col3,col4,col5,col6,col7,col8,col9,col10,col11,col12,col13,col14,col15,col16,col17,col18,col19,col20,col21,col22,col23,col24,col25,col26,col27
0,0,Disocactus macdougallii,230899,-92.1416667,16.7416667,,True,0,-1.02,Equisetopsida,Caryophyllales,Cactaceae,1716,Terrestre,1980,,2017-12,http://www.snib.mx/snibgeoportal/Ejemplar.php?id=01f58737684b35cbb489da21d489b77d,01f58737684b35cbb489da21d489b77d,No,,NoDisponible,,,,,,
1,1,Disocactus macdougallii,226543,-92.60555550000001,15.4805555,,False,2,70.09,Equisetopsida,Caryophyllales,Cactaceae,1819,Terrestre,1997,,2017-12,http://www.snib.mx/snibgeoportal/Ejemplar.php?id=1b5323069f64caab6b0618d32192319e,1b5323069f64caab6b0618d32192319e,Si,No,NoDisponible,,Si,,,,
2,3,Disocactus macdougallii,226522,-92.9684166,15.710694400000001,,False,2,63.1,Equisetopsida,Caryophyllales,Cactaceae,1297,Terrestre,2006,,2017-12,http://www.snib.mx/snibgeoportal/Ejemplar.php?id=25bcd99dfb9543fc4756321239a10df2,25bcd99dfb9543fc4756321239a10df2,Si,No,NoDisponible,,Si,,,,
3,4,Disocactus macdougallii,226538,-92.6646944,15.4665277,,False,1,35.94,Equisetopsida,Caryophyllales,Cactaceae,1724,Terrestre,2006,,2017-12,http://www.snib.mx/snibgeoportal/Ejemplar.php?id=484c2a6d7e0596a2a708ae942ecda167,484c2a6d7e0596a2a708ae942ecda167,Si,No,NoDisponible,,Si,,,,
4,5,Disocactus macdougallii,230687,-92.2769722,15.250805499999998,,False,3,79.5,Equisetopsida,Caryophyllales,Cactaceae,2143,Terrestre,2013,,2017-12,http://www.snib.mx/snibgeoportal/Ejemplar.php?id=4c7bd48ccc7fd332dde951b34db7d912,4c7bd48ccc7fd332dde951b34db7d912,Si,No,NoDisponible,,Si,,,,
5,6,Disocactus macdougallii,230873,-92.3647222,16.7230556,,False,1,38.39,Equisetopsida,Caryophyllales,Cactaceae,2082,Terrestre,1997,,2017-12,http://www.snib.mx/snibgeoportal/Ejemplar.php?id=9b22a36dca3286644a0f699d92ea72cc,9b22a36dca3286644a0f699d92ea72cc,Si,Si,NoDisponible,Si,Si,,,,
6,2,Disocactus macdougallii,226541,-92.6805277,15.4841388,,False,2,67.83,Equisetopsida,Caryophyllales,Cactaceae,1880,Terrestre,2006,,2017-12,http://www.snib.mx/snibgeoportal/Ejemplar.php?id=ab60c9e397354bb6b23e557234d86c45,ab60c9e397354bb6b23e557234d86c45,Si,No,NoDisponible,,Si,,,,
