,col0,col1,col2,col3,col4,col5,col6,col7,col8,col9,col10,col11,col12,col13,col14,col15,col16,col17,col18,col19,col20,col21,col22,col23,col24,col25,col26,col27
0,http://opendatacommunities.org/id/district-council/bromsgrove,Bromsgrove District Council,BBLR1,,"Finstall Training Centre, Stoke Road, Bromsgrove",http://www.bromsgrove.gov.uk/media/3409774/BBLR1.pdf,OSGB36,396584,269318,0.48,Owned by a public authority,Yes,Not Permissioned,,,,,12.0,,No,,,,,,,10/10/2016,10/10/2016
1,http://opendatacommunities.org/id/district-council/bromsgrove,Bromsgrove District Council,BBLR10,,"Burcot Grange, Burcot",http://www.bromsgrove.gov.uk/media/3409801/BBLR10.pdf,OSGB36,398727,272059,2.06,Not owned by a public authority,Yes,Permissioned,full planning permission,13/06/2016,https://publicaccess.bromsgroveandredditch.gov.uk/online-applications/applicationDetails.do?activeTab=summary&keyVal=NYBWNHDPJ2U00,,45.0,,No,,,,,,,10/10/2016,10/10/2016
2,http://opendatacommunities.org/id/district-council/bromsgrove,Bromsgrove District Council,BBLR11,,"The Uplands, Burcot",http://www.bromsgrove.gov.uk/media/3409804/BBLR11.pdf,OSGB36,398757,272100,1.93,Not owned by a public authority,Yes,Permissioned,full planning permission,20/06/2017,https://publicaccess.bromsgroveandredditch.gov.uk/online-applications/simpleSearchResults.do?action=firstPage,,64.0,,No,,,,,,,10/10/2017,10/10/2016
3,http://opendatacommunities.org/id/district-council/bromsgrove,Bromsgrove District Council,BBLR12,,"206 Alcester Road, Hollywood",http://www.bromsgrove.gov.uk/media/3409807/BBLR12.pdf,OSGB36,407887,276387,0.25,Not owned by a public authority,Yes,Not Permissioned,,,,,5.0,,No,,,,,,,10/10/2016,10/10/2016
4,http://opendatacommunities.org/id/district-council/bromsgrove,Bromsgrove District Council,BBLR13,,"The Greyhound, 30 Rock Hill, Bromsgrove, B61 7LR ",http://www.bromsgrove.gov.uk/media/3409810/BBLR13.pdf,OSGB36,395144,269751,0.28,Not owned by a public authority,Yes,Not Permissioned,other,,https://publicaccess.bromsgroveandredditch.gov.uk/online-applications/applicationDetails.do?activeTab=summary&keyVal=OURVV5SEKP200,,7.0,,No,,,,,,,10/10/2016,10/10/2016
5,http://opendatacommunities.org/id/district-council/bromsgrove,Bromsgrove District Council,BBLR14,,"50,52 & 54 Rear of Red Lion Street, Alvechurch",http://www.bromsgrove.gov.uk/media/3409813/BBLR14.pdf,OSGB36,402739,272841,0.25,Not owned by a public authority,Yes,,,,,,10.0,,No,,,,,,,10/10/2016,10/10/2016
6,http://opendatacommunities.org/id/district-council/bromsgrove,Bromsgrove District Council,BBLR2,,"All Saints Vicarage, Burcot Lane, Bromsgrove",http://www.bromsgrove.gov.uk/media/3409777/BBLR2.pdf,OSGB36,396699,271508,0.25,Not owned by a public authority,Yes,Not Permissioned,,,,,12.0,,No,,,,,,,10/10/2016,10/10/2016
7,http://opendatacommunities.org/id/district-council/bromsgrove,Bromsgrove District Council,BBLR3,,"18 Burcot Lane, Bromsgrove",http://www.bromsgrove.gov.uk/media/3409780/BBLR3.pdf,OSGB36,396745,271477,0.3,Owned by a public authority,Yes,Not Permissioned,,,,,,,No,,,,,,,10/10/2016,10/10/2016
8,http://opendatacommunities.org/id/district-council/bromsgrove,Bromsgrove District Council,BBLR4,,"The Council House, Burcot Lane, Bromsgrove",http://www.bromsgrove.gov.uk/media/3409783/BBLR4.pdf,OSGB36,398856,271440,1.213,Owned by a public authority,Yes,not permissioned,,,,,51.0,,No,,,,,,,10/10/2016,10/10/2016
9,http://opendatacommunities.org/id/district-council/bromsgrove,Bromsgrove District Council,BBLR5,,"The Birches, New Road, Bromsgrove, B60 2LB",http://www.bromsgrove.gov.uk/media/3409786/BBLR5.pdf,OSGB36,396627,269830,0.32,Owned by a public authority,Yes,Not Permissioned,,,,,10.0,,No,,,,,,,10/10/2016,10/10/2016
10,http://opendatacommunities.org/id/district-council/bromsgrove,Bromsgrove District Council,BBLR6,,"Polymer Latex, Stoke Prior, Bromsgrove",http://www.bromsgrove.gov.uk/media/3409789/BBLR6.pdf,OSGB36,394552,288474,8.5,Not owned by a public authority,Yes,Pending Decision,full planning permission,,https://publicaccess.bromsgroveandredditch.gov.uk/online-applications/applicationDetails.do?activeTab=summary&keyVal=OSMKN6SEJEQ00,,148.0,,No,,,,,,,10/10/2016,10/10/2016
11,http://opendatacommunities.org/id/district-council/bromsgrove,Bromsgrove District Council,BBLR7,,"7&9 Worcester Road, Bromsgrove",http://www.bromsgrove.gov.uk/media/3409792/BBLR7.pdf,OSGB36,389954,279775,0.239,Not owned by a public authority,Yes,Not Permissioned,,,,,50.0,,No,,,,,,,10/10/2016,10/10/2016
12,http://opendatacommunities.org/id/district-council/bromsgrove,Bromsgrove District Council,BBLR8,,"Land off Barnsley Hall Road/Mallow Drive, Bromsgrove",http://www.bromsgrove.gov.uk/media/3409795/BBLR8.pdf,OSGB36,395856,272635,1.0590000000000002,Not owned by a public authority,Yes,Not Permissioned,,,,,,,No,,,,,,,10/10/2016,10/10/2016
13,http://opendatacommunities.org/id/district-council/bromsgrove,Bromsgrove District Council,BBLR9,,"Land Adjacent To 145 , Perryfields Road Bromsgrove ",http://www.bromsgrove.gov.uk/media/3409798/BBLR9.pdf,OSGB36,395111,271919,0.27,Not owned by a public authority,Yes,Permissioned,full planning permission,20/03/2017,https://publicaccess.bromsgroveandredditch.gov.uk/online-applications/applicationDetails.do?activeTab=summary&keyVal=OKSUUZDPI4Q00,,5.0,,No,,,,,,,10/10/2017,10/10/2016
