,col0,col1,col2,col3
0,ODataSamples.Services.Core,Microsoft.Test.OData,Microsoft.OData.Client.ODataResourceWrapper' Microsoft.OData.Client.ODataNestedResourceInfoWrapper' Microsoft.OData.Client.ODataWriterHelper' Microsoft.OData.Client.ODataResourceSetWrapper' Microsoft.Test.OData.Services.ODataWCFService.ODataObjectModelConverter' Microsoft.Test.OData.Services.ODataWCFService.ExpandSelectItemHandler' Microsoft.Test.OData.Services.ODataWCFService.ResponseWriter,
1,ODataSamples.Services.Core,Microsoft.Test.OData.Services.ODataWCFService,Microsoft.Test.OData.Services.ODataWCFService.Handlers.StatusMonitorRequestHandler' Microsoft.Test.OData.Services.ODataWCFService.Handlers.RequestHandler' Microsoft.Test.OData.Services.ODataWCFService.Handlers.DeltaHandler' Microsoft.Test.OData.Services.ODataWCFService.Handlers.MediaStreamHandler' Microsoft.Test.OData.Services.ODataWCFService.Handlers.QueryHandler' Microsoft.Test.OData.Services.ODataWCFService.DataSource.ODataReflectionUpdateProvider' Microsoft.Test.OData.Services.ODataWCFService.Handlers.DeleteHandler' Microsoft.Test.OData.Services.ODataWCFService.Handlers.UpdateHandler' Microsoft.Test.OData.Services.ODataWCFService.Handlers.CreateHandler' Microsoft.Test.OData.Services.ODataWCFService.Handlers.MetadataDocumentHandler' Microsoft.Test.OData.Services.ODataWCFService.Handlers.ErrorHandler' Microsoft.Test.OData.Services.ODataWCFService.Handlers.DeltaLinkHandler' Microsoft.Test.OData.Services.ODataWCFService.Handlers.ServiceDocumentHandler' Microsoft.Test.OData.Services.ODataWCFService.Handlers.RootRequestHandler' Microsoft.Test.OData.Services.ODataWCFService.Handlers.BatchHandler' Microsoft.Test.OData.Services.ODataWCFService.Handlers.OperationHandler' Microsoft.Test.OData.Services.ODataWCFService.DataSource.ODataReflectionStreamProvider' Microsoft.Test.OData.Services.ODataWCFService.DataSource.IODataOperationProvider' Microsoft.Test.OData.Services.ODataWCFService.DataSource.ODataReflectionOperationProvider' Microsoft.Test.OData.Services.ODataWCFService.UriHandlers.QueryTarget' Microsoft.Test.OData.Services.ODataWCFService.DataSource.DataSourceManager,Microsoft.Test.OData.Services.ODataWCFService.Handlers.RequestHandler' Microsoft.Test.OData.Services.ODataWCFService.DataSource.DeletionContext' Microsoft.Test.OData.Services.ODataWCFService.DataSource.DataSourceManager' Microsoft.Test.OData.Services.ODataWCFService.Extensions.ExtensionManager' Microsoft.Test.OData.Services.ODataWCFService.Services.IODataServiceDescriptor' Microsoft.Test.OData.ODataNestedResourceInfoWrapper' Microsoft.Test.OData.ODataResourceWrapper' Microsoft.Test.OData.Services.ODataWCFService.BuiltInFunctionHelper.GeoFunctionHelper' Microsoft.Test.OData.Services.ODataWCFService.BuiltInFunctionHelper.TypeFunctionHelper' Microsoft.Test.OData.Services.ODataWCFService.DataSource.IODataDataSource' Microsoft.Test.OData.ODataItemWrapper' Microsoft.Test.OData.ODataResourceSetWrapper' Microsoft.Test.OData.Services.ODataWCFService.UriHandlers.QueryTarget' Microsoft.Test.OData.ODataWriterHelper' Microsoft.Test.OData.Services.ODataWCFService.Handlers.RootRequestHandler
2,ODataSamples.Services.Core,Microsoft.Test.OData.Services.ODataWCFService.BuiltInFunctionHelper,Microsoft.Test.OData.Services.ODataWCFService.NodeToExpressionTranslator,
3,ODataSamples.Services.Core,Microsoft.Test.OData.Services.ODataWCFService.DataSource,Microsoft.Test.OData.Services.ODataWCFService.ResponseWriter' Microsoft.Test.OData.Services.ODataWCFService.UriHandlers.PathSegmentToResourcePathTranslator' Microsoft.Test.OData.Services.ODataWCFService.DeltaContext' Microsoft.Test.OData.Services.ODataWCFService.ODataService<TDataSource>' Microsoft.Test.OData.Services.ODataWCFService.ODataObjectModelConverter' Microsoft.Test.OData.Services.ODataWCFService.EntityCollection<T>' Microsoft.Test.OData.Services.ODataWCFService.Handlers.MediaStreamHandler' Microsoft.Test.OData.Services.ODataWCFService.Handlers.DeleteHandler' Microsoft.Test.OData.Services.ODataWCFService.Handlers.RootRequestHandler' Microsoft.Test.OData.Services.ODataWCFService.QueryContext' Microsoft.Test.OData.Services.ODataWCFService.Utility' Microsoft.Test.OData.Services.ODataWCFService.PathSegmentToExpressionTranslator' Microsoft.Test.OData.Services.ODataWCFService.Handlers.RequestHandler' Microsoft.Test.OData.Services.ODataWCFService.NodeToExpressionTranslator,Microsoft.Test.OData.Services.ODataWCFService.Utility' Microsoft.Test.OData.Services.ODataWCFService.MediaEntity' Microsoft.Test.OData.Services.ODataWCFService.NonClosingStream' Microsoft.Test.OData.Services.ODataWCFService.QueryContext' Microsoft.Test.OData.Services.ODataWCFService.OpenClrObject' Microsoft.Test.OData.Services.ODataWCFService.EdmClrTypeUtils' Microsoft.Test.OData.Services.ODataWCFService.ODataObjectModelConverter
4,ODataSamples.Services.Core,Microsoft.Test.OData.Services.ODataWCFService.Extensions,Microsoft.Test.OData.Services.ODataWCFService.ODataSessionIdManager' Microsoft.Test.OData.Services.ODataWCFService.EdmClrTypeUtils,
5,ODataSamples.Services.Core,Microsoft.Test.OData.Services.ODataWCFService.Handlers,Microsoft.Test.OData.Services.ODataWCFService.AsyncTask' Microsoft.Test.OData.Services.ODataWCFService.ODataService<TDataSource>,Microsoft.Test.OData.Services.ODataWCFService.HttpMethod' Microsoft.Test.OData.Services.ODataWCFService.ServiceConstants' Microsoft.Test.OData.Services.ODataWCFService.Utility' Microsoft.Test.OData.Services.ODataWCFService.EdmClrTypeUtils' Microsoft.Test.OData.Services.ODataWCFService.ODataServiceException' Microsoft.Test.OData.Services.ODataWCFService.QueryContext' Microsoft.Test.OData.Services.ODataWCFService.ResponseWriter' Microsoft.Test.OData.Services.ODataWCFService.HttpHeaders' Microsoft.Test.OData.Services.ODataWCFService.DataSource.DeletionContext' Microsoft.Test.OData.Services.ODataWCFService.ClrObject' Microsoft.Test.OData.Services.ODataWCFService.DeltaContext' Microsoft.Test.OData.Services.ODataWCFService.DeltaSnapshot' Microsoft.Test.OData.Services.ODataWCFService.DeltaSnapshotEntry' Microsoft.Test.OData.Services.ODataWCFService.ExpandSelectItemHandler' Microsoft.Test.OData.Services.ODataWCFService.ODataObjectModelConverter' Microsoft.Test.OData.Services.ODataWCFService.AsyncTask' Microsoft.Test.OData.Services.ODataWCFService.ODataRequestMessage' Microsoft.Test.OData.Services.ODataWCFService.ODataResponseMessage' Microsoft.Test.OData.Services.ODataWCFService.PreferenceContext' Microsoft.Test.OData.Services.ODataWCFService.StreamPipe' Microsoft.Test.OData.Services.ODataWCFService.DataSource.IODataDataSource' Microsoft.Test.OData.Services.ODataWCFService.HttpHeaderValues
6,ODataSamples.Services.Core,Microsoft.OData.Core.Evaluation,,
7,ODataSamples.Services.Core,Microsoft.Test.OData.Services.ODataWCFService.Services,Microsoft.Test.OData.Services.ODataWCFService.ODataSessionIdManager' Microsoft.Test.OData.Services.ODataWCFService.EdmClrTypeUtils,
8,ODataSamples.Services.Core,Microsoft.Test.OData.Services.ODataWCFService.UriHandlers,Microsoft.Test.OData.Services.ODataWCFService.PathSegmentToExpressionTranslator' Microsoft.Test.OData.Services.ODataWCFService.QueryContext,Microsoft.Test.OData.Services.ODataWCFService.DataSource.DataSourceManager' Microsoft.Test.OData.Services.ODataWCFService.Utility
9,ODataSamples.Services.Core,Microsoft.Test.OData.Services.ODataWCFService.Vocabularies,,
