,col0,col1,col2,col3,col4,col5,col6,col7,col8,col9,col10,col11,col12,col13,col14,col15,col16,col17,col18,col19
0,e73a74ac-8fd1-11eb-924d-9cd76263cbd0,genus,Neostrearia,,,L.S.Sm.,Q2884481,1958,,Proc. Roy. Soc. Queensland 69: 46. 1958.,,,,,,19607-1,wfo-4000025854,7329043,,
1,3792f33a-8fcc-11eb-924d-9cd76263cbd0,species,fleckeri,Neostrearia,,L.S.Sm.,Q2884481,1958,,Proc. Roy. Soc. Queensland 69: 46 1958,,,,,,430737-1,wfo-0000379467,3702502,,
2,0177949e-8fcd-11eb-924d-9cd76263cbd0,species,eucrosioides,Neostricklandia,,(Baker) Rauschert,"Q730330,Q3326939",1982,,Taxon 31: 555 1982,,Q28955334,,f6ebedd6-8fcc-11eb-924d-9cd76263cbd0,,910974-1,wfo-0000701830,5326980,,
3,bb17d20c-8fd1-11eb-924d-9cd76263cbd0,species,integrifolia,Neostyphonia,,(Nutt.) Shafer,"Q728337,Q615605",1908,,N. Amer. Trees 612 1908,,,,,,169104-2,wfo-0001244978,3660601,,
4,bb17f7be-8fd1-11eb-924d-9cd76263cbd0,species,ovata,Neostyphonia,,(S.Watson) Abrams,"Q960820,Q2698829",1910,,Bull. New York Bot. Gard. 6(21): 403 1910,,,,,,169105-2,wfo-0001244979,3660582,,
