,col0,col1,col2
0,DocType: Address Template,"<h4>Default Template</h4>
<p>Uses <a href=""http://jinja.pocoo.org/docs/templates/"">Jinja Templating</a> and all the fields of Address (including Custom Fields if any) will be available</p>
<pre><code>{{ address_line1 }}&lt;br&gt;
{% if address_line2 %}{{ address_line2 }}&lt;br&gt;{% endif -%}
{{ city }}&lt;br&gt;
{% if state %}{{ state }}&lt;br&gt;{% endif -%}
{% if pincode %} PIN:  {{ pincode }}&lt;br&gt;{% endif -%}
{{ country }}&lt;br&gt;
{% if phone %}Phone: {{ phone }}&lt;br&gt;{% endif -%}
{% if fax %}Fax: {{ fax }}&lt;br&gt;{% endif -%}
{% if email_id %}Email: {{ email_id }}&lt;br&gt;{% endif -%}
</code></pre>","<h4> Por defecto la plantilla <!-- h4--> 
 <p> <a href=""http://jinja.pocoo.org/docs/templates/""> Jinja Templating </a> y todos los campos de la Dirección ( incluyendo campos personalizados en su caso) estará disponible <!-- p--> 
 </p><pre> <code> {{address_line1}} &amp; lt; br &amp; gt; 
 {% if address_line2%} {{address_line2}} &amp; lt; br &amp; gt; { endif% -%} 
 {{ciudad}} &amp; lt; br &amp; gt; 
 {% if%} Estado {{Estado}} &amp; lt; br &amp; gt; {% endif -%} {% if 
 código PIN%} PIN: {{código PIN}} &amp; lt; br &amp; gt; {% endif -%} 
 {{país}} &amp; lt; br &amp; gt; 
 {% if teléfono%} Teléfono: {{teléfono}} &amp; lt; br &amp; gt; { % endif -%} 
 {% if fax%} Fax: {{fax}} &amp; lt; br &amp; gt; {% endif -%} 
 {% if email_ID%} Email: {{email_ID}} &amp; lt; br &amp; gt ; {% endif -%} 
 <!-- code--> <!-- pre--></code></pre></h4>"
1,apps/frappe/frappe/email/receive.py +196,Can not find UIDVALIDITY in imap status response,No se puede encontrar UIDVALIDITY en la respuesta de estado IMAP
2,apps/frappe/frappe/public/js/frappe/form/footer/timeline.js +573,changed values for {0},Valores modificados para {0}
3,DocType: Activity Log,Link DocType,Enlace DocType
4,apps/frappe/frappe/desk/doctype/kanban_board/kanban_board.py +24,Column Name cannot be empty,El Nombre de la Columna no puede estar vacía
5,,Feedback Ratings,Ratings de Feedback
6,apps/frappe/frappe/email/queue.py +259,Cannot send this email. You have crossed the sending limit of {0} emails for this month.,No se puede enviar este correo electrónico. Usted ha cruzado el límite de envío de {0} mensajes de correo electrónico para este mes.
7,apps/frappe/frappe/model/db_query.py +616,Cannot use sub-query in order by,No se puede utilizar una sub-consulta en order by
8,apps/frappe/frappe/custom/doctype/customize_form/customize_form.js +229,Permissions can be managed via Setup &gt; Role Permissions Manager,Los permisos se pueden gestionar a través de Configuración &gt; Administrador de permisos
9,DocType: LDAP Settings,LDAP First Name Field,Campo de Primer Nombre LDAP
10,DocType: Feedback Request,Feedback Rating,Rating de Feedback
11,DocType: Dynamic Link,Link Title,Título del Enlace
12,DocType: Workflow State,facetime-video,Vídeo FaceTime
13,DocType: Payment Gateway,Gateway,Puerta de Entrada
