,col0,col1,col2,col3,col4,col5,col6,col7,col8,col9,col10,col11,col12,col13,col14,col15,col16
0,1,Intracameral cefuroxime 1mg,1,2013-10-09 09:48:21,1,1900-01-01 00:00:00,1,1,,,1,1,1,0,,0,Intracameral Cefuroxime 1mg
1,2,S/c cefuroxime,1,2013-10-09 09:48:21,1,1900-01-01 00:00:00,1,1,,,1,1,1,0,,0,S/C Cefuroxime
2,3,S/c gentamicin 10/20mg,1,2013-10-09 09:48:21,1,1900-01-01 00:00:00,1,1,,,1,1,1,0,,0,S/C Gentamicin 10/20mg
3,4,S/c dexamethasone,1,2013-10-09 09:48:21,1,1900-01-01 00:00:00,1,1,,,1,1,1,0,,0,S/C Dexamethasone
4,5,S/c betnosol,1,2013-10-09 09:48:21,1,1900-01-01 00:00:00,1,1,,,1,1,1,0,,0,S/C Betnosol
