,col0,col1,col2,col3,col4,col5,col6,col7,col8,col9,col10,col11
0,ObjectId(5c1452701e67d78e276ee126),"[""Jon Woodward""]",[],"[""Jon Woodward""]",[],"[""Doug McCallum"",""Bruce Hayne"",""Cindy Dalglish"",""Hamish Telford"",""John Horgan"",""Kevin Desmond"",""Marty Jones"",""Cindy Secord""]","[""Cindy Dalglish"",""Cindy Secord""]","[""Bruce Hayne"",""Doug McCallum"",""Hamish Telford"",""John Horgan"",""Kevin Desmond"",""Marty Jones""]",[],"[""Cindy Dalglish"",""Cindy Secord""]","[""Doug McCallum"",""Hamish Telford"",""Marty Jones"",""John Horgan""]",[]
1,ObjectId(5c146e42795bd2fcce2ea8e5),"[""Follow Simon Houpt On Twitter"",""Simon Houpt""]",[],"[""Simon Houpt""]",[],"[""Sean Dunphy"",""Brian Hemming"",""Reagan Ruslim"",""Ross Porter"",""Joseph Manzoli""]",[],"[""Brian Hemming"",""Joseph Manzoli"",""Reagan Ruslim"",""Ross Porter"",""Sean Dunphy""]",[],[],"[""Brian Hemming"",""Sean Dunphy"",""Reagan Ruslim"",""Joseph Manzoli""]",[]
2,ObjectId(5c149ffc1e67d78e276fbd44),"[""Jessica Vomiero"",""National Online Journalist""]","[""Jessica Vomiero""]",[],[],"[""Cisco Talos"",""Jason Schultz"",""Kevin Haley""]",[],"[""Cisco Talos"",""Jason Schultz"",""Kevin Haley""]",[],[],"[""Cisco Talos"",""Kevin Haley""]",[]
3,ObjectId(5c1548a31e67d78e2771624f),"[""Https"",""Www.Facebook.Com Pages Josh-Rubin"",""Josh Rubin"",""Business Reporter""]",[],"[""Josh Rubin""]",[],"[""Andrew Francis Wallace"",""Sevaun Palvetzian""]",[],"[""Andrew Francis Wallace"",""Sevaun Palvetzian""]",[],[],"[""Sevaun Palvetzian""]",[]
4,ObjectId(5c158f201e67d78e27721ffd),"[""The Forecaddie""]",[],[],[],"[""Damon Green"",""Zach Johnson"",""Mike Furyk"",""Ollie Schniederjans"",""Lance Bailey"",""Scott Hoch""]",[],"[""Damon Green"",""Lance Bailey"",""Mike Furyk"",""Ollie Schniederjans"",""Scott Hoch"",""Zach Johnson""]",[],[],"[""Ollie Schniederjans""]",[]
5,ObjectId(5c159cb81e67d78e277241fd),"[""Canadian Press""]",[],[],[],"[""Murray Sinclair"",""Linda Lamoureux"",""Thomas Lockwood"",""Celina Reitberger"",""Alvin Fiddler"",""Gerry McNeilly"",""Braiden Jacob""]","[""Celina Reitberger"",""Linda Lamoureux""]","[""Alvin Fiddler"",""Braiden Jacob"",""Gerry McNeilly"",""Murray Sinclair"",""Thomas Lockwood""]",[],"[""Linda Lamoureux""]","[""Murray Sinclair"",""Alvin Fiddler""]",[]
6,ObjectId(5c182ac21e67d78e277944ad),"[""Emily Pasiuk"",""Emily Pasiuk Is A Reporter"",""Web Writer For Cbc Saskatchewan"",""An Associate Producer For The Morning Edition. She Has Also Reported At Ctv Saskatoon"",""Written For Global Regina. Reach Her At Emily.Pasiuk Cbc.Ca."",""Find Her On Twitter""]","[""Emily Pasiuk""]",[],[],"[""Darian Lonechild"",""Carolyn Bennett"",""Jordan Lafond""]","[""Carolyn Bennett""]","[""Darian Lonechild"",""Jordan Lafond""]",[],[],"[""Darian Lonechild""]",[]
7,ObjectId(5c1dbe1d1e67d78e2797d611),[],[],[],[],"[""Clark Moran"",""Ben Miljure""]",[],"[""Ben Miljure"",""Clark Moran""]",[],[],"[""Clark Moran""]",[]
8,ObjectId(5c1dccbf1e67d78e279807d8),"[""Joel Rubinoff"",""Waterloo Region Record""]",[],"[""Joel Rubinoff""]",[],"[""Ricardo Montalban"",""Alfonso Espinos"",""Andre Campbell"",""Alexander Wise"",""Peter Lee"",""Stan Lee"",""Mitch Markowitz"",""Joey Jeremiah"",""Jimmy Kimmel"",""Jason Louth"",""Xander Wise""]",[],"[""Alexander Wise"",""Alfonso Espinos"",""Andre Campbell"",""Jason Louth"",""Jimmy Kimmel"",""Joey Jeremiah"",""Mitch Markowitz"",""Peter Lee"",""Ricardo Montalban"",""Stan Lee"",""Xander Wise""]",[],[],"[""Stan Lee"",""Andre Campbell"",""Xander Wise"",""Alfonso Espinos""]",[]
9,ObjectId(5c1de1661e67d78e27984d34),"[""Mia Rabson""]","[""Mia Rabson""]",[],[],"[""Andrew Scheer"",""Justin Trudeau"",""Michelle Rempel"",""Ahmed Hussen"",""Stephen Harper"",""Eleanore Catenaro""]","[""Eleanore Catenaro"",""Michelle Rempel""]","[""Ahmed Hussen"",""Andrew Scheer"",""Justin Trudeau"",""Stephen Harper""]",[],"[""Eleanore Catenaro""]","[""Andrew Scheer"",""Justin Trudeau""]",[]
10,ObjectId(5c1df61f1e67d78e2798f3fe),[],[],[],[],"[""Jennifer Ditchburn""]","[""Jennifer Ditchburn""]",[],[],[],[],[]
11,ObjectId(5c1e0b68795bd2a5d03a49a9),"[""Follow Us On Twitter"",""Adrienne Tanner""]","[""Adrienne Tanner""]",[],[],"[""Ben Nelms"",""David Eby"",""Mayor Kennedy Stewart"",""Christine Boyle"",""Jean Swanson"",""Adriane Carr"",""Pete Fry"",""Michael Wiebe"",""Adrienne Tanner""]","[""Adriane Carr"",""Adrienne Tanner"",""Christine Boyle"",""Jean Swanson""]","[""Ben Nelms"",""David Eby"",""Mayor Kennedy Stewart"",""Michael Wiebe"",""Pete Fry""]",[],[],[],[]
12,ObjectId(5c1efb3d1e67d78e279bd39a),"[""Cbc News""]",[],[],[],"[""Jeff Traeger"",""Lehla Abreder""]","[""Lehla Abreder""]","[""Jeff Traeger""]",[],"[""Lehla Abreder""]","[""Jeff Traeger""]",[]
13,ObjectId(5c1f08711e67d78e279bf66d),"[""Amy Smart"",""Canadian Press""]","[""Amy Smart""]",[],[],"[""Rod Peters"",""Bill Sims"",""Karen Lindsay""]","[""Karen Lindsay""]","[""Bill Sims"",""Rod Peters""]",[],"[""Karen Lindsay""]","[""Rod Peters"",""Bill Sims""]",[]
14,ObjectId(5c1f1d831e67d78e279c35b4),"[""Https"",""Www.Facebook.Com Pages Laurie-Monsebraaten"",""Laurie Monsebraaten"",""Social Justice Reporter""]","[""Laurie Monsebraaten""]",[],[],"[""Doug Purdy"",""Richard Lautens"",""Babatunji Farinloye"",""Erin Kim"",""Teresa Galati"",""Adam Jagelewski"",""Laurie Monsebraaten""]","[""Erin Kim"",""Laurie Monsebraaten"",""Teresa Galati""]","[""Adam Jagelewski"",""Babatunji Farinloye"",""Doug Purdy"",""Richard Lautens""]",[],"[""Erin Kim"",""Teresa Galati""]","[""Doug Purdy"",""Babatunji Farinloye"",""Adam Jagelewski""]",[]
15,ObjectId(5c1f328f1e67d78e279c7d31),"[""Kaylen Small"",""Online Journalist""]","[""Kaylen Small""]",[],[],"[""Derek Horneland"",""Mike Wipf"",""Winston Churchill"",""Vern Sparkes"",""Dwayne Croteau"",""John Goodwin"",""Jim Eglinski"",""Yellowhead MP"",""Albert Delitala"",""Justin Trudeau"",""Roy Graf"",""Jerry Sabine"",""Kyle Benning"",""Michael King"",""Slav Kornik""]",[],"[""Albert Delitala"",""Derek Horneland"",""Dwayne Croteau"",""Jerry Sabine"",""Jim Eglinski"",""John Goodwin"",""Justin Trudeau"",""Kyle Benning"",""Michael King"",""Mike Wipf"",""Roy Graf"",""Slav Kornik"",""Vern Sparkes"",""Winston Churchill"",""Yellowhead MP""]",[],[],"[""Derek Horneland"",""Mike Wipf"",""Dwayne Croteau"",""John Goodwin"",""Jim Eglinski"",""Roy Graf"",""Vern Sparkes""]",[]
16,ObjectId(5c201b371e67d78e279e248a),"[""Hours Ago"",""December""]",[],[],[],"[""Guenther Schuh"",""Robert Bosch GmbH""]",[],"[""Guenther Schuh"",""Robert Bosch GmbH""]",[],[],[],[]
17,ObjectId(5c2059ec1e67d78e279ea86c),"[""Canadian Press""]",[],[],[],"[""Fouzia Al Hashish"",""Mohammad Al Mnajer"",""Justin Trudeau"",""Ronalee Carey"",""Lina Arafeh"",""Abir Al Basha"",""Al Turkmani"",""Tareq Hadad""]","[""Abir Al Basha"",""Fouzia Al Hashish"",""Lina Arafeh"",""Ronalee Carey""]","[""Al Turkmani"",""Justin Trudeau"",""Mohammad Al Mnajer"",""Tareq Hadad""]",[],"[""Fouzia Al Hashish"",""Ronalee Carey"",""Lina Arafeh"",""Abir Al Basha""]","[""Mohammad Al Mnajer"",""Al Turkmani"",""Tareq Hadad""]",[]
18,ObjectId(5c2060d31e67d78e279eb852),"[""Rachel Gilmore""]","[""Rachel Gilmore""]",[],[],"[""Rachel Gilmore"",""Andrew Scheer"",""Meng Wanzhou"",""Donald Trump"",""Evan Solomon"",""Richard Fadden""]","[""Meng Wanzhou"",""Rachel Gilmore""]","[""Andrew Scheer"",""Donald Trump"",""Evan Solomon"",""Richard Fadden""]",[],[],"[""Andrew Scheer"",""Richard Fadden""]",[]
19,ObjectId(5c20ae45795bd2d89328853e),"[""Fergus Jensen""]",[],"[""Fergus Jensen""]",[],"[""Antara Foto"",""Anak Krakatau"",""Dudi Dwiriadi"",""Joko Widodo"",""Sutopo Purwo Nugroho"",""Basuki Hadimuljono"",""Ben van der Pluijm""]","[""Antara Foto""]","[""Anak Krakatau"",""Basuki Hadimuljono"",""Ben van der Pluijm"",""Dudi Dwiriadi"",""Joko Widodo"",""Sutopo Purwo Nugroho""]",[],[],"[""Dudi Dwiriadi"",""Anak Krakatau"",""Sutopo Purwo Nugroho"",""Basuki Hadimuljono"",""Ben van der Pluijm""]",[]
20,ObjectId(5c25054e1e67d78e27aac4ef),[],[],[],[],"[""Dennis Brooks"",""Dixon Hall"",""Nadia Jamil"",""Lauren Pelley"",""Chetham Lakshman"",""John Tory"",""Muriel Draaisma""]","[""Lauren Pelley"",""Muriel Draaisma"",""Nadia Jamil""]","[""Chetham Lakshman"",""Dennis Brooks"",""Dixon Hall"",""John Tory""]",[],[],"[""Dennis Brooks"",""Dixon Hall"",""Chetham Lakshman""]",[]
21,ObjectId(5c2849d21e67d78e27b38ce9),"[""Amy Smart""]","[""Amy Smart""]",[],[],"[""Amy Smart"",""Jagmeet Singh"",""Karen Wang"",""Cyrus Eduljee"",""Justin Trudeau"",""Kennedy Stewart"",""Jay Shin"",""Elizabeth May"",""Maxime Bernier"",""Martin Masse""]","[""Amy Smart"",""Elizabeth May"",""Karen Wang""]","[""Cyrus Eduljee"",""Jagmeet Singh"",""Jay Shin"",""Justin Trudeau"",""Kennedy Stewart"",""Martin Masse"",""Maxime Bernier""]",[],"[""Elizabeth May""]","[""Jagmeet Singh"",""Martin Masse""]",[]
22,ObjectId(5c2858471e67d78e27b3b633),"[""Https"",""Www.Facebook.Com"",""Jennifer Wells"",""Business Columnist""]","[""Jennifer Wells""]",[],[],"[""Larry Ellison"",""Elon Musk"",""Robyn Beck"",""Kathleen Wilson Thompson"",""Robyn Denholm""]","[""Kathleen Wilson Thompson"",""Robyn Beck"",""Robyn Denholm""]","[""Elon Musk"",""Larry Ellison""]",[],[],"[""Elon Musk"",""Larry Ellison""]",[]
23,ObjectId(5c286d031e67d78e27b3f17b),[],[],[],[],"[""Richard Darren Emery"",""Tim Lohmar"",""Zoe Kasten"",""Jonathan Kasten"",""Jane Moeckel"",""Taliyah Marsman"",""Tom Wilkison""]","[""Jane Moeckel"",""Taliyah Marsman"",""Zoe Kasten""]","[""Jonathan Kasten"",""Richard Darren Emery"",""Tim Lohmar"",""Tom Wilkison""]",[],[],"[""Tim Lohmar""]",[]
24,ObjectId(5c287b841e67d78e27b4163e),"[""The Canadian Press""]",[],[],[],"[""Erik Karlsson"",""Austin Wagner"",""Melker Karlsson"",""Joonas Donskoi"",""Tomas Hertl"",""Peter DeBoer"",""Connor McDavid"",""Caleb Jones"",""Leon Draisaitl"",""Ken Hitchcock"",""Ty Rattie"",""Martin Jones"",""Cam Talbot"",""Brent Burns"",""Seth Jones""]",[],"[""Austin Wagner"",""Brent Burns"",""Caleb Jones"",""Cam Talbot"",""Connor McDavid"",""Erik Karlsson"",""Joonas Donskoi"",""Ken Hitchcock"",""Leon Draisaitl"",""Martin Jones"",""Melker Karlsson"",""Peter DeBoer"",""Seth Jones"",""Tomas Hertl"",""Ty Rattie""]",[],[],"[""Austin Wagner"",""Peter DeBoer"",""Seth Jones"",""Ken Hitchcock""]",[]
25,ObjectId(5c28eba91e67d78e27b54bca),"[""Greg Beacham""]",[],"[""Greg Beacham""]",[],"[""Greg Beacham"",""Amanda Nunes"",""Jon Jones"",""Cris Cyborg"",""Alexander Gustafsson"",""Conor McGregor"",""Daniel Cormier"",""Miesha Tate"",""Valentina Shevchenko"",""Alexander Volkanovski"",""Chad Mendes"",""Michael Chiesa"",""Carlos Condit"",""BJ Penn"",""Ryan Hall"",""Halle Berry"",""Dolph Lundgren"",""David Spade"",""Christian Yelich"",""Travis Barker"",""Mick Foley"",""Amber Valletta""]","[""Amanda Nunes"",""Amber Valletta"",""Cris Cyborg"",""Halle Berry"",""Miesha Tate"",""Valentina Shevchenko""]","[""Alexander Gustafsson"",""Alexander Volkanovski"",""BJ Penn"",""Carlos Condit"",""Chad Mendes"",""Christian Yelich"",""Conor McGregor"",""Daniel Cormier"",""David Spade"",""Dolph Lundgren"",""Greg Beacham"",""Jon Jones"",""Michael Chiesa"",""Mick Foley"",""Ryan Hall"",""Travis Barker""]",[],"[""Amanda Nunes""]","[""Jon Jones""]",[]
26,ObjectId(5c2955161e67d78e27b64992),"[""Vladimir Isachenkov"",""The Associated Press""]",[],"[""Vladimir Isachenkov""]",[],"[""Vladimir Putin"",""Bashar Assad"",""Donald Trump"",""Alexei Malashenko"",""Tatiana Stanovaya"",""Vladimir Frolov""]","[""Tatiana Stanovaya""]","[""Alexei Malashenko"",""Bashar Assad"",""Donald Trump"",""Vladimir Frolov"",""Vladimir Putin""]",[],"[""Tatiana Stanovaya""]","[""Alexei Malashenko"",""Vladimir Frolov"",""Vladimir Putin""]",[]
27,ObjectId(5c29947f1e67d78e27b6d330),"[""Adina Bresge"",""Canadian Press""]","[""Adina Bresge""]",[],[],"[""Patrick Bardos"",""Anne Marie Cerato"",""Tijana Martin"",""Robert Rutledge"",""Morgan McNeely"",""Julie Easley""]","[""Anne Marie Cerato"",""Julie Easley"",""Morgan McNeely"",""Tijana Martin""]","[""Patrick Bardos"",""Robert Rutledge""]",[],"[""Anne Marie Cerato"",""Julie Easley""]","[""Patrick Bardos"",""Robert Rutledge""]",[]
28,ObjectId(5c29beda1e67d78e27b74939),"[""Kerri Breen"",""Digital Content Coordinator""]","[""Kerri Breen""]",[],[],"[""Marise Payne"",""Michael Spavor"",""Michael Kovrig"",""Meng Wanzhou"",""Justin Trudeau""]","[""Marise Payne"",""Meng Wanzhou""]","[""Justin Trudeau"",""Michael Kovrig"",""Michael Spavor""]",[],"[""Marise Payne""]",[],[]
29,ObjectId(5c29ccfc1e67d78e27b76bfb),"[""The Canadian Press""]",[],[],[],"[""Christopher Garnier"",""Catherine Campbell"",""Trevor Nicholson"",""Sandra Williamson"",""Mary Nicholson"",""Walt Natynczyk"",""Lisa Campbell"",""Steven Harris"",""Martin Magnan"",""Seamus O Regan"",""Anick Bedard"",""Sean Fraser""]","[""Anick Bedard"",""Catherine Campbell"",""Lisa Campbell"",""Mary Nicholson"",""Sandra Williamson""]","[""Christopher Garnier"",""Martin Magnan"",""Seamus O Regan"",""Sean Fraser"",""Steven Harris"",""Trevor Nicholson"",""Walt Natynczyk""]",[],"[""Sandra Williamson"",""Anick Bedard""]","[""Martin Magnan"",""Seamus O Regan"",""Sean Fraser"",""Christopher Garnier"",""Steven Harris""]",[]
30,ObjectId(5c29e8a8795bd2ac48ec6e58),"[""Follow Susan Krashinsky Robertson On Twitter"",""Susan Krashinsky Robertson""]","[""Susan Krashinsky Robertson""]",[],[],"[""Alison Uncles"",""Scott Gilmore"",""Andrea Goldstein""]","[""Alison Uncles"",""Andrea Goldstein""]","[""Scott Gilmore""]",[],"[""Andrea Goldstein""]",[],[]
31,ObjectId(5c2a3d191e67d78e27b8ac72),"[""Jeff Karoub""]",[],"[""Jeff Karoub""]",[],"[""Jeff Karoub"",""Robert Mueller"",""Donald Trump"",""John Shibley""]",[],"[""Donald Trump"",""Jeff Karoub"",""John Shibley"",""Robert Mueller""]",[],[],"[""John Shibley"",""Donald Trump""]",[]
32,ObjectId(5c2a60611e67d78e27b8feef),"[""Lisa Mascaro"",""The Associated Press""]","[""Lisa Mascaro""]",[],[],"[""Nancy Pelosi"",""Abraham Lincoln"",""Donald Trump"",""J Scott Applewhite"",""Jim McGovern"",""Paul Ryan"",""Richard Shelby"",""Chuck Schumer"",""Jon Tester"",""Mitch McConnell"",""Lucille Roybal Allard""]","[""Lucille Roybal Allard"",""Nancy Pelosi""]","[""Abraham Lincoln"",""Chuck Schumer"",""Donald Trump"",""J Scott Applewhite"",""Jim McGovern"",""Jon Tester"",""Mitch McConnell"",""Paul Ryan"",""Richard Shelby""]",[],"[""Nancy Pelosi"",""Lucille Roybal Allard""]","[""Abraham Lincoln"",""Jim McGovern"",""Richard Shelby"",""Jon Tester""]",[]
33,ObjectId(5c2aa6971e67d78e27b9ab24),[],[],[],[],"[""Justin Trudeau"",""Kevin Page"",""Azfar Ali Khan"",""Michael Chong"",""David Rosenberg"",""Franklin D Roosevelt"",""Stephen Harper"",""David Dodge"",""Pat Vanini""]","[""Pat Vanini""]","[""Azfar Ali Khan"",""David Dodge"",""David Rosenberg"",""Franklin D Roosevelt"",""Justin Trudeau"",""Kevin Page"",""Michael Chong"",""Stephen Harper""]",[],[],"[""Azfar Ali Khan"",""Michael Chong"",""David Rosenberg"",""David Dodge""]",[]
34,ObjectId(5c2ae5f11e67d78e27ba36d7),"[""Alex Cooke"",""Canadian Press""]",[],"[""Alex Cooke""]",[],"[""Kevin Vickers"",""Lisa Harris"",""Michael Zihaf Bibeau"",""Brian Gallant"",""Hadrien Trudeau"",""Justin Trudeau"",""Sophie Gregoire Trudeau"",""Martin Legere"",""Blaine Higgs"",""Adrian Wyld"",""Andrew Scheer"",""Zehaf Bibeau"",""Stephen Harper"",""Brian Murphy"",""Andrew Vickers""]","[""Lisa Harris"",""Sophie Gregoire Trudeau""]","[""Adrian Wyld"",""Andrew Scheer"",""Andrew Vickers"",""Blaine Higgs"",""Brian Gallant"",""Brian Murphy"",""Hadrien Trudeau"",""Justin Trudeau"",""Kevin Vickers"",""Martin Legere"",""Michael Zihaf Bibeau"",""Stephen Harper"",""Zehaf Bibeau""]",[],[],"[""Kevin Vickers"",""Brian Gallant""]",[]
35,ObjectId(5c32f9841e67d78e27cfa4eb),"[""Chris Jancelewicz"",""National Online Supervising Editor"",""Entertainment"",""Smart Living""]",[],"[""Chris Jancelewicz""]",[],"[""Andy Samberg"",""Michael Douglas"",""Richard Madden"",""Lady Gaga s Shallow"",""Carol Burnett"",""Carol Burnett Award"",""Jeff Bridges"",""Cecil B DeMille"",""Regina King"",""Rami Malek"",""Christian Bale"",""Dick Cheney"",""Olivia Colman"",""Queen Anne"",""Gianni Versace"",""Black Panther"",""Bohemian Rhapsody"",""Mary Poppins"",""Ellen DeGeneres"",""Kevin Hart"",""Emily Blunt"",""Elsie Fisher"",""Charlize Theron"",""Constance Wu"",""Best Actor"",""Lin Manuel Miranda"",""Viggo Mortensen"",""Green Book"",""Robert Redford"",""John C Reilly"",""Glenn Close"",""Lady Gaga"",""Nicole Kidman"",""Melissa McCarthy"",""Rosamund Pike"",""Bradley Cooper"",""Willem Dafoe"",""Lucas Hedges"",""Boy Erased"",""John David"",""Mahershala Ali"",""Timothee Chalamet"",""Adam Driver"",""Richard E Grant"",""Sam Rockwell"",""Amy Adams"",""Claire Foy"",""Emma Stone"",""Rachel Weisz"",""Alfonso Cuaron"",""Peter Farrelly"",""Spike Lee"",""Adam McKay"",""Deborah Davis"",""Tony McNamara"",""Barry Jenkins"",""Nick Vallelonga"",""Brian Currie"",""Marco Beltrami"",""Alexandre Desplat"",""Ludwig Goransson"",""Justin Hurwitz"",""Marc Shaiman"",""Ed Sheeran"",""Marvin Gaye"",""Ralph Breaks"",""Spider Man"",""Caitriona Balfe"",""Elisabeth Moss"",""Julia Roberts"",""Keri Russell"",""Jason Bateman"",""Stephan James"",""Billy Porter"",""Matthew Rhys"",""Kristen Bell"",""Candice Bergen"",""Murphy Brown"",""Alison Brie"",""Rachel Brosnahan"",""Debra Messing"",""Jim Carrey"",""Donald Glover"",""Bill Hader"",""The Alienist"",""Patricia Clarkson"",""Patricia Arquette"",""Connie Britton"",""Laura Dern"",""Antonio Banderas"",""Daniel Bruhl"",""Darren Criss"",""Benedict Cumberbatch"",""Hugh Grant"",""Alex Borstein"",""Penelope Cruz"",""Thandie Newton"",""Yvonne Strahovski"",""Alan Arkin"",""The Kominsky Method"",""Kieran Culkin"",""Edgar Ramirez"",""Ben Whishaw"",""Henry Winkler""]","[""Alison Brie"",""Amy Adams"",""Caitriona Balfe"",""Candice Bergen"",""Carol Burnett"",""Carol Burnett Award"",""Charlize Theron"",""Claire Foy"",""Connie Britton"",""Constance Wu"",""Deborah Davis"",""Debra Messing"",""Elisabeth Moss"",""Ellen DeGeneres"",""Elsie Fisher"",""Emily Blunt"",""Emma Stone"",""Julia Roberts"",""Keri Russell"",""Kristen Bell"",""Lady Gaga"",""Lady Gaga s Shallow"",""Laura Dern"",""Lin Manuel Miranda"",""Mary Poppins"",""Melissa McCarthy"",""Nicole Kidman"",""Olivia Colman"",""Patricia Arquette"",""Patricia Clarkson"",""Penelope Cruz"",""Queen Anne"",""Rachel Brosnahan"",""Rachel Weisz"",""Regina King"",""Rosamund Pike"",""Thandie Newton"",""The Alienist"",""Yvonne Strahovski""]","[""Adam Driver"",""Adam McKay"",""Alan Arkin"",""Alex Borstein"",""Alexandre Desplat"",""Alfonso Cuaron"",""Andy Samberg"",""Antonio Banderas"",""Barry Jenkins"",""Ben Whishaw"",""Benedict Cumberbatch"",""Best Actor"",""Bill Hader"",""Billy Porter"",""Black Panther"",""Bohemian Rhapsody"",""Boy Erased"",""Bradley Cooper"",""Brian Currie"",""Cecil B DeMille"",""Christian Bale"",""Daniel Bruhl"",""Darren Criss"",""Dick Cheney"",""Donald Glover"",""Ed Sheeran"",""Edgar Ramirez"",""Gianni Versace"",""Glenn Close"",""Green Book"",""Henry Winkler"",""Hugh Grant"",""Jason Bateman"",""Jeff Bridges"",""Jim Carrey"",""John C Reilly"",""John David"",""Justin Hurwitz"",""Kevin Hart"",""Kieran Culkin"",""Lucas Hedges"",""Ludwig Goransson"",""Mahershala Ali"",""Marc Shaiman"",""Marco Beltrami"",""Marvin Gaye"",""Matthew Rhys"",""Michael Douglas"",""Murphy Brown"",""Nick Vallelonga"",""Peter Farrelly"",""Ralph Breaks"",""Rami Malek"",""Richard E Grant"",""Richard Madden"",""Robert Redford"",""Sam Rockwell"",""Spider Man"",""Spike Lee"",""Stephan James"",""The Kominsky Method"",""Timothee Chalamet"",""Tony McNamara"",""Viggo Mortensen"",""Willem Dafoe""]",[],"[""Carol Burnett""]",[],[]
36,ObjectId(5c3370aa1e67d78e27d0f869),"[""Associated Press Via Cp""]",[],[],[],"[""Sultan Muhammad V"",""Keeper of the Ruler"",""Syed Danial Syed Ahmad"",""Mahathir Mohamad"",""Lai Seng Sin"",""Miss Moscow"",""Mohamad Fuzi Harun"",""Sultan Azlan Shah"",""Sultan Ibrahim Ismail""]","[""Miss Moscow""]","[""Keeper of the Ruler"",""Lai Seng Sin"",""Mahathir Mohamad"",""Mohamad Fuzi Harun"",""Sultan Azlan Shah"",""Sultan Ibrahim Ismail"",""Sultan Muhammad V"",""Syed Danial Syed Ahmad""]",[],[],"[""Keeper of the Ruler"",""Mahathir Mohamad""]",[]
37,ObjectId(5c3377b81e67d78e27d10a65),"[""Sheryl Ubelacker""]","[""Sheryl Ubelacker""]",[],[],"[""Sheryl Ubelacker"",""Allan Garland"",""Carole Laurin"",""Patrice Lindsay""]","[""Carole Laurin"",""Patrice Lindsay"",""Sheryl Ubelacker""]","[""Allan Garland""]",[],"[""Patrice Lindsay""]","[""Allan Garland""]",[]
38,ObjectId(5c33859e1e67d78e27d12893),"[""Richard Cuthbertson"",""Richard Cuthbertson Is A Journalist With Cbc Nova Scotia. He Can Be Reached At Richard.Cuthbertson Cbc.Ca.""]",[],"[""Richard Cuthbertson""]",[],"[""Wendy Golden"",""Kody Cook"",""Steve Lawrence CBC"",""Matthew Bowes"",""Robert Short CBC"",""Dave Martell"",""Keith Ahamad"",""Tara Gomes"",""Ernie LeBlanc"",""Jason LeBlanc"",""Andrew Vaughan"",""Jason Marcel LeBlanc"",""Dennis McGuire"",""Robert Strang"",""Richard Cuthbertson"",""Neil Calder""]","[""Tara Gomes"",""Wendy Golden""]","[""Andrew Vaughan"",""Dave Martell"",""Dennis McGuire"",""Ernie LeBlanc"",""Jason LeBlanc"",""Jason Marcel LeBlanc"",""Keith Ahamad"",""Kody Cook"",""Matthew Bowes"",""Neil Calder"",""Richard Cuthbertson"",""Robert Short CBC"",""Robert Strang"",""Steve Lawrence CBC""]",[],"[""Wendy Golden"",""Tara Gomes""]","[""Kody Cook"",""Matthew Bowes"",""Dave Martell"",""Ernie LeBlanc"",""Robert Strang""]",[]
39,ObjectId(5c339b091e67d78e27d16414),"[""Anna Pippus""]","[""Anna Pippus""]",[],[],"[""Anna Pippus""]","[""Anna Pippus""]",[],[],"[""Anna Pippus""]",[],[]
40,ObjectId(5c33e1a71e67d78e27d2193c),"[""Eamon Lynch""]",[],"[""Eamon Lynch""]",[],"[""Mike Davis"",""John Bodenhamer"",""Jaime Diaz"",""Tom Meeks"",""Donald Rumsfeld"",""Dustin Johnson"",""Joe Dey"",""P J Boatwright"",""Phil Mickelson""]",[],"[""Donald Rumsfeld"",""Dustin Johnson"",""Jaime Diaz"",""Joe Dey"",""John Bodenhamer"",""Mike Davis"",""P J Boatwright"",""Phil Mickelson"",""Tom Meeks""]",[],[],"[""Mike Davis""]",[]
41,ObjectId(5c3436991e67d78e27d30c2c),"[""Karon Liu"",""Food Writer""]","[""Karon Liu""]",[],[],"[""Dorie Greenspan"",""Michael Greenspan"",""Karon Liu"",""Richard Lautens"",""Daniel Boulud"",""Pierre Herme"",""Julia Child"",""Baking With Julia""]","[""Baking With Julia"",""Dorie Greenspan"",""Julia Child"",""Karon Liu""]","[""Daniel Boulud"",""Michael Greenspan"",""Pierre Herme"",""Richard Lautens""]",[],"[""Dorie Greenspan""]","[""Richard Lautens"",""Michael Greenspan""]",[]
42,ObjectId(5c344a9f1e67d78e27d34d0a),"[""Emily Mertz"",""Senior News Reporter - Online""]","[""Emily Mertz""]",[],[],"[""Tom Hinderks"",""Shannon Phillips"",""Jason Nixon"",""Tom Vernon"",""Carolyn Kury de Castillo"",""Lorne Fitch"",""Adam MacVicar""]","[""Carolyn Kury de Castillo"",""Shannon Phillips""]","[""Adam MacVicar"",""Jason Nixon"",""Lorne Fitch"",""Tom Hinderks"",""Tom Vernon""]",[],"[""Shannon Phillips""]","[""Tom Hinderks"",""Lorne Fitch""]",[]
43,ObjectId(5c3474c2795bd22cf5864830),[],[],[],[],"[""Stephen Gillis"",""Quyen Cheng"",""Jordan Stewart""]","[""Quyen Cheng""]","[""Jordan Stewart"",""Stephen Gillis""]",[],[],"[""Stephen Gillis"",""Jordan Stewart""]",[]
44,ObjectId(5c34c2311e67d78e27d50d44),"[""Jessica Chin"",""Suggest A Correction"",""News Editor"",""Huffpost Canada""]","[""Jessica Chin""]",[],[],"[""Ben Myers"",""Josh Matlow"",""Matt Danison"",""Frank Clayton"",""Doug Ford""]",[],"[""Ben Myers"",""Doug Ford"",""Frank Clayton"",""Josh Matlow"",""Matt Danison""]",[],[],"[""Ben Myers"",""Josh Matlow"",""Matt Danison""]",[]
45,ObjectId(5c34c92a1e67d78e27d52117),"[""Adam Stanley""]",[],"[""Adam Stanley""]",[],"[""Adam Stanley"",""Adam Hadwin"",""Mackenzie Hughes"",""Ben Silverman"",""Roger Sloan"",""Adam Svensson"",""Nick Taylor"",""Corey Conners"",""Mike Weir"",""David Hearn"",""MACKENZIE HUGHES"",""COREY CONNERS"",""NICK TAYLOR"",""ADAM SVENSSON"",""GRAHAM DELAET"",""Danny Fritz""]",[],"[""ADAM SVENSSON"",""Adam Hadwin"",""Adam Stanley"",""Adam Svensson"",""Ben Silverman"",""COREY CONNERS"",""Corey Conners"",""Danny Fritz"",""David Hearn"",""GRAHAM DELAET"",""MACKENZIE HUGHES"",""Mackenzie Hughes"",""Mike Weir"",""NICK TAYLOR"",""Nick Taylor"",""Roger Sloan""]",[],[],"[""NICK TAYLOR"",""Adam Hadwin"",""Danny Fritz""]",[]
46,ObjectId(5c34d7211e67d78e27d54599),"[""Thomson Reuters""]",[],[],[],"[""Kim Jong un"",""Donald Trump"",""Lu Kang"",""Xi Jinping"",""Moon Jae"",""Evan Vucci"",""Harry J Kazianis"",""Ri Sol ju"",""Kim Yong chol"",""Ri Yong ho"",""Mike Pompeo""]","[""Kim Yong chol""]","[""Donald Trump"",""Evan Vucci"",""Harry J Kazianis"",""Kim Jong un"",""Lu Kang"",""Mike Pompeo"",""Moon Jae"",""Ri Sol ju"",""Ri Yong ho"",""Xi Jinping""]",[],[],"[""Lu Kang"",""Harry J Kazianis"",""Mike Pompeo""]",[]
47,ObjectId(5c3533311e67d78e27d653f4),"[""Doug Ferguson"",""Associated Press""]",[],"[""Doug Ferguson""]",[],"[""Ian Poulter"",""Andy Pazder"",""Jordan Spieth"",""Jose Maria Olazabal"",""Ryder Cup"",""Arnold Palmer""]",[],"[""Andy Pazder"",""Arnold Palmer"",""Ian Poulter"",""Jordan Spieth"",""Jose Maria Olazabal"",""Ryder Cup""]",[],[],"[""Andy Pazder"",""Ian Poulter""]",[]
48,ObjectId(5c35c63f795bd2d9a887febb),"[""Follow Adam Radwanski On Twitter"",""Adam Radwanski""]",[],"[""Adam Radwanski""]",[],"[""Justin Trudeau"",""Andrew Scheer"",""Emmanuel Macron"",""Jacques Boissinot"",""Stephane Dion"",""Doug Ford"",""Chris Young"",""Lars Hagberg"",""Jagmeet Singh"",""Cole Burston"",""Elizabeth May"",""Jeff McIntosh"",""Scott Moe"",""Christopher Katsarov"",""Graham Hughes"",""Jeff Vinnick""]","[""Elizabeth May""]","[""Andrew Scheer"",""Chris Young"",""Christopher Katsarov"",""Cole Burston"",""Doug Ford"",""Emmanuel Macron"",""Graham Hughes"",""Jacques Boissinot"",""Jagmeet Singh"",""Jeff McIntosh"",""Jeff Vinnick"",""Justin Trudeau"",""Lars Hagberg"",""Scott Moe"",""Stephane Dion""]",[],"[""Elizabeth May""]",[],[]
49,ObjectId(5c3d854a1e67d78e27f049d6),"[""Megan Turcato"",""North Okanagan Video Journalist""]","[""Megan Turcato""]",[],[],"[""James McEwan"",""Bruce Hamilton"",""Josh Gorges"",""Ron Robison""]",[],"[""Bruce Hamilton"",""James McEwan"",""Josh Gorges"",""Ron Robison""]",[],[],"[""Bruce Hamilton"",""Ron Robison""]",[]
50,ObjectId(5c3daf32795bd2eb3f0108d8),"[""Follow Scott Barlow On Twitter"",""Scott Barlow""]",[],"[""Scott Barlow""]",[],"[""Jan Hatzuis"",""James Bullard"",""JOHN SOPINSKI"",""Scott Barlow""]",[],"[""JOHN SOPINSKI"",""James Bullard"",""Jan Hatzuis"",""Scott Barlow""]",[],[],[],[]
51,ObjectId(5c3e038e1e67d78e27f2105a),"[""Amy Forliti"",""Todd Richmond""]","[""Amy Forliti""]","[""Todd Richmond""]",[],"[""Amy Forliti"",""Todd Richmond"",""Jayme Closs"",""Jake Thomas Patterson"",""Brian Wright"",""Charles Glynn"",""Richard Jones"",""James Closs"",""Denise Closs"",""Randy Herschaft""]","[""Amy Forliti"",""Denise Closs"",""Jayme Closs""]","[""Brian Wright"",""Charles Glynn"",""Jake Thomas Patterson"",""James Closs"",""Randy Herschaft"",""Richard Jones"",""Todd Richmond""]",[],"[""Jayme Closs""]","[""Brian Wright"",""Jake Thomas Patterson"",""Charles Glynn""]",[]
52,ObjectId(5c3e11b11e67d78e27f2357a),"[""Michelle Ghoussoub"",""Michelle Ghoussoub Is A Journalist With Cbc Vancouver. She Previously Reported In Lebanon""]","[""Michelle Ghoussoub""]",[],[],"[""Gidimt en"",""Eric Stubbs"",""Chantelle Bellrichard CBC"",""Na moks""]","[""Chantelle Bellrichard CBC""]","[""Eric Stubbs"",""Gidimt en"",""Na moks""]",[],[],"[""Eric Stubbs"",""Na moks""]",[]
53,ObjectId(5c3e27a31e67d78e27f27b38),"[""Https"",""Www.Facebook.Com Pages Realityeo"",""Debra Yeo"",""Toronto Star""]","[""Debra Yeo""]",[],[],"[""Hannah B"",""Nick Offerman"",""Megan Mullally"",""Megan f ked"",""Hannah G"",""Nicole Onyeka"",""North Carolina Caelynn"",""Alabama Hannah"",""Billy Eichner"",""The Billy"",""Debra Yeo"",""dyeo thestar ca""]","[""Alabama Hannah"",""Debra Yeo"",""Hannah B"",""Hannah G"",""Megan Mullally"",""Megan f ked"",""Nicole Onyeka"",""North Carolina Caelynn"",""The Billy""]","[""Billy Eichner"",""Nick Offerman"",""dyeo thestar ca""]",[],[],"[""Billy Eichner""]",[]
54,ObjectId(5c3eac6f1e67d78e27f3dc55),"[""Mike Blanchfield"",""Canadian Press""]",[],"[""Mike Blanchfield""]",[],"[""Chrystia Freeland"",""Justin Trudeau"",""Robert Lloyd Schellenberg"",""Hua Chunying"",""Meng Wanzhou"",""Adrian Wyld"",""Michael Kovrig"",""Michael Spavor"",""Jacinda Ardern"",""Mauricio Macri"",""Lauri Nelson Jones"",""Zhang Dongshuo""]","[""Chrystia Freeland"",""Hua Chunying"",""Jacinda Ardern"",""Lauri Nelson Jones"",""Meng Wanzhou""]","[""Adrian Wyld"",""Justin Trudeau"",""Mauricio Macri"",""Michael Kovrig"",""Michael Spavor"",""Robert Lloyd Schellenberg"",""Zhang Dongshuo""]",[],"[""Chrystia Freeland"",""Hua Chunying"",""Lauri Nelson Jones""]","[""Justin Trudeau"",""Zhang Dongshuo""]",[]
55,ObjectId(5c3ed6b11e67d78e27f46477),"[""Alicia Draus""]","[""Alicia Draus""]",[],[],"[""Terry Chapman"",""Alicia Draus"",""Jeff Fraser"",""Tim Guest"",""Randy Delorey""]","[""Alicia Draus""]","[""Jeff Fraser"",""Randy Delorey"",""Terry Chapman"",""Tim Guest""]",[],[],"[""Terry Chapman"",""Jeff Fraser"",""Tim Guest""]",[]
56,ObjectId(5c3eec791e67d78e27f51065),"[""Beth Ann Nichols""]","[""Beth Ann Nichols""]",[],[],"[""Brittany Lincicome"",""John Smoltz"",""Mark Rypien"",""Jeremy Roenick"",""Bam Bam"",""Stacy Lewis"",""Gerrod Chadwell"",""Tom Glavine""]","[""Brittany Lincicome"",""Stacy Lewis""]","[""Bam Bam"",""Gerrod Chadwell"",""Jeremy Roenick"",""John Smoltz"",""Mark Rypien"",""Tom Glavine""]",[],"[""Brittany Lincicome"",""Stacy Lewis""]",[],[]
57,ObjectId(5c3f00a6795bd298e67a078f),"[""Follow Paul Waldie On Twitter"",""Paul Waldie""]",[],"[""Paul Waldie""]",[],"[""Theresa May"",""Mark Duffy"",""Jeremy Corbyn"",""Katy Barnett"",""Mike McFadden"",""Matthew Goodwin"",""Donald Tusk"",""Nigel Dodds"",""Tim Bale""]","[""Katy Barnett"",""Theresa May""]","[""Donald Tusk"",""Jeremy Corbyn"",""Mark Duffy"",""Matthew Goodwin"",""Mike McFadden"",""Nigel Dodds"",""Tim Bale""]",[],"[""Theresa May"",""Katy Barnett""]","[""Mike McFadden"",""Matthew Goodwin"",""Nigel Dodds"",""Tim Bale"",""Donald Tusk""]",[]
58,ObjectId(5c3f4e281e67d78e27f62b50),"[""Joan Bryden"",""Canadian Press""]","[""Joan Bryden""]",[],[],"[""David Lametti"",""Justin Trudeau"",""Jody Wilson Raybould"",""Audrey Parker"",""Shanaaz Gokool"",""Jodie Wilson Raybould"",""Audrey Parkers""]","[""Audrey Parker"",""Audrey Parkers"",""Jodie Wilson Raybould"",""Jody Wilson Raybould"",""Shanaaz Gokool""]","[""David Lametti"",""Justin Trudeau""]",[],"[""Jody Wilson Raybould"",""Audrey Parker""]",[],[]
59,ObjectId(5c3f55241e67d78e27f63e5a),"[""Annabelle Liang""]","[""Annabelle Liang""]",[],[],"[""Annabelle Liang"",""Theresa May"",""Paul Dales""]","[""Annabelle Liang"",""Theresa May""]","[""Paul Dales""]",[],[],"[""Paul Dales""]",[]
60,ObjectId(5c3f78b21e67d78e27f6a477),"[""Ivan Moreno"",""The Associated Press""]",[],"[""Ivan Moreno""]",[],"[""Trevor Stevens"",""Carrie Antlfinger"",""Russ Klisch"",""Donald Trump"",""Paul Gatza"",""David Rowland"",""Mark GarthWaite""]","[""Carrie Antlfinger""]","[""David Rowland"",""Donald Trump"",""Mark GarthWaite"",""Paul Gatza"",""Russ Klisch"",""Trevor Stevens""]",[],[],"[""Paul Gatza"",""David Rowland"",""Mark GarthWaite"",""Russ Klisch""]",[]
61,ObjectId(5c3fbf491e67d78e27f767d8),"[""Kevin Casey""]",[],"[""Kevin Casey""]",[],"[""Tiger Woods"",""the Valspar Championship"",""Quail Hollow"",""Arnold Palmer Invitational""]",[],"[""Arnold Palmer Invitational"",""Quail Hollow"",""Tiger Woods"",""the Valspar Championship""]",[],[],[],[]
62,ObjectId(5c3fefc41e67d78e270257d3),"[""Thomson Reuters""]",[],[],[],"[""Uhuru Kenyatta"",""Joseph Boinnet"",""al Shabaab"",""Donald Trump"",""Dusit Thani"",""Ken Njoroge"",""Hiram Macharia"",""Luis Tato"",""Mamadou Dia"",""Luke Potter"",""Kabir Dhanji AFP Getty Images"",""Jason Spindler"",""Feisal Ahmed"",""Abdalla Dahir""]",[],"[""Abdalla Dahir"",""Donald Trump"",""Dusit Thani"",""Feisal Ahmed"",""Hiram Macharia"",""Jason Spindler"",""Joseph Boinnet"",""Kabir Dhanji AFP Getty Images"",""Ken Njoroge"",""Luis Tato"",""Luke Potter"",""Mamadou Dia"",""Uhuru Kenyatta"",""al Shabaab""]",[],[],"[""Joseph Boinnet"",""al Shabaab"",""Uhuru Kenyatta"",""Ken Njoroge"",""Hiram Macharia"",""Mamadou Dia""]",[]
63,ObjectId(5c47fce51e67d78e271b1f7a),"[""Michael Crabb"",""Special To The Star""]",[],"[""Michael Crabb""]",[],"[""Jeanine Durning"",""Alana Elmer"",""Pulga Muchochoma"",""Mairi Greig"",""Omer K Yukseker"",""Ame Henderson"",""Christopher House"",""Deborah Hay"",""Charles Durning"",""Marie Lambin Gagnon""]","[""Alana Elmer"",""Deborah Hay"",""Jeanine Durning"",""Marie Lambin Gagnon""]","[""Ame Henderson"",""Charles Durning"",""Christopher House"",""Mairi Greig"",""Omer K Yukseker"",""Pulga Muchochoma""]",[],"[""Jeanine Durning""]","[""Christopher House"",""Pulga Muchochoma""]",[]
64,ObjectId(5c48111c1e67d78e271b6146),"[""Ryan Kessler""]",[],"[""Ryan Kessler""]",[],"[""Robert Major"",""Malcolm Gibson"",""Kimberly Oliverio"",""Brenden Major"",""Theodore Cardinal"",""Michael Pilon"",""Douglas Green""]","[""Kimberly Oliverio""]","[""Brenden Major"",""Douglas Green"",""Malcolm Gibson"",""Michael Pilon"",""Robert Major"",""Theodore Cardinal""]",[],[],"[""Robert Major"",""Michael Pilon"",""Douglas Green""]",[]
65,ObjectId(5c48278d1e67d78e271c1a28),"[""Dan Kilbridge""]",[],"[""Dan Kilbridge""]",[],"[""Tiger Woods"",""Jordan Spieth"",""Rocco Mediate"",""Andy Williams"",""Joe LaCava"",""Xander Schauffele"",""Tony Finau""]",[],"[""Andy Williams"",""Joe LaCava"",""Jordan Spieth"",""Rocco Mediate"",""Tiger Woods"",""Tony Finau"",""Xander Schauffele""]",[],[],"[""Tiger Woods""]",[]
66,ObjectId(5c483b26795bd2b724e92a68),"[""Follow Carly Weeks On Twitter"",""Carly Weeks""]","[""Carly Weeks""]",[],[],"[""Amanda Nash"",""Yoni Freedhoff"",""Lee Finell"",""Jonathon Maguire""]","[""Amanda Nash""]","[""Jonathon Maguire"",""Lee Finell"",""Yoni Freedhoff""]",[],"[""Amanda Nash""]","[""Yoni Freedhoff"",""Lee Finell"",""Jonathon Maguire""]",[]
67,ObjectId(5c4888ac1e67d78e271d2cdf),"[""Michael Tutton"",""Canadian Press""]",[],"[""Michael Tutton""]",[],"[""Caroline Wojtaszek"",""William Shrubsall"",""Ethan Simon Templar MacLeod"",""Holly Knowles"",""Paul Carver"",""Halifax Crown""]","[""Caroline Wojtaszek"",""Holly Knowles""]","[""Ethan Simon Templar MacLeod"",""Halifax Crown"",""Paul Carver"",""William Shrubsall""]",[],"[""Caroline Wojtaszek"",""Holly Knowles""]","[""Paul Carver""]",[]
68,ObjectId(5c488fac1e67d78e271d405b),"[""Marley Jay""]","[""Marley Jay""]",[],[],"[""Marley Jay"",""Keith Bachman"",""Larry Kudlow"",""Liu He"",""Robert Lighthizer"",""Annabelle Liang""]","[""Annabelle Liang"",""Marley Jay""]","[""Keith Bachman"",""Larry Kudlow"",""Liu He"",""Robert Lighthizer""]",[],[],"[""Keith Bachman"",""Larry Kudlow""]",[]
69,ObjectId(5c489df91e67d78e271d66c5),[],[],[],[],"[""Mikael Backlund"",""Oliver Kylington"",""Mark Jankowski"",""David Rittich"",""Sebastian Aho"",""Dougie Hamilton"",""Peter Mrazek"",""Rod Brind Amour"",""Bill Peters"",""T J Brodie"",""Brock McGinn"",""Johnny Gaudreau""]",[],"[""Bill Peters"",""Brock McGinn"",""David Rittich"",""Dougie Hamilton"",""Johnny Gaudreau"",""Mark Jankowski"",""Mikael Backlund"",""Oliver Kylington"",""Peter Mrazek"",""Rod Brind Amour"",""Sebastian Aho"",""T J Brodie""]",[],[],"[""Mikael Backlund"",""Rod Brind Amour""]",[]
70,ObjectId(5c494e541e67d78e271f514e),"[""Lindsey Bahr"",""The Associated Press""]","[""Lindsey Bahr""]",[],[],"[""Louis Ashbourne Serkis"",""Rhianna Dorris"",""Angus Imrie"",""Dean Chaumoo"",""Tom Taylor"",""Rebecca Ferguson"",""Joe Cornish"",""John Boyega"",""Andy Serkis"",""Denise Gough"",""Young Merlin"",""Starring Patrick Stewart""]","[""Denise Gough"",""Rebecca Ferguson"",""Rhianna Dorris""]","[""Andy Serkis"",""Angus Imrie"",""Dean Chaumoo"",""Joe Cornish"",""John Boyega"",""Louis Ashbourne Serkis"",""Starring Patrick Stewart"",""Tom Taylor"",""Young Merlin""]",[],[],[],[]
71,ObjectId(5c4962f31e67d78e271f9498),"[""Adam Beam"",""Bruce Shreiner""]",[],"[""Adam Beam"",""Bruce Shreiner""]",[],"[""Donald Trump"",""Hayden Bode"",""Sarah Buckley"",""Nick Sandmann"",""Nathan Phillips"",""Mitch McConnell"",""Adam Fatkin"",""Joe Nienaber"",""Adam Koenig"",""Pat Cipollone"",""Chris McDaniel"",""John Schickel""]","[""Sarah Buckley""]","[""Adam Fatkin"",""Adam Koenig"",""Chris McDaniel"",""Donald Trump"",""Hayden Bode"",""Joe Nienaber"",""John Schickel"",""Mitch McConnell"",""Nathan Phillips"",""Nick Sandmann"",""Pat Cipollone""]",[],[],"[""Donald Trump"",""Hayden Bode"",""Nick Sandmann"",""Nathan Phillips"",""Adam Fatkin"",""Joe Nienaber"",""Adam Koenig"",""Chris McDaniel"",""John Schickel""]",[]
72,ObjectId(5c4977bc1e67d78e27204091),[],[],[],[],"[""John McCallum"",""Meng Wanzhou"",""David Lametti""]","[""Meng Wanzhou""]","[""David Lametti"",""John McCallum""]",[],[],"[""John McCallum""]",[]
73,ObjectId(5c498cc6795bd264151080e0),"[""Gregory Strong""]",[],"[""Gregory Strong""]",[],"[""Alison Levine"",""Scott Grant"",""Marco Dispaltro""]","[""Alison Levine""]","[""Marco Dispaltro"",""Scott Grant""]",[],"[""Alison Levine""]",[],[]
74,ObjectId(5c49e1261e67d78e2721712b),"[""Annabelle Liang""]","[""Annabelle Liang""]",[],[],"[""Annabelle Liang"",""Mario Draghi"",""Hussein Sayed"",""Wang Qishan""]","[""Annabelle Liang""]","[""Hussein Sayed"",""Mario Draghi"",""Wang Qishan""]",[],[],"[""Hussein Sayed"",""Wang Qishan""]",[]
75,ObjectId(5c49ef691e67d78e272197a5),"[""The Canadian Press""]",[],[],[],"[""Alex Nedeljkovic"",""Nino Niederreiter"",""Curtis McElhinney"",""Greg McKegg"",""Dougie Hamilton"",""Sebastian Aho"",""Bo Horvat"",""Victor Rask"",""Josh Leivo"",""Sven Baertschi"",""Jacob Markstrom"",""Elias Pettersson"",""Loui Eriksson"",""Troy Stecher"",""Brock Boeser"",""Antoine Roussel"",""Erik Gudbranson"",""Andrei Svechnikov""]",[],"[""Alex Nedeljkovic"",""Andrei Svechnikov"",""Antoine Roussel"",""Bo Horvat"",""Brock Boeser"",""Curtis McElhinney"",""Dougie Hamilton"",""Elias Pettersson"",""Erik Gudbranson"",""Greg McKegg"",""Jacob Markstrom"",""Josh Leivo"",""Loui Eriksson"",""Nino Niederreiter"",""Sebastian Aho"",""Sven Baertschi"",""Troy Stecher"",""Victor Rask""]",[],[],"[""Alex Nedeljkovic"",""Bo Horvat"",""Jacob Markstrom"",""Greg McKegg""]",[]
76,ObjectId(5c4a89f31e67d78e27233c5d),"[""Kevin Bissett"",""Canadian Press""]",[],"[""Kevin Bissett""]",[],"[""Justin Trudeau"",""Tasmeen Ali"",""Blaine Higgs"",""Michael MacDonald""]","[""Tasmeen Ali""]","[""Blaine Higgs"",""Justin Trudeau"",""Michael MacDonald""]",[],"[""Tasmeen Ali""]","[""Justin Trudeau"",""Blaine Higgs""]",[]
77,ObjectId(5c529d681e67d78e273c4cb9),"[""Lisa Mascaro""]","[""Lisa Mascaro""]",[],[],"[""Nancy Pelosi"",""Brett Kavanaugh"",""Debbie Stabenow"",""D Mich"",""Donald Trump"",""Richard Blumenthal"",""Tim Kaine"",""Joe Manchin"",""Doug Jones"",""Robert Mueller"",""Stacey Abrams""]","[""Debbie Stabenow"",""Nancy Pelosi"",""Stacey Abrams""]","[""Brett Kavanaugh"",""D Mich"",""Donald Trump"",""Doug Jones"",""Joe Manchin"",""Richard Blumenthal"",""Robert Mueller"",""Tim Kaine""]",[],"[""Debbie Stabenow""]","[""Richard Blumenthal"",""Tim Kaine"",""Donald Trump""]",[]
78,ObjectId(5c52b36a1e67d78e273d029c),"[""Dan Kilbridge""]",[],"[""Dan Kilbridge""]",[],"[""Phil Mickelson"",""Tiger Woods""]",[],"[""Phil Mickelson"",""Tiger Woods""]",[],[],"[""Phil Mickelson""]",[]
79,ObjectId(5c52c73b795bd245ab059d61),"[""Follow Paul Waldie On Twitter"",""Paul Waldie""]",[],"[""Paul Waldie""]",[],"[""Mike Hawes"",""Theresa May"",""Stephen Norman""]","[""Theresa May""]","[""Mike Hawes"",""Stephen Norman""]",[],[],"[""Mike Hawes"",""Stephen Norman""]",[]
80,ObjectId(5c5314a91e67d78e273e13be),"[""Holly Mckenzie-Sutter"",""Canadian Press""]","[""Holly Mckenzie-Sutter""]",[],[],"[""Konrad Gajewski"",""Moe Doiron Ice"",""Kent Moore"",""David Atkinson""]",[],"[""David Atkinson"",""Kent Moore"",""Konrad Gajewski"",""Moe Doiron Ice""]",[],[],"[""Konrad Gajewski"",""Kent Moore"",""David Atkinson""]",[]
81,ObjectId(5c531ba91e67d78e273e272a),"[""Elaine Kurtenbach""]","[""Elaine Kurtenbach""]",[],[],"[""Elaine Kurtenbach"",""Jerome Powell"",""Michael Every""]","[""Elaine Kurtenbach""]","[""Jerome Powell"",""Michael Every""]",[],[],"[""Jerome Powell""]",[]
82,ObjectId(5c533fe21e67d78e273e92d1),"[""Georgie Binks"",""Special To The Star""]","[""Georgie Binks""]",[],[],"[""Marci Bracco Cain"",""Lorena Paz Akin"",""Mai Lee"",""Mary Ann Schicketanz"",""Georgie Binks""]","[""Georgie Binks"",""Lorena Paz Akin"",""Mai Lee"",""Marci Bracco Cain"",""Mary Ann Schicketanz""]",[],[],"[""Mary Ann Schicketanz"",""Lorena Paz Akin""]",[],[]
83,ObjectId(5c53eea41e67d78e27407cc3),"[""Meaghan Craig""]","[""Meaghan Craig""]",[],[],"[""Dolores LaPlante"",""Megan Bortis""]","[""Dolores LaPlante"",""Megan Bortis""]",[],[],"[""Megan Bortis"",""Dolores LaPlante""]",[],[]
84,ObjectId(5c53fcb21e67d78e2740a299),[],[],[],[],"[""Carmen Sandiego"",""Doc McStuffins"",""Kevin McCallister"",""Rachel Giese""]","[""Carmen Sandiego"",""Rachel Giese""]","[""Doc McStuffins"",""Kevin McCallister""]",[],[],"[""Kevin McCallister""]",[]
85,ObjectId(5c5418cc795bd22bf37ca606),"[""Follow Justine Hunter On Twitter"",""Justine Hunter""]","[""Justine Hunter""]",[],[],"[""Sheila Malcolmson"",""CHAD HIPOLITO"",""Andrew Wilkinson"",""Tony Harris"",""Christy Clark"",""Andrew Weaver"",""Stefan Jonsson""]","[""Christy Clark"",""Sheila Malcolmson""]","[""Andrew Weaver"",""Andrew Wilkinson"",""CHAD HIPOLITO"",""Stefan Jonsson"",""Tony Harris""]",[],[],"[""Andrew Wilkinson"",""Andrew Weaver"",""Stefan Jonsson""]",[]
86,ObjectId(5c54662d1e67d78e27425afa),"[""Shawn Jeffords"",""Canadian Press""]",[],"[""Shawn Jeffords""]",[],"[""Justin Trudeau"",""Doug Ford"",""Dalton McGuinty"",""Adam van Koeverden"",""Van Koeverden"",""Lisa Raitt""]","[""Lisa Raitt""]","[""Adam van Koeverden"",""Dalton McGuinty"",""Doug Ford"",""Justin Trudeau"",""Van Koeverden""]",[],[],"[""Justin Trudeau"",""Doug Ford""]",[]
87,ObjectId(5c546d281e67d78e27426e82),"[""Barbara Ortutay""]","[""Barbara Ortutay""]",[],[],"[""Barbara Ortutay"",""Marty Puranik""]","[""Barbara Ortutay""]","[""Marty Puranik""]",[],[],"[""Marty Puranik""]",[]
88,ObjectId(5c547bf71e67d78e2742971d),"[""Cbc News""]",[],[],[],"[""Marie Howell"",""Rob Fleming"",""Moyra Baxter"",""CBC Daybreak"",""Chris Walker""]","[""Marie Howell"",""Moyra Baxter""]","[""CBC Daybreak"",""Chris Walker"",""Rob Fleming""]",[],"[""Marie Howell"",""Moyra Baxter""]","[""Rob Fleming""]",[]
89,ObjectId(5c5490681e67d78e2742d421),"[""Https"",""Www.Facebook.Com Pages Jennifer-Yang"",""Jennifer Yang"",""Identity"",""Inequality Reporter""]","[""Jennifer Yang""]",[],[],"[""George Pullman"",""Cecil Foster"",""Andrew Francis Wallace"",""Porter Percy Corbin"",""Wilfred Notley"",""Wilfrid Laurier"",""Stanley Grizzle"",""My Name"",""Louis Augustin"",""Sue Bristow"",""Judy Hunter"",""Lincoln Alexander"",""Oscar Peterson"",""Harold Adams"",""Donald Moore"",""Walter Harris"",""Benjamin Layne"",""Ahmed Hussen"",""George Garraway"",""Jennifer Yang""]","[""Jennifer Yang"",""Judy Hunter"",""My Name"",""Sue Bristow""]","[""Ahmed Hussen"",""Andrew Francis Wallace"",""Benjamin Layne"",""Cecil Foster"",""Donald Moore"",""George Garraway"",""George Pullman"",""Harold Adams"",""Lincoln Alexander"",""Louis Augustin"",""Oscar Peterson"",""Porter Percy Corbin"",""Stanley Grizzle"",""Walter Harris"",""Wilfred Notley"",""Wilfrid Laurier""]",[],[],"[""Cecil Foster"",""Harold Adams""]",[]
90,ObjectId(5c5555d11e67d78e27457a93),[],[],[],[],"[""Bill Morneau"",""Nathan Cullen""]",[],"[""Bill Morneau"",""Nathan Cullen""]",[],[],"[""Bill Morneau"",""Nathan Cullen""]",[]
91,ObjectId(5c5d15151e67d78e275d5d0f),"[""Kathryn Hudson"",""The Kit""]","[""Kathryn Hudson""]",[],[],"[""Robert McMillen"",""kiehls ca Kathryn Hudson""]",[],"[""Robert McMillen"",""kiehls ca Kathryn Hudson""]",[],[],[],[]
92,ObjectId(5c5d292b1e67d78e275d9e9f),"[""Mike Armstrong"",""Global National Quebec Correspondent""]",[],"[""Mike Armstrong""]",[],"[""Ehab Lotayef"",""Alexandre Bissonnette"",""Francois Huot"",""Ibrahima Barry"",""Mamadou Tanour Barry"",""Aboubake Thabti"",""Dylann Roof"",""Justin Trudeau"",""Kenza Tarek"",""Megda Belkacemi""]","[""Kenza Tarek"",""Megda Belkacemi""]","[""Aboubake Thabti"",""Alexandre Bissonnette"",""Dylann Roof"",""Ehab Lotayef"",""Francois Huot"",""Ibrahima Barry"",""Justin Trudeau"",""Mamadou Tanour Barry""]",[],"[""Kenza Tarek"",""Megda Belkacemi""]","[""Ehab Lotayef"",""Alexandre Bissonnette""]",[]
93,ObjectId(5c5d37341e67d78e275dc30f),"[""The Canadian Press""]",[],[],[],"[""Marc Gasol"",""Jonas Valanciunas"",""C J Miles"",""Delon Wright"",""Masai Ujiri"",""Fred VanVleet"",""Greg Monroe"",""Tobias Harris"",""Nikola Mirotic"",""Anson Henry"",""Sergio Scariolo"",""Norman Powell"",""Chris Boucher"",""Jordan Loyd"",""Serge Ibaka"",""P J Tucker"",""Nik Stauskas"",""Wade Baldwin""]",[],"[""Anson Henry"",""C J Miles"",""Chris Boucher"",""Delon Wright"",""Fred VanVleet"",""Greg Monroe"",""Jonas Valanciunas"",""Jordan Loyd"",""Marc Gasol"",""Masai Ujiri"",""Nik Stauskas"",""Nikola Mirotic"",""Norman Powell"",""P J Tucker"",""Serge Ibaka"",""Sergio Scariolo"",""Tobias Harris"",""Wade Baldwin""]",[],[],"[""Fred VanVleet"",""Marc Gasol"",""Jonas Valanciunas"",""Norman Powell""]",[]
94,ObjectId(5c5d3e251e67d78e275e54b5),[],[],[],[],"[""Justin Trudeau"",""Andrew Scheer"",""Jody Wilson Raybould"",""David Lametti"",""Marco Mendicino"",""Kathleen Roussel"",""Navdeep Bains"",""Normand Morin"",""Mark Norman""]","[""Jody Wilson Raybould"",""Kathleen Roussel""]","[""Andrew Scheer"",""David Lametti"",""Justin Trudeau"",""Marco Mendicino"",""Mark Norman"",""Navdeep Bains"",""Normand Morin""]",[],[],"[""Justin Trudeau"",""Andrew Scheer"",""Navdeep Bains"",""Normand Morin""]",[]
95,ObjectId(5c5d532a795bd2d5c282a094),"[""Follow Us On Twitter"",""Matthew Mcclearn""]",[],"[""Matthew Mcclearn""]",[],"[""Chris Helgren"",""Richard Nixon"",""Moammar Gadhafi"",""Bashar al Assad"",""Pierre Gignac"",""Jim Carr"",""Mairead Lavery"",""Benoit Daignault"",""Robert Wisner""]","[""Mairead Lavery""]","[""Bashar al Assad"",""Benoit Daignault"",""Chris Helgren"",""Jim Carr"",""Moammar Gadhafi"",""Pierre Gignac"",""Richard Nixon"",""Robert Wisner""]",[],[],"[""Robert Wisner""]",[]
96,ObjectId(5c5da7aa1e67d78e275f8a3c),"[""Annabelle Liang""]","[""Annabelle Liang""]",[],[],"[""Annabelle Liang"",""Donald Trump"",""Xi Jinping"",""Theresa May"",""Stephen Mnuchin"",""Robert Lighthizer""]","[""Annabelle Liang"",""Theresa May""]","[""Donald Trump"",""Robert Lighthizer"",""Stephen Mnuchin"",""Xi Jinping""]",[],[],"[""Donald Trump""]",[]
97,ObjectId(5c5e50711e67d78e27616b23),"[""Canadian Press""]",[],[],[],"[""Marc Garneau"",""Andrew Dockrell"",""Dylan Paradis"",""Daniel Waldenberger Bulmer"",""Joe Mulligan"",""Will Young""]",[],"[""Andrew Dockrell"",""Daniel Waldenberger Bulmer"",""Dylan Paradis"",""Joe Mulligan"",""Marc Garneau"",""Will Young""]",[],[],"[""Marc Garneau"",""Joe Mulligan"",""Will Young""]",[]
