,col0,col1,col2,col3,col4,col5,col6,col7,col8,col9,col10,col11,col12,col13,col14,col15,col16,col17,col18,col19,col20,col21,col22,col23,col24,col25,col26,col27,col28,col29
0,,average,good,average,1,24451728,0,,average,3,SHS200,"Grindrod is not helpful. I have emailed him multiple times to see him in office hours and he does not even show up. He rushes through his slides and overall not supportive. Like previously said, I have no respect for him.",03/11/2015,5,5.0,,2,Sorta interested,2.5,2.5,1,Yes,,1112,Yes,,,,people,person
1,Not Mandatory,good,good,good,0,23319359,0,,good,5,SHS200,"Very clear, concise, organized. Laughed a lot at himself and seemed pretty light hearted which was nice. Quizzes were online and you were only given 15 min, if you missed 1 question, you automatically got a B on that quiz. Other than that, if you put in the work you reaped the benefits. Good teacher all around.",05/27/2014,4,4.0,,5,Sorta interested,5.0,5.0,1,No,,1112,,,A,,people,people
2,Not Mandatory,poor,average,poor,0,23221518,0,,poor,1,SHS200,"He is unhelpful, rude, and his grading scale does not make sense at all. Very unresponsive to emails. Expects you to be experts even though he is terrible at teaching. All he does is read off the slides. I do not respect this professor in the slightest. He uses a weighted grading scale and it is near impossible to get an A in the class. >:(",05/11/2014,3,3.0,,1,Really into it,1.0,1.0,1,No,,1112,,,A-,,people,people
3,,good,average,good,0,20413057,0,,good,4,SHS200,"was fairly easy, made lectures pretty interesting but lots of unnecessary material sometimes. exams were pretty easy. make sure you really practice your transcription skills because he expects them to be fairly decent by the end of the course",06/14/2012,2,2.0,,4,Sorta interested,4.0,4.0,1,Yes,,1112,,,,,people,people
4,,good,good,good,0,17267483,0,,good,4,PSYC427,"Challenging but very interesting class. Lectures and readings heavily emphasize research. Two non-cumulative exams, six quizzes and three article critiques. Grindrod is an engaging, humorous and well-informed lecturer; however, considerable studying is required to do well in this course.",05/25/2010,4,4.0,,4,Really into it,4.0,4.0,1,No,,1112,,,,,people,people
5,,good,good,good,0,15928279,0,,good,4,PSYCH427,Provided USEFUL powerpoints that help both in/out of class. Daily readings help understand difficult topics but are by no means required to be read. Teaches complex topics but explains well enough. Weekly quizes are not too bad. 2 tests are like quizes but VERY long and can be hard. NO CURVE! 2 article reviews. Overall very good. Says &quot;ok&#63;&quot; alot!,06/03/2009,4,4.0,,5,Low,4.5,4.5,1,No,,1112,,,,,people,people
