,col0,col1,col2,col3,col4,col5,col6,col7,col8,col9,col10,col11,col12,col13,col14,col15,col16,col17,col18,col19
0,e9b9964a-8fd1-11eb-924d-9cd76263cbd0,genus,Rimaria,,,N.E.Br.,Q721850,1925,,"Gard. Chron., ser. 3 78: 413. 1925.",,,,,,,wfo-4000033292,7751412,,
1,48ab4a1e-8fcc-11eb-924d-9cd76263cbd0,species,angusta,Rimaria,,L.Bolus,Q63764,1937,,Notes Mesembryanthemum 3: 67 1937,,,,,,364169-1,wfo-0000401181,5554620,,
2,48ab6ce2-8fcc-11eb-924d-9cd76263cbd0,species,comptonii,Rimaria,,L.Bolus,Q63764,1932,,Notes Mesembryanthemum 2: 369 1932,,,,,,364170-1,wfo-0000401182,5554618,,
3,48abc9ee-8fcc-11eb-924d-9cd76263cbd0,species,divergens,Rimaria,,L.Bolus,Q63764,1937,,Notes Mesembryanthemum 3: 67 1937,,,,,,364171-1,wfo-0000401184,5554616,,
4,48ac4522-8fcc-11eb-924d-9cd76263cbd0,species,dubia,Rimaria,,N.E.Br.,Q721850,1926,,"Gard. Chron. III, 79: 155 1926",,,,,,364172-1,wfo-0000401185,5554614,,
5,c1cf25a0-8fd1-11eb-924d-9cd76263cbd0,species,heathii,Rimaria,,(N.E.Br.) N.E.Br.,Q721850,1926,,"Gard. Chron., ser. 3 79: 135 1926",,,,31d726dc-8fcc-11eb-924d-9cd76263cbd0,,364173-1,wfo-0001257526,5554612,,
6,48ad165a-8fcc-11eb-924d-9cd76263cbd0,species,luckhoffii,Rimaria,,(L.Bolus) L.Bolus,Q63764,1932,,Notes Mesembryanthemum 2: 368 1932,,,,,,,wfo-0000401187,5554610,,
7,48ab2818-8fcc-11eb-924d-9cd76263cbd0,species,microsperma,Rimaria,,N.E.Br.,Q721850,1927,,"Gard. Chron. III, 81: 85 1927",,,,,,364175-1,wfo-0000401180,5554608,,
8,48ad611e-8fcc-11eb-924d-9cd76263cbd0,species,pole-evansii,Rimaria,,N.E.Br.,Q721850,1926,,"Gard. Chron. III, 79: 156 1926",,,,,,364176-1,wfo-0000401189,5554606,,
9,48ad9116-8fcc-11eb-924d-9cd76263cbd0,species,primosii,Rimaria,,L.Bolus,Q63764,1933,,Notes Mesembryanthemum 2: 411 1933,,,,,,364177-1,wfo-0000401190,5554004,,
10,add740cc-8fcd-11eb-924d-9cd76263cbd0,species,roodiae,Rimaria,,N.E.Br.,Q721850,1926,,"Gard. Chron., ser. 3 79: 156 1926",,,,,,364178-1,wfo-0001038792,5554002,,
