,col0,col1,col2,col3,col4,col5,col6,col7,col8,col9,col10,col11,col12,col13,col14,col15,col16,col17,col18,col19
0,kew-2610291,A,Rousseaceae,,Abrophyllum,,microcarpum,,,(F.M.Bailey) Domin,Accepted,,M,WCSP (in review),742699,790192-1,Biblioth. Bot.,89: 151,,1925
1,kew-2610292,A,Rousseaceae,,Abrophyllum,,ornans,,,(F.Muell.) Hook.f.,Accepted,,M,WCSP (in review),742700,790193-1,Fl. Austral.,2: 437,,1864
2,kew-2701289,A,Rousseaceae,,Carpodetus,,amplus,,,Reeder,Accepted,,M,WCSP (in review),832703,790460-1,J. Arnold Arbor.,27: 275,,1946
3,kew-2701290,A,Rousseaceae,,Carpodetus,,arboreus,,,(Lauterb. & K.Schum.) Schltr.,Accepted,,M,WCSP (in review),832704,790461-1,Bot. Jahrb. Syst.,52: 136,,1914
4,kew-2701291,A,Rousseaceae,,Carpodetus,,archboldianus,,,Reeder,Accepted,,M,WCSP (in review),832705,790462-1,J. Arnold Arbor.,27: 276,,1946
5,kew-2701293,A,Rousseaceae,,Carpodetus,,denticulatus,,,(Ridl.) Reeder,Accepted,,M,WCSP (in review),832707,790464-1,J. Arnold Arbor.,27: 277,,1946
6,kew-2701294,A,Rousseaceae,,Carpodetus,,flexuosus,,,(Ridl.) Reeder,Accepted,,M,WCSP (in review),832708,790465-1,J. Arnold Arbor.,27: 278,,1946
7,kew-2701296,A,Rousseaceae,,Carpodetus,,fuscus,,,Reeder,Accepted,,M,WCSP (in review),832710,790467-1,J. Arnold Arbor.,27: 277,,1946
8,kew-2701297,A,Rousseaceae,,Carpodetus,,grandiflorus,,,Schltr.,Accepted,,M,WCSP (in review),832711,790468-1,Bot. Jahrb. Syst.,52: 138,,1914
9,kew-2701299,A,Rousseaceae,,Carpodetus,,major,,,Schltr.,Accepted,,M,WCSP (in review),832713,790470-1,Bot. Jahrb. Syst.,52: 137,,1914
10,kew-2701300,A,Rousseaceae,,Carpodetus,,montanus,,,(Ridl.) Reeder,Accepted,,M,WCSP (in review),832714,790471-1,J. Arnold Arbor.,27: 278,,1946
11,kew-2701301,A,Rousseaceae,,Carpodetus,,pullei,,,Schltr.,Accepted,,M,WCSP (in review),832715,790472-1,Bot. Jahrb. Syst.,52: 137,,1914
12,kew-2701302,A,Rousseaceae,,Carpodetus,,serratus,,,J.R.Forst. & G.Forst.,Accepted,,M,WCSP (in review),832716,337084-1,Char. Gen. Pl.,17,,1775
13,kew-2748963,A,Rousseaceae,,Cuttsia,,viburnea,,,F.Muell.,Accepted,,M,WCSP (in review),878920,790746-1,Fragm.,5: 47,,1865
14,kew-2527447,A,Rousseaceae,,Roussea,,simplex,,,Sm.,Unresolved,,L,WCSP (in review),663492,793128-1,Pl. Icon. Ined.,1: 6,,1789
